fin_year,stop_id,stop_name,stop_lat,stop_long,network,pax_annual,pax_weekday,pax_norm_weekday,pax_sch_hol_weekday,pax_saturday,pax_sunday,pax_pre_am_peak,pax_am_peak,pax_interpeak,pax_pm_peak,pax_pm_late,stop_name_clean,stop_name_suffix,is_border_nsw
FY19-20,19827,Stony Point,-38.37423454,145.2218375,metro,4350,50,50,50,50,50,50,50,50,50,50,Stony Point,,False
FY19-20,19828,Crib Point,-38.36612338,145.2040433,metro,10800,50,50,50,100,50,50,50,50,50,50,Crib Point,,False
FY19-20,19829,Morradoo,-38.35403334,145.1896025,metro,3400,50,50,50,50,50,50,50,50,50,50,Morradoo,,False
FY19-20,19830,Bittern,-38.33739032,145.1780265,metro,9400,50,50,50,50,50,50,50,50,50,50,Bittern,,False
FY19-20,19831,Hastings,-38.30565853,145.1859799,metro,14000,50,50,50,50,50,50,50,50,50,50,Hastings,,False
FY19-20,19832,Tyabb,-38.259815,145.1864007,metro,3700,50,50,50,50,50,50,50,50,50,50,Tyabb,,False
FY19-20,19833,Somerville,-38.22534196,145.1762449,metro,8950,50,50,50,50,50,50,50,50,50,50,Somerville,,False
FY19-20,19834,Baxter,-38.19404306,145.1605261,metro,2000,50,50,50,50,50,50,50,50,50,50,Baxter,,False
FY19-20,19835,Glen Iris,-37.85930842,145.0582249,metro,253400,850,900,700,400,250,50,450,150,250,50,Glen Iris,,False
FY19-20,19836,Leawarra,-38.152034,145.139534,metro,6750,50,50,50,50,50,50,50,50,50,50,Leawarra,,False
FY19-20,19837,Darling,-37.86895684,145.0629508,metro,267750,900,900,900,450,300,50,550,150,100,50,Darling,,False
FY19-20,19838,East Malvern,-37.87693002,145.069393,metro,400500,1350,1200,1800,650,450,100,800,200,150,50,East Malvern,,False
FY19-20,19839,Holmesglen,-37.87440222,145.090662,metro,439050,1450,1450,1450,800,600,100,600,350,350,50,Holmesglen,,False
FY19-20,19840,Jordanville,-37.87360339,145.1120902,metro,402000,1350,1350,1350,650,450,150,800,250,150,50,Jordanville,,False
FY19-20,19844,Belgrave,-37.9091021,145.3552913,metro,296550,950,950,900,650,450,150,350,200,200,50,Belgrave,,False
FY19-20,19845,Tecoma,-37.90811849,145.3429946,metro,59400,200,200,150,100,100,50,100,50,50,50,Tecoma,,False
FY19-20,19846,Upwey,-37.90369097,145.3313334,metro,120700,400,450,300,200,150,50,200,100,100,50,Upwey,,False
FY19-20,19847,Alamein,-37.86832039,145.0796557,metro,113450,400,400,350,150,100,50,250,50,50,50,Alamein,,False
FY19-20,19848,Ashburton,-37.86196753,145.0813438,metro,239200,850,850,700,300,200,100,550,150,100,50,Ashburton,,False
FY19-20,19849,Burwood,-37.85156328,145.0805111,metro,268750,950,1000,800,350,250,50,600,150,150,50,Burwood,,False
FY19-20,19850,Hartwell,-37.84398457,145.0755596,metro,165200,600,600,500,200,150,50,350,100,100,50,Hartwell,,False
FY19-20,19851,Willison,-37.83571565,145.0702976,metro,80300,300,300,250,100,50,50,200,50,50,50,Willison,,False
FY19-20,19852,Riversdale,-37.83150543,145.069646,metro,161750,600,650,400,100,50,50,350,100,200,50,Riversdale,,False
FY19-20,19853,Camberwell,-37.82656714,145.0586972,metro,1496350,4850,5050,4200,2650,2300,150,1600,1000,1950,350,Camberwell,,False
FY19-20,19855,Frankston,-38.14299007,145.1261623,metro,896100,2750,2850,2550,2200,1350,500,850,750,600,100,Frankston,,False
FY19-20,19856,Kananook,-38.12174203,145.1352953,metro,186150,650,650,500,300,200,150,300,150,100,50,Kananook,,False
FY19-20,19857,Seaford,-38.10402104,145.1282304,metro,317100,1050,1100,850,600,400,300,450,200,100,50,Seaford,,False
FY19-20,19858,Carrum,-38.07489292,145.1224183,metro,41600,150,150,100,100,50,50,50,50,50,50,Carrum,,False
FY19-20,19859,Bonbeach,-38.06294478,145.1196804,metro,220450,700,750,600,400,300,100,400,150,50,50,Bonbeach,,False
FY19-20,19860,Chelsea,-38.05195538,145.1160413,metro,352400,1150,1200,950,700,450,200,550,250,150,50,Chelsea,,False
FY19-20,19861,Edithvale,-38.03805602,145.1085355,metro,196750,650,650,550,400,250,100,350,150,100,50,Edithvale,,False
FY19-20,19862,Aspendale,-38.02722019,145.1021496,metro,156650,500,550,400,300,200,50,300,100,50,50,Aspendale,,False
FY19-20,19863,Mordialloc,-38.00658295,145.0876594,metro,550700,1750,1900,1300,1200,800,200,800,400,400,100,Mordialloc,,False
FY19-20,19864,Parkdale,-37.99307882,145.0763268,metro,299300,1000,1100,700,550,350,100,500,200,200,50,Parkdale,,False
FY19-20,19865,Mentone,-37.9818654,145.0651659,metro,528700,1800,2000,1200,800,500,150,800,400,600,50,Mentone,,False
FY19-20,19866,Cheltenham,-37.96664989,145.0545579,metro,454850,1550,1650,1150,700,450,150,850,250,350,50,Cheltenham,,False
FY19-20,19867,Upper Ferntree Gully,-37.8926717,145.3075302,metro,210850,700,700,600,400,300,150,350,100,100,50,Upper Ferntree Gully,,False
FY19-20,19868,Ferntree Gully,-37.88169799,145.2952513,metro,375900,1300,1350,1150,550,350,250,750,200,150,50,Ferntree Gully,,False
FY19-20,19869,Boronia,-37.8604518,145.2843851,metro,539350,1800,1900,1550,850,600,300,1000,350,200,50,Boronia,,False
FY19-20,19870,Bayswater,-37.84173004,145.2681364,metro,417400,1400,1450,1250,650,400,250,750,250,200,50,Bayswater,,False
FY19-20,19871,Heathmont,-37.82832227,145.2445554,metro,214600,750,800,600,300,200,100,450,100,100,50,Heathmont,,False
FY19-20,19872,Highett,-37.948425,145.0418718,metro,328050,1050,1150,800,650,400,100,550,250,200,50,Highett,,False
FY19-20,19873,Glen Waverley,-37.87950407,145.1620575,metro,1305600,4250,4300,4200,2600,1700,400,2100,850,700,200,Glen Waverley,,False
FY19-20,19874,Syndal,-37.87622963,145.1497805,metro,708350,2450,2450,2400,1050,750,400,1250,350,350,50,Syndal,,False
FY19-20,19875,Mount Waverley,-37.87525526,145.1280557,metro,662850,2200,2300,2050,1100,800,200,1100,400,450,50,Mount Waverley,,False
FY19-20,19876,Lilydale,-37.75551777,145.3477102,metro,556700,1800,1850,1550,1150,800,300,750,400,350,50,Lilydale,,False
FY19-20,19877,Mooroolbark,-37.78474883,145.3124024,metro,568300,1950,2000,1600,900,600,400,1050,300,200,50,Mooroolbark,,False
FY19-20,19878,Croydon,-37.79543697,145.2805978,metro,726050,2450,2550,2100,1200,750,450,1200,450,350,50,Croydon,,False
FY19-20,19879,Ringwood East,-37.81196804,145.2501909,metro,369900,1300,1400,1050,450,300,200,800,200,200,50,Ringwood East,,False
FY19-20,19880,Pakenham,-38.08061397,145.4863791,metro,465800,1500,1650,1050,900,650,350,600,350,250,50,Pakenham,,False
FY19-20,19881,Officer,-38.06614572,145.4109872,metro,132100,500,550,300,100,100,150,250,100,100,50,Officer,,False
FY19-20,19882,Beaconsfield,-38.05083135,145.3660737,metro,234200,850,950,450,200,150,250,400,100,150,50,Beaconsfield,,False
FY19-20,19883,Berwick,-38.04040829,145.3457261,metro,754550,2650,3000,1550,900,600,700,1200,550,500,50,Berwick,,False
FY19-20,19884,Narre Warren,-38.02780932,145.3039694,metro,587550,2000,2150,1350,950,650,500,900,450,250,50,Narre Warren,,False
FY19-20,19885,Hallam,-38.01774038,145.2697768,metro,463500,1600,1750,1100,600,400,400,750,300,250,50,Hallam,,False
FY19-20,19886,Cranbourne,-38.09953731,145.280599,metro,773050,2600,2900,1650,1200,900,750,1200,600,250,50,Cranbourne,,False
FY19-20,19887,Merinda Park,-38.07900048,145.2635114,metro,301600,1050,1200,650,350,250,300,650,200,100,50,Merinda Park,,False
FY19-20,19888,Dandenong,-37.98996792,145.2097254,metro,1819050,6050,6350,5050,3150,2300,450,1550,1650,2250,400,Dandenong,,False
FY19-20,19889,Yarraman,-37.97825454,145.1916003,metro,283350,950,1000,700,450,350,150,450,250,150,50,Yarraman,,False
FY19-20,19890,Noble Park,-37.96723193,145.1769357,metro,868350,2850,3100,2100,1550,1100,350,1150,800,650,150,Noble Park,,False
FY19-20,19891,Sandown Park,-37.95650457,145.1628259,metro,443950,1550,1700,1000,600,450,200,1050,300,150,50,Sandown Park,,False
FY19-20,19892,East Camberwell,-37.82589419,145.0681902,metro,201450,700,800,400,250,150,50,300,150,300,50,East Camberwell,,False
FY19-20,19893,Canterbury,-37.82448518,145.0812242,metro,284700,950,1000,750,450,350,50,500,200,250,50,Canterbury,,False
FY19-20,19894,Chatham,-37.82429952,145.0886479,metro,196950,700,700,550,300,200,50,400,150,100,50,Chatham,,False
FY19-20,19895,Surrey Hills,-37.82414805,145.0987747,metro,568250,1900,2000,1600,950,650,200,1200,300,300,50,Surrey Hills,,False
FY19-20,19896,Mont Albert,-37.81942655,145.1055304,metro,200300,650,700,550,350,250,50,400,150,100,50,Mont Albert,,False
FY19-20,19897,Laburnum,-37.82078023,145.1407027,metro,340950,1150,1200,850,600,400,100,600,250,250,50,Laburnum,,False
FY19-20,19898,Blackburn,-37.82007075,145.1500135,metro,1185100,3950,4150,3250,2050,1500,300,2100,800,800,150,Blackburn,,False
FY19-20,19899,Nunawading,-37.82060317,145.1748917,metro,888900,2950,3050,2550,1500,1150,250,1550,600,550,100,Nunawading,,False
FY19-20,19900,Mitcham,-37.81800987,145.1919735,metro,945050,3250,3400,2750,1450,900,450,1800,550,500,100,Mitcham,,False
FY19-20,19901,Heatherdale,-37.81889537,145.2127872,metro,471200,1650,1750,1400,600,400,300,1000,250,200,50,Heatherdale,,False
FY19-20,19902,Ringwood,-37.81588648,145.2289685,metro,1475200,4650,4750,4200,3300,2350,400,1600,1150,1300,300,Ringwood,,False
FY19-20,19903,Auburn,-37.82239831,145.0458437,metro,584350,1950,2050,1600,1050,750,100,950,400,500,100,Auburn,,False
FY19-20,19904,Glenferrie,-37.82146682,145.0364388,metro,1949900,6850,7450,4900,2450,1650,150,1300,1900,3450,700,Glenferrie,,False
FY19-20,19905,Hawthorn,-37.82182601,145.0228987,metro,553450,1900,2050,1550,750,550,100,800,400,700,50,Hawthorn,,False
FY19-20,19906,Burnley,-37.82756022,145.0075551,metro,633700,2150,2200,1950,1200,650,100,850,350,750,150,Burnley,,False
FY19-20,19907,East Richmond,-37.82639995,144.9970657,metro,506300,1850,1950,1600,450,250,50,300,250,1200,150,East Richmond,,False
FY19-20,19909,Heyington,-37.83467244,145.0226353,metro,163100,600,700,250,150,100,50,200,100,350,50,Heyington,,False
FY19-20,19910,Kooyong,-37.83992894,145.0335516,metro,263150,900,950,850,350,250,50,300,250,300,50,Kooyong,,False
FY19-20,19911,Tooronga,-37.84936553,145.0417337,metro,456150,1600,1650,1450,600,400,100,650,250,600,50,Tooronga,,False
FY19-20,19912,Gardiner,-37.85327908,145.0516547,metro,389800,1300,1300,1200,750,500,100,700,250,250,50,Gardiner,,False
FY19-20,19913,Springvale,-37.94950878,145.1534518,metro,1295050,4000,4300,3100,3000,2150,350,1300,1250,1150,250,Springvale,,False
FY19-20,19914,Westall,-37.93849121,145.1388326,metro,676550,1950,2100,1600,2000,1400,200,800,450,500,100,Westall,,False
FY19-20,19915,Clayton,-37.92468255,145.1205344,metro,1388700,4450,4850,3250,2800,1950,300,1500,1300,1350,400,Clayton,,False
FY19-20,19916,Huntingdale,-37.91101734,145.1023643,metro,1151750,4100,4650,2250,1150,850,250,1400,1000,1700,300,Huntingdale,,False
FY19-20,19917,Oakleigh,-37.90037214,145.0883079,metro,1215300,3950,4400,2600,2300,1600,300,1350,1050,1400,350,Oakleigh,,False
FY19-20,19918,Hughesdale,-37.89488129,145.0776351,metro,501050,1650,1850,1000,850,600,150,850,400,350,100,Hughesdale,,False
FY19-20,19919,Murrumbeena,-37.89019832,145.0673749,metro,625600,2100,2350,1250,1000,700,200,1300,500,300,50,Murrumbeena,,False
FY19-20,19920,Carnegie,-37.88624148,145.0585751,metro,833000,2750,3050,1700,1500,1100,200,1400,700,500,200,Carnegie,,False
FY19-20,19921,Werribee,-37.89937805,144.661118,metro,1061600,3650,3750,3300,1500,1050,750,1700,750,450,50,Werribee,,False
FY19-20,19922,Hoppers Crossing,-37.88327618,144.7009549,metro,1079900,3750,3950,3200,1400,950,700,1850,750,600,100,Hoppers Crossing,,False
FY19-20,19923,Laverton,-37.86369404,144.7726167,metro,944750,3250,3350,2900,1300,950,450,1800,650,400,50,Laverton,,False
FY19-20,19924,Aircraft,-37.86660595,144.7608094,metro,248950,850,850,750,400,300,150,400,150,100,50,Aircraft,,False
FY19-20,19925,Westona,-37.86516348,144.8134936,metro,212000,750,800,550,300,200,100,300,150,200,50,Westona,,False
FY19-20,19926,Altona,-37.8671476,144.8296447,metro,261900,850,850,750,550,400,100,350,200,150,50,Altona,,False
FY19-20,19927,Seaholme,-37.86784231,144.8409577,metro,89300,300,300,250,150,150,50,150,50,50,50,Seaholme,,False
FY19-20,19928,Westgarth,-37.7806207,144.9992332,metro,227000,750,750,600,450,300,50,400,150,100,50,Westgarth,,False
FY19-20,19929,Dennis,-37.77918729,145.0082416,metro,305550,1050,1100,850,500,350,50,700,200,150,50,Dennis,,False
FY19-20,19930,Fairfield,-37.77917126,145.0169053,metro,509000,1650,1700,1450,1000,700,150,900,350,250,100,Fairfield,,False
FY19-20,19931,Alphington,-37.77839363,145.0312549,metro,239400,800,850,650,400,300,50,450,150,150,50,Alphington,,False
FY19-20,19932,Darebin,-37.77496341,145.038476,metro,118850,400,450,300,200,150,50,200,100,100,50,Darebin,,False
FY19-20,19933,Ivanhoe,-37.76889674,145.0454252,metro,604100,2050,2150,1650,1050,700,200,1100,350,450,50,Ivanhoe,,False
FY19-20,19934,Eaglemont,-37.76358553,145.0539427,metro,128000,450,450,350,250,150,50,250,100,50,50,Eaglemont,,False
FY19-20,19935,Heidelberg,-37.75707293,145.0606855,metro,647000,2200,2350,1750,950,750,150,700,500,900,100,Heidelberg,,False
FY19-20,19936,Rosanna,-37.7428786,145.0661403,metro,552500,1850,1950,1600,900,650,300,1100,300,200,50,Rosanna,,False
FY19-20,19937,Moorabbin,-37.93435329,145.0367383,metro,671250,2050,2250,1450,1600,1250,150,800,550,600,150,Moorabbin,,False
FY19-20,19938,Patterson,-37.92514919,145.03547,metro,249700,850,1000,450,350,250,100,500,150,200,50,Patterson,,False
FY19-20,19939,Bentleigh,-37.91742457,145.0369951,metro,515100,1650,1800,1100,1050,700,150,800,450,350,100,Bentleigh,,False
FY19-20,19940,Mckinnon,-37.91030903,145.038299,metro,324500,1100,1200,650,550,400,100,600,250,200,50,Mckinnon,,False
FY19-20,19941,Ormond,-37.90321167,145.0396134,metro,528350,1750,1950,1100,950,650,150,900,450,400,50,Ormond,,False
FY19-20,19942,Glenhuntly,-37.88971946,145.0422229,metro,660200,2150,2350,1400,1300,900,150,1100,550,450,100,Glenhuntly,,False
FY19-20,19943,Caulfield,-37.87745946,145.0425248,metro,2853200,9050,9100,8850,6450,4250,250,2050,2300,3200,1250,Caulfield,,False
FY19-20,19944,Malvern,-37.8662533,145.0292939,metro,586650,1900,2200,950,1100,750,100,850,450,700,150,Malvern,,False
FY19-20,19945,Armadale,-37.85645238,145.0193255,metro,414400,1350,1600,650,750,500,50,700,350,450,50,Armadale,,False
FY19-20,19946,Toorak,-37.85077381,145.0139086,metro,370450,1250,1450,500,650,450,50,650,300,400,50,Toorak,,False
FY19-20,19947,Hawksburn,-37.84459087,145.0021421,metro,369550,1200,1350,600,750,500,100,650,300,300,50,Hawksburn,,False
FY19-20,19948,Sandringham,-37.95033018,145.0045614,metro,813600,2600,2500,2850,1700,1250,250,1300,450,400,100,Sandringham,,False
FY19-20,19949,Hampton,-37.93797681,145.0014706,metro,501150,1650,1650,1650,950,650,150,850,300,250,50,Hampton,,False
FY19-20,19950,Brighton Beach,-37.92648432,144.9891536,metro,345550,1100,1050,1300,700,550,100,500,200,200,50,Brighton Beach,,False
FY19-20,19951,Middle Brighton,-37.91513441,144.9962991,metro,567700,1750,1800,1700,1250,950,100,700,400,450,100,Middle Brighton,,False
FY19-20,19952,North Brighton,-37.90488721,145.002605,metro,554050,1850,1850,1750,1050,700,100,900,400,350,100,North Brighton,,False
FY19-20,19953,Gardenvale,-37.89669508,145.0041684,metro,421550,1400,1400,1450,750,500,100,700,250,300,50,Gardenvale,,False
FY19-20,19954,Elsternwick,-37.88475311,145.0008979,metro,797150,2600,2650,2550,1500,1000,150,1300,550,500,150,Elsternwick,,False
FY19-20,19955,Ripponlea,-37.87590643,144.9952366,metro,531200,1800,1850,1500,900,600,100,1000,350,300,50,Ripponlea,,False
FY19-20,19956,Balaclava,-37.86948773,144.9935121,metro,923000,3050,3150,2700,1650,1200,200,1500,650,650,150,Balaclava,,False
FY19-20,19957,Windsor,-37.85605308,144.9920352,metro,714100,2400,2550,1850,1250,800,100,1050,450,750,200,Windsor,,False
FY19-20,19958,Prahran,-37.84951848,144.9898599,metro,951300,3200,3350,2600,1600,1050,100,950,650,1400,250,Prahran,,False
FY19-20,19959,South Yarra,-37.83844935,144.9923422,metro,3151600,10650,11650,7250,5250,3450,350,3350,2600,4450,950,South Yarra,,False
FY19-20,19960,Upfield,-37.66607779,144.9467399,metro,284700,950,1000,850,500,350,100,300,250,300,50,Upfield,,False
FY19-20,19961,Gowrie,-37.700678,144.9588743,metro,258500,850,850,750,500,350,100,400,200,150,50,Gowrie,,False
FY19-20,19962,Fawkner,-37.71462129,144.960545,metro,165300,550,550,500,300,250,100,250,100,100,50,Fawkner,,False
FY19-20,19963,Merlynston,-37.72093389,144.9613135,metro,296300,1000,1000,900,500,350,150,550,200,100,50,Merlynston,,False
FY19-20,19964,Batman,-37.73352285,144.9628406,metro,257000,850,900,750,450,350,100,450,150,150,50,Batman,,False
FY19-20,19965,Coburg,-37.74234502,144.9633363,metro,508700,1650,1700,1550,950,650,150,700,450,300,50,Coburg,,False
FY19-20,19966,Moreland,-37.75448484,144.961823,metro,272400,900,900,800,500,350,50,400,200,200,50,Moreland,,False
FY19-20,19967,Anstey,-37.76124203,144.960684,metro,357050,1150,1200,1050,700,500,100,600,250,200,50,Anstey,,False
FY19-20,19968,Brunswick,-37.76772055,144.9595865,metro,304300,950,1000,850,650,450,50,350,250,300,100,Brunswick,,True
FY19-20,19969,Jewell,-37.77498702,144.9587169,metro,315750,1000,1050,850,600,450,50,350,250,350,100,Jewell,,False
FY19-20,19970,Royal Park,-37.78119293,144.9523013,metro,269450,850,850,900,550,450,50,150,250,400,50,Royal Park,,False
FY19-20,19971,Flemington Bridge,-37.78813995,144.9393233,metro,225150,750,750,650,450,300,50,250,250,200,50,Flemington Bridge,,False
FY19-20,19972,Macaulay,-37.79426673,144.9361663,metro,249450,850,900,700,400,250,50,150,200,400,50,Macaulay,,False
FY19-20,19974,Clifton Hill,-37.78865745,144.9954167,metro,709000,2250,2350,1950,1600,1100,100,1000,500,500,150,Clifton Hill,,False
FY19-20,19975,Victoria Park,-37.79915782,144.9944514,metro,612450,2000,2100,1750,1100,850,50,700,400,800,150,Victoria Park,,False
FY19-20,19976,Collingwood,-37.80452593,144.9937497,metro,460950,1550,1650,1250,800,550,50,350,300,850,100,Collingwood,,False
FY19-20,19977,North Richmond,-37.81039836,144.9925003,metro,738350,2400,2450,2100,1400,1100,50,500,550,1150,200,North Richmond,,False
FY19-20,19978,West Richmond,-37.81494896,144.9914228,metro,436500,1450,1500,1250,800,550,50,350,350,650,150,West Richmond,,False
FY19-20,19983,Macleod,-37.7260123,145.0691433,metro,469500,1600,1700,1300,750,550,200,850,300,300,50,Macleod,,False
FY19-20,19984,Watsonia,-37.71095798,145.0837934,metro,577000,1950,2050,1600,1000,650,400,1100,250,200,50,Watsonia,,False
FY19-20,19985,Greensborough,-37.70395408,145.1082474,metro,588050,1900,2000,1650,1200,800,350,950,350,300,50,Greensborough,,False
FY19-20,19986,Montmorency,-37.71529624,145.1215157,metro,254100,850,900,700,400,250,150,550,100,100,50,Montmorency,,False
FY19-20,19987,Eltham,-37.71354967,145.147822,metro,461400,1550,1650,1250,750,550,300,800,250,250,50,Eltham,,False
FY19-20,19988,Diamond Creek,-37.67329744,145.1585062,metro,151700,500,550,400,300,200,100,300,100,50,50,Diamond Creek,,False
FY19-20,19989,Wattle Glen,-37.66396792,145.1816145,metro,35850,100,150,100,50,50,50,100,50,50,50,Wattle Glen,,False
FY19-20,19990,Hurstbridge,-37.63939817,145.1920169,metro,98200,300,350,250,200,150,50,200,50,50,50,Hurstbridge,,False
FY19-20,19991,Williamstown,-37.86775292,144.9053233,metro,132850,400,450,400,250,250,50,200,100,100,50,Williamstown,,False
FY19-20,19992,Williamstown Beach,-37.86398189,144.8944837,metro,162050,550,550,450,250,200,50,250,150,150,50,Williamstown Beach,,False
FY19-20,19993,North Williamstown,-37.85733348,144.8890695,metro,289450,1000,1050,850,400,250,100,550,200,200,50,North Williamstown,,False
FY19-20,19994,Newport,-37.84271757,144.8835999,metro,1037400,3450,3600,3000,1950,1150,300,1900,650,550,150,Newport,,False
FY19-20,19995,Spotswood,-37.83063888,144.8859335,metro,273300,900,900,850,500,350,50,400,200,200,50,Spotswood,,False
FY19-20,19996,Yarraville,-37.81585044,144.8899337,metro,785800,2600,2650,2300,1450,1050,200,1400,500,400,150,Yarraville,,False
FY19-20,19997,Seddon,-37.80900514,144.8956716,metro,379400,1300,1350,1150,600,400,100,750,250,150,50,Seddon,,False
FY19-20,15351,Sunbury,-37.57909097,144.7273188,metro,628800,2050,2100,1750,1350,800,550,750,400,300,100,Sunbury,,False
FY19-20,15353,Diggers Rest,-37.62701651,144.7199224,metro,185050,650,700,550,200,150,150,400,100,50,50,Diggers Rest,,False
FY19-20,20000,Watergardens,-37.70112872,144.7741805,metro,1300950,4350,4550,3650,2250,1500,800,2200,900,500,100,Watergardens,,False
FY19-20,20001,Keilor Plains,-37.72927934,144.7937381,metro,632200,2100,2200,1800,1050,750,400,1150,400,150,50,Keilor Plains,,False
FY19-20,20002,St Albans,-37.74486131,144.8000505,metro,963000,3100,3300,2550,1900,1300,300,1300,1000,550,100,St Albans,,False
FY19-20,20003,Ginifer,-37.75751083,144.8095734,metro,659350,2150,2250,1800,1250,900,250,1000,550,350,50,Ginifer,,False
FY19-20,20004,Albion,-37.77765281,144.8247036,metro,537450,1800,1900,1450,850,600,250,1050,350,200,50,Albion,,False
FY19-20,20005,Epping,-37.65238715,145.0301217,metro,690350,2350,2450,1950,1100,750,350,950,550,500,100,Epping,,False
FY19-20,20006,Lalor,-37.66585075,145.0171932,metro,477500,1650,1700,1500,700,450,300,850,300,150,50,Lalor,,False
FY19-20,20007,Thomastown,-37.68033809,145.0142789,metro,600300,2000,2050,1850,1050,700,300,900,500,300,50,Thomastown,,False
FY19-20,20008,Keon Park,-37.69487012,145.0118838,metro,313250,1000,1050,950,600,400,150,350,250,250,50,Keon Park,,False
FY19-20,20009,Ruthven,-37.70789754,145.0095166,metro,334100,1100,1150,1000,550,400,150,650,200,100,50,Ruthven,,False
FY19-20,20010,Reservoir,-37.71688492,145.0069958,metro,517550,1700,1750,1600,900,650,200,650,450,400,50,Reservoir,,False
FY19-20,20011,Regent,-37.72840277,145.0027726,metro,399650,1350,1400,1200,600,400,200,800,250,150,50,Regent,,False
FY19-20,20012,Preston,-37.73867424,145.000522,metro,648650,2050,2150,1850,1400,900,150,750,600,550,100,Preston,,False
FY19-20,20013,Bell,-37.74556212,145.000155,metro,444100,1400,1450,1200,1000,750,100,600,300,350,100,Bell,,False
FY19-20,20014,Thornbury,-37.75505179,144.9985715,metro,544200,1700,1800,1250,1350,900,150,1000,350,250,50,Thornbury,,False
FY19-20,20015,Croxton,-37.764101,144.9970562,metro,281250,900,950,800,550,400,50,550,150,100,50,Croxton,,False
FY19-20,20016,Northcote,-37.76986537,144.9952772,metro,308200,1000,1050,850,600,400,50,450,200,300,50,Northcote,,False
FY19-20,20017,Merri,-37.77784668,144.9929725,metro,153450,500,550,400,300,200,50,250,100,150,50,Merri,,False
FY19-20,20019,Rushall,-37.78321711,144.9924071,metro,124600,400,450,300,250,200,50,200,100,100,50,Rushall,,False
FY19-20,20021,Sunshine,-37.78853633,144.8328782,metro,1753250,5700,5850,5300,3300,2400,500,2000,1500,1550,300,Sunshine,,False
FY19-20,20022,Tottenham,-37.7992509,144.8629449,metro,442450,1450,1550,1250,750,550,150,750,350,250,50,Tottenham,,False
FY19-20,20023,West Footscray,-37.8018087,144.8853248,metro,515950,1700,1800,1400,900,600,150,1000,350,250,50,West Footscray,,False
FY19-20,20024,Middle Footscray,-37.8025047,144.8914721,metro,191600,600,650,500,400,250,50,350,150,100,50,Middle Footscray,,False
FY19-20,20025,Footscray,-37.80108298,144.9031992,metro,4038750,13350,14050,11100,7550,4800,600,4100,3800,4650,900,Footscray,,False
FY19-20,20026,South Kensington,-37.79953087,144.925469,metro,304750,1050,1050,900,500,350,50,500,250,200,50,South Kensington,,False
FY19-20,20027,Flemington Racecourse,-37.78720192,144.9075887,metro,154650,100,150,50,1700,150,50,50,50,50,50,Flemington Racecourse,,False
FY19-20,20028,Showgrounds,-37.7835,144.915,metro,143150,300,100,950,500,650,50,50,50,50,50,Showgrounds,,False
FY19-20,20030,Broadmeadows,-37.68304926,144.9196132,metro,810850,2600,2750,2250,1600,1200,200,700,850,850,150,Broadmeadows,,False
FY19-20,20031,Jacana,-37.69513079,144.9158505,metro,221650,700,700,650,450,400,100,350,200,100,50,Jacana,,False
FY19-20,20032,Glenroy,-37.70453633,144.9172204,metro,1037400,3350,3450,3050,2000,1500,400,1550,850,550,100,Glenroy,,False
FY19-20,20033,Oak Park,-37.71794973,144.9215188,metro,479050,1600,1650,1400,850,650,200,900,300,200,50,Oak Park,,False
FY19-20,20034,Pascoe Vale,-37.73075596,144.9281956,metro,545050,1800,1850,1600,950,650,200,1050,350,200,50,Pascoe Vale,,False
FY19-20,20035,Strathmore,-37.74359132,144.9273157,metro,318600,1100,1150,900,450,300,100,650,200,150,50,Strathmore,,False
FY19-20,20036,Glenbervie,-37.74720985,144.9209387,metro,301950,1050,1050,900,450,300,100,650,150,100,50,Glenbervie,,False
FY19-20,20037,Essendon,-37.7560117,144.9161975,metro,1298700,4300,4500,3700,2350,1550,500,2300,750,850,150,Essendon,,False
FY19-20,20038,Moonee Ponds,-37.76570666,144.9191607,metro,776300,2550,2650,2250,1500,1000,150,1150,600,600,150,Moonee Ponds,,False
FY19-20,20039,Ascot Vale,-37.77530609,144.9218207,metro,488800,1650,1700,1400,850,600,150,1000,300,200,50,Ascot Vale,,False
FY19-20,20040,Newmarket,-37.78732767,144.9289785,metro,675600,2200,2300,1900,1300,900,150,1100,500,450,100,Newmarket,,False
FY19-20,20041,Kensington,-37.79378022,144.9305244,metro,424600,1350,1400,1200,900,600,100,650,300,300,50,Kensington,,False
FY19-20,20042,Box Hill,-37.81922165,145.1214289,metro,2775200,9050,9400,7750,5500,3700,500,2950,2450,2950,550,Box Hill,,False
FY19-20,40220,Roxburgh Park,-37.63823121,144.9354037,metro,488650,1650,1700,1450,800,550,300,750,350,250,50,Roxburgh Park,,False
FY19-20,40221,Craigieburn,-37.6018169,144.9433203,metro,1126250,3700,3850,3150,2050,1450,700,1900,750,400,100,Craigieburn,,False
FY19-20,44817,Coolaroo,-37.66100253,144.9260556,metro,274750,950,1000,850,350,250,100,600,150,100,50,Coolaroo,,False
FY19-20,45793,Lynbrook,-38.05734118,145.2492751,metro,352250,1250,1400,750,450,300,250,750,250,100,50,Lynbrook,,False
FY19-20,45794,Cardinia Road,-38.07129047,145.437791,metro,355850,1250,1350,800,500,350,350,600,250,100,50,Cardinia Road,,False
FY19-20,45795,South Morang,-37.6491588,145.0670324,metro,554250,1850,1900,1700,950,600,300,850,350,300,100,South Morang,,False
FY19-20,46468,Williams Landing,-37.86986533,144.7474447,metro,1419700,5100,5250,4450,1600,950,800,3050,900,400,100,Williams Landing,,False
FY19-20,52095,Southland,-37.958758,145.049124,metro,441650,1300,1300,1300,1150,900,100,300,400,450,100,Southland,,False
FY19-20,52159,Middle Gorge,-37.644062,145.09214,metro,184700,650,700,500,200,150,100,350,100,150,50,Middle Gorge,,False
FY19-20,52160,Hawkstowe,-37.622992,145.097396,metro,181900,650,650,550,250,150,150,400,100,50,50,Hawkstowe,,False
FY19-20,52161,Mernda,-37.602549,145.100883,metro,527250,1800,1850,1600,800,500,500,900,250,150,50,Mernda,,False
FY19-20,19841,Flagstaff,-37.81198131,144.9556538,metro,3883350,14600,15350,12100,2200,1600,100,650,2250,10950,1400,Flagstaff,,False
FY19-20,19842,Melbourne Central,-37.80993877,144.9625935,metro,10865600,36300,38250,29850,17100,13850,200,1300,7850,21750,7150,Melbourne Central,,False
FY19-20,19843,Parliament,-37.81105406,144.9729109,metro,7646300,28300,29950,22850,5550,3800,150,750,4150,21750,3200,Parliament,,False
FY19-20,19854,Flinders Street,-37.81830513,144.9669643,metro,21503500,70500,72650,63400,39400,28950,1300,3950,13250,42400,11750,Flinders Street,,False
FY19-20,19908,Richmond,-37.82407446,144.9901643,metro,2965500,8600,8800,7900,8450,6150,200,1250,1350,4150,1900,Richmond,,False
FY19-20,19973,North Melbourne,-37.80630984,144.9415102,metro,1183050,3800,3950,3300,2350,1900,100,600,850,2000,350,North Melbourne,,False
FY19-20,19979,Jolimont,-37.81652702,144.9840983,metro,787850,2000,2000,2000,2700,2300,50,200,350,1000,450,Jolimont,,False
FY19-20,22180,Southern Cross,-37.81793643,144.9514112,metro,14895400,52450,54750,44700,17550,13150,500,2650,8500,37550,5550,Southern Cross,,False
FY20-21,19827,Stony Point,-38.37423454,145.2218375,metro,3900,50,50,50,50,50,50,50,50,50,50,Stony Point,,False
FY20-21,19828,Crib Point,-38.36612338,145.2040433,metro,8450,50,50,50,50,50,50,50,50,50,50,Crib Point,,False
FY20-21,19829,Morradoo,-38.35403334,145.1896025,metro,2200,50,50,50,50,50,50,50,50,50,50,Morradoo,,False
FY20-21,19830,Bittern,-38.33739032,145.1780265,metro,5350,50,50,50,50,50,50,50,50,50,50,Bittern,,False
FY20-21,19831,Hastings,-38.30565853,145.1859799,metro,10500,50,50,50,50,50,50,50,50,50,50,Hastings,,False
FY20-21,19832,Tyabb,-38.259815,145.1864007,metro,2700,50,50,50,50,50,50,50,50,50,50,Tyabb,,False
FY20-21,19833,Somerville,-38.22534196,145.1762449,metro,4950,50,50,50,50,50,50,50,50,50,50,Somerville,,False
FY20-21,19834,Baxter,-38.19404306,145.1605261,metro,1850,50,50,50,50,50,50,50,50,50,50,Baxter,,False
FY20-21,19835,Glen Iris,-37.85930842,145.0582249,metro,118200,400,400,300,250,150,50,150,100,150,50,Glen Iris,,False
FY20-21,19836,Leawarra,-38.152034,145.139534,metro,4250,50,50,50,50,50,50,50,50,50,50,Leawarra,,False
FY20-21,19837,Darling,-37.86895684,145.0629508,metro,120400,350,350,250,400,250,50,200,100,50,50,Darling,,False
FY20-21,19838,East Malvern,-37.87693002,145.069393,metro,127600,400,400,350,300,200,50,200,100,100,50,East Malvern,,False
FY20-21,19839,Holmesglen,-37.87440222,145.090662,metro,187800,550,600,500,450,300,50,200,200,150,50,Holmesglen,,False
FY20-21,19840,Jordanville,-37.87360339,145.1120902,metro,157850,500,500,450,350,250,50,250,100,100,50,Jordanville,,False
FY20-21,19844,Belgrave,-37.9091021,145.3552913,metro,143400,450,450,400,350,250,50,150,100,100,50,Belgrave,,False
FY20-21,19845,Tecoma,-37.90811849,145.3429946,metro,30300,100,100,100,50,50,50,50,50,50,50,Tecoma,,False
FY20-21,19846,Upwey,-37.90369097,145.3313334,metro,61700,200,200,150,150,100,50,50,50,50,50,Upwey,,False
FY20-21,19847,Alamein,-37.86832039,145.0796557,metro,46350,150,150,150,100,50,50,100,50,50,50,Alamein,,False
FY20-21,19848,Ashburton,-37.86196753,145.0813438,metro,100200,350,350,300,150,100,50,150,100,50,50,Ashburton,,False
FY20-21,19849,Burwood,-37.85156328,145.0805111,metro,106400,350,350,300,150,100,50,200,100,50,50,Burwood,,False
FY20-21,19850,Hartwell,-37.84398457,145.0755596,metro,66400,200,250,200,100,100,50,100,50,50,50,Hartwell,,False
FY20-21,19851,Willison,-37.83571565,145.0702976,metro,32400,100,100,100,50,50,50,50,50,50,50,Willison,,False
FY20-21,19852,Riversdale,-37.83150543,145.069646,metro,73250,250,300,150,50,50,50,100,50,150,50,Riversdale,,False
FY20-21,19853,Camberwell,-37.82656714,145.0586972,metro,641150,2000,2000,1900,1350,1150,50,500,500,850,150,Camberwell,,False
FY20-21,19855,Frankston,-38.14299007,145.1261623,metro,576400,1700,1650,1900,1500,1050,200,400,500,400,100,Frankston,,False
FY20-21,19856,Kananook,-38.12174203,145.1352953,metro,92700,300,300,300,200,150,50,100,100,50,50,Kananook,,False
FY20-21,19857,Seaford,-38.10402104,145.1282304,metro,154500,450,450,500,350,250,100,150,100,50,50,Seaford,,False
FY20-21,19858,Carrum,-38.07489292,145.1224183,metro,157950,500,500,450,400,250,50,200,100,50,50,Carrum,,False
FY20-21,19859,Bonbeach,-38.06294478,145.1196804,metro,71450,200,200,200,150,100,50,100,50,50,50,Bonbeach,,False
FY20-21,19860,Chelsea,-38.05195538,145.1160413,metro,186300,550,550,550,450,300,50,200,150,100,50,Chelsea,,False
FY20-21,19861,Edithvale,-38.03805602,145.1085355,metro,104700,300,300,300,250,150,50,150,100,50,50,Edithvale,,False
FY20-21,19862,Aspendale,-38.02722019,145.1021496,metro,84050,250,250,250,200,100,50,100,50,50,50,Aspendale,,False
FY20-21,19863,Mordialloc,-38.00658295,145.0876594,metro,339550,1050,1100,900,800,500,100,350,250,300,50,Mordialloc,,False
FY20-21,19864,Parkdale,-37.99307882,145.0763268,metro,161900,500,500,400,400,250,50,150,150,150,50,Parkdale,,False
FY20-21,19865,Mentone,-37.9818654,145.0651659,metro,362550,1200,1300,800,650,400,50,250,300,650,50,Mentone,,False
FY20-21,19867,Upper Ferntree Gully,-37.8926717,145.3075302,metro,95700,300,300,300,200,150,50,100,50,50,50,Upper Ferntree Gully,,False
FY20-21,19868,Ferntree Gully,-37.88169799,145.2952513,metro,162600,550,550,450,300,200,100,250,100,100,50,Ferntree Gully,,False
FY20-21,19869,Boronia,-37.8604518,145.2843851,metro,243500,800,800,750,450,350,100,350,200,150,50,Boronia,,False
FY20-21,19870,Bayswater,-37.84173004,145.2681364,metro,213500,700,700,650,400,300,50,250,150,150,50,Bayswater,,False
FY20-21,19871,Heathmont,-37.82832227,145.2445554,metro,96050,300,350,250,150,100,50,150,50,100,50,Heathmont,,False
FY20-21,19872,Highett,-37.948425,145.0418718,metro,194000,600,600,550,450,300,50,250,150,150,50,Highett,,False
FY20-21,19873,Glen Waverley,-37.87950407,145.1620575,metro,530400,1600,1600,1500,1350,950,100,600,400,350,100,Glen Waverley,,False
FY20-21,19874,Syndal,-37.87622963,145.1497805,metro,261400,850,850,750,550,350,100,400,200,200,50,Syndal,,False
FY20-21,19875,Mount Waverley,-37.87525526,145.1280557,metro,280350,900,900,750,600,400,50,300,200,300,50,Mount Waverley,,False
FY20-21,19876,Lilydale,-37.75551777,145.3477102,metro,244300,750,750,750,500,350,100,250,200,200,50,Lilydale,,False
FY20-21,19877,Mooroolbark,-37.78474883,145.3124024,metro,197000,650,650,600,400,250,100,300,150,100,50,Mooroolbark,,False
FY20-21,19878,Croydon,-37.79543697,145.2805978,metro,311100,1000,1000,1000,600,400,150,400,250,200,50,Croydon,,False
FY20-21,19879,Ringwood East,-37.81196804,145.2501909,metro,140600,500,500,400,200,150,50,200,100,100,50,Ringwood East,,False
FY20-21,19880,Pakenham,-38.08061397,145.4863791,metro,280300,900,900,900,550,400,200,300,200,150,50,Pakenham,,False
FY20-21,19881,Officer,-38.06614572,145.4109872,metro,62250,200,250,200,50,50,50,100,50,50,50,Officer,,False
FY20-21,19882,Beaconsfield,-38.05083135,145.3660737,metro,109600,400,400,300,150,100,100,150,100,100,50,Beaconsfield,,False
FY20-21,19883,Berwick,-38.04040829,145.3457261,metro,361200,1250,1300,1000,500,350,200,400,300,300,50,Berwick,,False
FY20-21,19884,Narre Warren,-38.02780932,145.3039694,metro,309300,1050,1050,1000,500,350,200,350,250,150,50,Narre Warren,,False
FY20-21,19885,Hallam,-38.01774038,145.2697768,metro,219250,750,750,750,300,200,150,250,150,150,50,Hallam,,False
FY20-21,19886,Cranbourne,-38.09953731,145.280599,metro,407700,1350,1400,1200,700,500,300,500,300,150,50,Cranbourne,,False
FY20-21,19887,Merinda Park,-38.07900048,145.2635114,metro,126750,450,450,350,200,150,100,200,100,50,50,Merinda Park,,False
FY20-21,19888,Dandenong,-37.98996792,145.2097254,metro,1159900,3800,3850,3500,2050,1600,250,850,1000,1450,250,Dandenong,,False
FY20-21,19889,Yarraman,-37.97825454,145.1916003,metro,158500,500,500,500,300,250,50,150,150,100,50,Yarraman,,False
FY20-21,19890,Noble Park,-37.96723193,145.1769357,metro,513650,1650,1700,1500,950,800,200,500,450,400,100,Noble Park,,False
FY20-21,19891,Sandown Park,-37.95650457,145.1628259,metro,178800,600,600,550,300,250,50,250,150,100,50,Sandown Park,,False
FY20-21,19892,East Camberwell,-37.82589419,145.0681902,metro,100800,350,400,200,150,100,50,100,100,200,50,East Camberwell,,False
FY20-21,19893,Canterbury,-37.82448518,145.0812242,metro,122400,400,400,350,250,150,50,150,100,150,50,Canterbury,,False
FY20-21,19894,Chatham,-37.82429952,145.0886479,metro,80050,250,250,250,150,100,50,100,50,50,50,Chatham,,False
FY20-21,19895,Surrey Hills,-37.82414805,145.0987747,metro,245900,800,800,700,450,300,50,400,150,150,50,Surrey Hills,,False
FY20-21,19896,Mont Albert,-37.81942655,145.1055304,metro,84300,250,250,250,200,150,50,100,50,50,50,Mont Albert,,False
FY20-21,19897,Laburnum,-37.82078023,145.1407027,metro,153150,500,500,400,300,200,50,200,150,150,50,Laburnum,,False
FY20-21,19898,Blackburn,-37.82007075,145.1500135,metro,533050,1700,1800,1500,1000,700,100,700,400,450,50,Blackburn,,False
FY20-21,19899,Nunawading,-37.82060317,145.1748917,metro,390550,1250,1250,1150,800,550,100,450,300,350,50,Nunawading,,False
FY20-21,19900,Mitcham,-37.81800987,145.1919735,metro,401050,1300,1350,1150,700,500,150,600,300,300,50,Mitcham,,False
FY20-21,19901,Heatherdale,-37.81889537,145.2127872,metro,185950,650,650,550,300,200,100,350,100,100,50,Heatherdale,,False
FY20-21,19902,Ringwood,-37.81588648,145.2289685,metro,852050,2600,2600,2550,2050,1500,150,650,700,900,200,Ringwood,,False
FY20-21,19903,Auburn,-37.82239831,145.0458437,metro,278650,900,900,800,600,400,50,300,200,300,50,Auburn,,False
FY20-21,19904,Glenferrie,-37.82146682,145.0364388,metro,749450,2500,2650,1950,1200,850,50,400,750,1250,200,Glenferrie,,False
FY20-21,19905,Hawthorn,-37.82182601,145.0228987,metro,243600,800,850,700,400,300,50,250,200,350,50,Hawthorn,,False
FY20-21,19906,Burnley,-37.82756022,145.0075551,metro,303500,850,900,750,1000,650,50,250,200,350,50,Burnley,,False
FY20-21,19907,East Richmond,-37.82639995,144.9970657,metro,198600,700,700,600,300,200,50,100,100,400,50,East Richmond,,False
FY20-21,19909,Heyington,-37.83467244,145.0226353,metro,99050,350,450,100,100,50,50,50,100,250,50,Heyington,,False
FY20-21,19910,Kooyong,-37.83992894,145.0335516,metro,102400,350,350,250,200,150,50,100,100,150,50,Kooyong,,False
FY20-21,19911,Tooronga,-37.84936553,145.0417337,metro,176050,550,600,500,350,250,50,200,150,200,50,Tooronga,,False
FY20-21,19912,Gardiner,-37.85327908,145.0516547,metro,157650,500,500,450,400,300,50,200,100,100,50,Gardiner,,False
FY20-21,19913,Springvale,-37.94950878,145.1534518,metro,754300,2300,2300,2250,1650,1350,150,600,700,700,150,Springvale,,False
FY20-21,19914,Westall,-37.93849121,145.1388326,metro,339550,1000,1000,900,900,700,100,300,250,300,50,Westall,,False
FY20-21,19915,Clayton,-37.92468255,145.1205344,metro,796650,2500,2500,2500,1600,1300,150,600,700,850,250,Clayton,,False
FY20-21,19916,Huntingdale,-37.91101734,145.1023643,metro,556100,1950,2050,1550,650,450,100,450,500,850,150,Huntingdale,,False
FY20-21,19917,Oakleigh,-37.90037214,145.0883079,metro,763050,2400,2450,2300,1600,1150,150,550,650,900,200,Oakleigh,,False
FY20-21,19918,Hughesdale,-37.89488129,145.0776351,metro,250500,800,800,750,500,350,50,300,200,200,50,Hughesdale,,False
FY20-21,19919,Murrumbeena,-37.89019832,145.0673749,metro,318600,1000,1050,1000,600,450,100,400,250,200,50,Murrumbeena,,False
FY20-21,19920,Carnegie,-37.88624148,145.0585751,metro,460850,1450,1450,1450,950,750,100,500,400,350,100,Carnegie,,False
FY20-21,19921,Werribee,-37.89937805,144.661118,metro,351350,1150,1150,1250,600,400,200,450,300,200,50,Werribee,,False
FY20-21,19922,Hoppers Crossing,-37.88327618,144.7009549,metro,349850,1200,1200,1150,550,350,200,400,300,250,50,Hoppers Crossing,,False
FY20-21,19923,Laverton,-37.86369404,144.7726167,metro,596350,1950,2050,1650,1050,750,300,800,500,350,50,Laverton,,False
FY20-21,19924,Aircraft,-37.86660595,144.7608094,metro,70150,250,200,250,100,100,50,100,50,50,50,Aircraft,,False
FY20-21,19925,Westona,-37.86516348,144.8134936,metro,107350,350,400,250,150,100,50,100,100,150,50,Westona,,False
FY20-21,19926,Altona,-37.8671476,144.8296447,metro,126100,400,350,400,300,250,50,100,100,100,50,Altona,,False
FY20-21,19927,Seaholme,-37.86784231,144.8409577,metro,39900,100,100,100,100,50,50,50,50,50,50,Seaholme,,False
FY20-21,19928,Westgarth,-37.7806207,144.9992332,metro,108300,350,350,300,250,150,50,150,100,100,50,Westgarth,,False
FY20-21,19929,Dennis,-37.77918729,145.0082416,metro,118700,400,400,350,250,150,50,200,100,50,50,Dennis,,False
FY20-21,19930,Fairfield,-37.77917126,145.0169053,metro,233400,700,750,700,500,400,50,300,200,150,50,Fairfield,,False
FY20-21,19931,Alphington,-37.77839363,145.0312549,metro,109600,350,350,300,200,150,50,150,100,100,50,Alphington,,False
FY20-21,19932,Darebin,-37.77496341,145.038476,metro,53850,150,200,100,100,50,50,50,50,50,50,Darebin,,False
FY20-21,19933,Ivanhoe,-37.76889674,145.0454252,metro,273050,900,950,750,500,350,50,350,200,300,50,Ivanhoe,,False
FY20-21,19934,Eaglemont,-37.76358553,145.0539427,metro,50550,150,150,150,100,100,50,100,50,50,50,Eaglemont,,False
FY20-21,19935,Heidelberg,-37.75707293,145.0606855,metro,343900,1150,1200,950,600,450,50,250,250,550,50,Heidelberg,,False
FY20-21,19936,Rosanna,-37.7428786,145.0661403,metro,239200,750,800,700,450,350,100,350,150,100,50,Rosanna,,False
FY20-21,19937,Moorabbin,-37.93435329,145.0367383,metro,300700,900,900,950,750,550,50,200,250,300,50,Moorabbin,,False
FY20-21,19938,Patterson,-37.92514919,145.03547,metro,127150,400,450,300,250,150,50,150,100,150,50,Patterson,,False
FY20-21,19939,Bentleigh,-37.91742457,145.0369951,metro,299650,900,900,900,700,550,50,300,300,250,50,Bentleigh,,False
FY20-21,19940,Mckinnon,-37.91030903,145.038299,metro,173200,550,550,500,350,300,50,200,150,150,50,Mckinnon,,False
FY20-21,19941,Ormond,-37.90321167,145.0396134,metro,265150,800,850,750,600,450,50,300,200,200,50,Ormond,,False
FY20-21,19942,Glenhuntly,-37.88971946,145.0422229,metro,335400,1000,1000,1000,800,600,50,350,300,250,50,Glenhuntly,,False
FY20-21,19943,Caulfield,-37.87745946,145.0425248,metro,1370650,3950,4050,3700,3800,2750,150,900,1100,1450,450,Caulfield,,False
FY20-21,19944,Malvern,-37.8662533,145.0292939,metro,340300,1050,1100,1000,700,550,50,250,250,450,100,Malvern,,False
FY20-21,19945,Armadale,-37.85645238,145.0193255,metro,227300,750,750,650,450,300,50,250,200,250,50,Armadale,,False
FY20-21,19946,Toorak,-37.85077381,145.0139086,metro,196650,650,700,500,350,250,50,200,150,250,50,Toorak,,False
FY20-21,19947,Hawksburn,-37.84459087,145.0021421,metro,201400,600,600,600,450,300,50,200,150,200,50,Hawksburn,,False
FY20-21,19948,Sandringham,-37.95033018,145.0045614,metro,350400,1050,1050,1000,900,650,50,400,250,250,50,Sandringham,,False
FY20-21,19949,Hampton,-37.93797681,145.0014706,metro,229200,700,700,650,550,400,50,250,200,150,50,Hampton,,False
FY20-21,19950,Brighton Beach,-37.92648432,144.9891536,metro,140150,400,400,400,400,300,50,150,100,100,50,Brighton Beach,,False
FY20-21,19951,Middle Brighton,-37.91513441,144.9962991,metro,243050,750,750,700,550,400,50,200,200,250,50,Middle Brighton,,False
FY20-21,19952,North Brighton,-37.90488721,145.002605,metro,246150,750,750,700,600,400,50,250,200,200,50,North Brighton,,False
FY20-21,19953,Gardenvale,-37.89669508,145.0041684,metro,185050,600,600,500,400,250,50,200,150,200,50,Gardenvale,,False
FY20-21,19954,Elsternwick,-37.88475311,145.0008979,metro,385100,1200,1200,1150,900,650,50,400,300,300,100,Elsternwick,,False
FY20-21,19955,Ripponlea,-37.87590643,144.9952366,metro,244200,800,800,700,500,350,50,300,200,200,50,Ripponlea,,False
FY20-21,19956,Balaclava,-37.86948773,144.9935121,metro,416700,1300,1300,1350,900,650,100,450,350,350,100,Balaclava,,False
FY20-21,19957,Windsor,-37.85605308,144.9920352,metro,334200,1050,1100,950,700,450,50,300,250,400,100,Windsor,,False
FY20-21,19958,Prahran,-37.84951848,144.9898599,metro,473550,1550,1550,1500,950,600,50,300,350,700,150,Prahran,,False
FY20-21,19959,South Yarra,-37.83844935,144.9923422,metro,1669900,5300,5500,4600,3500,2400,150,1050,1350,2400,500,South Yarra,,False
FY20-21,19960,Upfield,-37.66607779,144.9467399,metro,147300,500,400,750,250,200,50,100,100,150,50,Upfield,,False
FY20-21,19961,Gowrie,-37.700678,144.9588743,metro,112050,350,350,400,250,150,50,100,100,50,50,Gowrie,,False
FY20-21,19962,Fawkner,-37.71462129,144.960545,metro,66600,200,200,250,150,100,50,100,50,50,50,Fawkner,,False
FY20-21,19963,Merlynston,-37.72093389,144.9613135,metro,126950,400,400,450,250,200,50,150,100,50,50,Merlynston,,False
FY20-21,19964,Batman,-37.73352285,144.9628406,metro,116250,350,350,400,250,150,50,150,100,100,50,Batman,,False
FY20-21,19965,Coburg,-37.74234502,144.9633363,metro,145500,450,400,600,350,200,50,150,100,100,50,Coburg,,False
FY20-21,19966,Moreland,-37.75448484,144.961823,metro,91250,300,300,300,200,150,50,100,50,100,50,Moreland,,False
FY20-21,19967,Anstey,-37.76124203,144.960684,metro,159900,500,500,500,400,250,50,200,150,100,50,Anstey,,False
FY20-21,19968,Brunswick,-37.76772055,144.9595865,metro,155350,500,500,500,350,250,50,100,150,200,50,Brunswick,,True
FY20-21,19969,Jewell,-37.77498702,144.9587169,metro,135400,400,400,400,300,200,50,100,100,150,50,Jewell,,False
FY20-21,19970,Royal Park,-37.78119293,144.9523013,metro,117850,350,350,500,250,200,50,50,100,150,50,Royal Park,,False
FY20-21,19971,Flemington Bridge,-37.78813995,144.9393233,metro,94250,300,300,300,200,150,50,50,100,100,50,Flemington Bridge,,False
FY20-21,19972,Macaulay,-37.79426673,144.9361663,metro,101750,350,350,300,200,150,50,50,100,150,50,Macaulay,,False
FY20-21,19974,Clifton Hill,-37.78865745,144.9954167,metro,347000,1000,1050,950,900,700,50,350,250,300,100,Clifton Hill,,False
FY20-21,19975,Victoria Park,-37.79915782,144.9944514,metro,277400,850,850,800,700,450,50,200,200,350,100,Victoria Park,,False
FY20-21,19976,Collingwood,-37.80452593,144.9937497,metro,221100,750,750,650,400,250,50,100,150,400,50,Collingwood,,False
FY20-21,19977,North Richmond,-37.81039836,144.9925003,metro,339950,1050,1050,1100,750,550,50,150,250,500,100,North Richmond,,False
FY20-21,19978,West Richmond,-37.81494896,144.9914228,metro,265250,900,900,850,450,300,50,150,200,450,100,West Richmond,,False
FY20-21,19983,Macleod,-37.7260123,145.0691433,metro,204450,650,700,550,400,300,50,300,150,150,50,Macleod,,False
FY20-21,19984,Watsonia,-37.71095798,145.0837934,metro,242150,800,800,650,450,300,150,400,150,150,50,Watsonia,,False
FY20-21,19985,Greensborough,-37.70395408,145.1082474,metro,254900,800,800,800,500,350,100,300,200,150,50,Greensborough,,False
FY20-21,19986,Montmorency,-37.71529624,145.1215157,metro,103450,350,350,300,200,150,50,150,50,50,50,Montmorency,,False
FY20-21,19987,Eltham,-37.71354967,145.147822,metro,206900,650,700,550,400,250,100,250,150,200,50,Eltham,,False
FY20-21,19988,Diamond Creek,-37.67329744,145.1585062,metro,72850,250,250,200,150,100,50,100,50,50,50,Diamond Creek,,False
FY20-21,19989,Wattle Glen,-37.66396792,145.1816145,metro,16600,50,50,50,50,50,50,50,50,50,50,Wattle Glen,,False
FY20-21,19990,Hurstbridge,-37.63939817,145.1920169,metro,50350,150,150,100,100,50,50,100,50,50,50,Hurstbridge,,False
FY20-21,19991,Williamstown,-37.86775292,144.9053233,metro,64100,200,200,200,150,100,50,50,50,50,50,Williamstown,,False
FY20-21,19992,Williamstown Beach,-37.86398189,144.8944837,metro,78150,250,250,250,150,100,50,100,50,50,50,Williamstown Beach,,False
FY20-21,19993,North Williamstown,-37.85733348,144.8890695,metro,125500,400,450,400,200,150,50,150,100,100,50,North Williamstown,,False
FY20-21,19994,Newport,-37.84271757,144.8835999,metro,497600,1600,1600,1450,1000,700,100,650,350,400,100,Newport,,False
FY20-21,19995,Spotswood,-37.83063888,144.8859335,metro,122500,400,350,400,300,200,50,150,100,100,50,Spotswood,,False
FY20-21,19996,Yarraville,-37.81585044,144.8899337,metro,368300,1150,1150,1150,800,550,50,500,300,250,100,Yarraville,,False
FY20-21,19997,Seddon,-37.80900514,144.8956716,metro,168900,550,550,500,350,250,50,250,150,100,50,Seddon,,False
FY20-21,15351,Sunbury,-37.57909097,144.7273188,metro,301950,950,950,1000,650,450,200,300,200,200,50,Sunbury,,False
FY20-21,15353,Diggers Rest,-37.62701651,144.7199224,metro,59350,200,200,200,100,50,50,100,50,50,50,Diggers Rest,,False
FY20-21,20000,Watergardens,-37.70112872,144.7741805,metro,528500,1750,1700,1800,950,700,250,700,400,300,50,Watergardens,,False
FY20-21,20001,Keilor Plains,-37.72927934,144.7937381,metro,262450,850,850,900,450,350,150,350,200,100,50,Keilor Plains,,False
FY20-21,20002,St Albans,-37.74486131,144.8000505,metro,500200,1600,1600,1600,1000,800,200,500,500,350,50,St Albans,,False
FY20-21,20003,Ginifer,-37.75751083,144.8095734,metro,320700,1050,1050,1050,600,450,100,350,300,250,50,Ginifer,,False
FY20-21,20004,Albion,-37.77765281,144.8247036,metro,204500,650,650,700,350,250,100,300,150,100,50,Albion,,False
FY20-21,20005,Epping,-37.65238715,145.0301217,metro,417650,1350,1400,1200,750,550,200,400,350,400,50,Epping,,False
FY20-21,20006,Lalor,-37.66585075,145.0171932,metro,243550,800,800,750,450,350,150,300,200,150,50,Lalor,,False
FY20-21,20007,Thomastown,-37.68033809,145.0142789,metro,343750,1100,1100,1050,700,550,150,400,300,200,50,Thomastown,,False
FY20-21,20008,Keon Park,-37.69487012,145.0118838,metro,178750,600,600,550,350,200,50,150,150,200,50,Keon Park,,False
FY20-21,20009,Ruthven,-37.70789754,145.0095166,metro,162400,500,500,500,350,250,100,250,100,100,50,Ruthven,,False
FY20-21,20010,Reservoir,-37.71688492,145.0069958,metro,349200,1100,1150,1050,700,500,100,350,300,300,50,Reservoir,,False
FY20-21,20011,Regent,-37.72840277,145.0027726,metro,170900,550,550,550,350,250,50,250,100,100,50,Regent,,False
FY20-21,20012,Preston,-37.73867424,145.000522,metro,317300,950,950,950,800,500,50,250,300,300,50,Preston,,False
FY20-21,20013,Bell,-37.74556212,145.000155,metro,170000,550,550,550,350,200,50,150,150,200,50,Bell,,False
FY20-21,20014,Thornbury,-37.75505179,144.9985715,metro,190250,600,600,600,400,250,50,250,150,150,50,Thornbury,,False
FY20-21,20015,Croxton,-37.764101,144.9970562,metro,115250,350,350,350,250,200,50,150,100,50,50,Croxton,,False
FY20-21,20016,Northcote,-37.76986537,144.9952772,metro,151500,500,500,450,300,200,50,150,100,200,50,Northcote,,False
FY20-21,20017,Merri,-37.77784668,144.9929725,metro,70400,200,250,200,150,100,50,100,50,50,50,Merri,,False
FY20-21,20019,Rushall,-37.78321711,144.9924071,metro,69400,200,250,200,150,100,50,50,50,50,50,Rushall,,False
FY20-21,20021,Sunshine,-37.78853633,144.8328782,metro,896350,2900,2950,2700,1700,1200,250,800,850,900,150,Sunshine,,False
FY20-21,20022,Tottenham,-37.7992509,144.8629449,metro,190650,600,600,650,350,250,50,200,150,150,50,Tottenham,,False
FY20-21,20023,West Footscray,-37.8018087,144.8853248,metro,213500,700,700,700,350,250,50,300,150,150,50,West Footscray,,False
FY20-21,20024,Middle Footscray,-37.8025047,144.8914721,metro,81800,250,250,250,200,150,50,100,50,50,50,Middle Footscray,,False
FY20-21,20025,Footscray,-37.80108298,144.9031992,metro,2056000,6550,6550,6450,4300,2900,350,1650,1900,2250,450,Footscray,,False
FY20-21,20026,South Kensington,-37.79953087,144.925469,metro,127950,400,400,400,250,200,50,150,100,100,50,South Kensington,,False
FY20-21,20027,Flemington Racecourse,-37.78720192,144.9075887,metro,25350,50,50,300,150,50,50,50,50,50,50,Flemington Racecourse,,False
FY20-21,20028,Showgrounds,-37.7835,144.915,metro,4150,50,50,50,50,50,50,50,50,50,50,Showgrounds,,False
FY20-21,20030,Broadmeadows,-37.68304926,144.9196132,metro,395750,1250,1350,900,800,600,100,300,400,450,100,Broadmeadows,,False
FY20-21,20031,Jacana,-37.69513079,144.9158505,metro,129500,400,400,300,300,250,50,150,100,50,50,Jacana,,False
FY20-21,20032,Glenroy,-37.70453633,144.9172204,metro,399100,1200,1300,850,900,700,150,400,400,300,50,Glenroy,,False
FY20-21,20033,Oak Park,-37.71794973,144.9215188,metro,218300,700,750,500,450,350,100,300,200,100,50,Oak Park,,False
FY20-21,20034,Pascoe Vale,-37.73075596,144.9281956,metro,239250,750,800,500,500,400,100,350,200,150,50,Pascoe Vale,,False
FY20-21,20035,Strathmore,-37.74359132,144.9273157,metro,130750,400,450,250,250,150,50,200,100,100,50,Strathmore,,False
FY20-21,20036,Glenbervie,-37.74720985,144.9209387,metro,109700,350,400,250,200,150,50,200,100,50,50,Glenbervie,,False
FY20-21,20037,Essendon,-37.7560117,144.9161975,metro,579150,1900,1950,1550,1050,750,200,750,400,550,100,Essendon,,False
FY20-21,20038,Moonee Ponds,-37.76570666,144.9191607,metro,362450,1100,1200,900,850,600,50,400,350,300,100,Moonee Ponds,,False
FY20-21,20039,Ascot Vale,-37.77530609,144.9218207,metro,202200,650,700,450,400,300,50,300,150,150,50,Ascot Vale,,False
FY20-21,20040,Newmarket,-37.78732767,144.9289785,metro,302600,950,950,950,600,400,50,350,250,250,50,Newmarket,,False
FY20-21,20041,Kensington,-37.79378022,144.9305244,metro,211900,650,700,600,450,300,50,250,200,150,50,Kensington,,False
FY20-21,20042,Box Hill,-37.81922165,145.1214289,metro,1192700,3750,3800,3600,2450,1900,200,950,1100,1300,250,Box Hill,,False
FY20-21,40220,Roxburgh Park,-37.63823121,144.9354037,metro,240050,750,850,550,450,300,100,300,200,150,50,Roxburgh Park,,False
FY20-21,40221,Craigieburn,-37.6018169,144.9433203,metro,560500,1750,1900,1250,1150,850,350,800,450,250,50,Craigieburn,,False
FY20-21,44817,Coolaroo,-37.66100253,144.9260556,metro,105150,350,350,200,200,150,50,150,100,50,50,Coolaroo,,False
FY20-21,45793,Lynbrook,-38.05734118,145.2492751,metro,174550,600,650,450,250,150,100,350,100,50,50,Lynbrook,,False
FY20-21,45794,Cardinia Road,-38.07129047,145.437791,metro,193250,650,650,600,300,200,150,250,150,50,50,Cardinia Road,,False
FY20-21,45795,South Morang,-37.6491588,145.0670324,metro,291000,900,950,850,600,450,100,300,200,250,50,South Morang,,False
FY20-21,46468,Williams Landing,-37.86986533,144.7474447,metro,411450,1400,1400,1450,600,400,200,700,300,150,50,Williams Landing,,False
FY20-21,52095,Southland,-37.958758,145.049124,metro,277000,750,750,850,800,600,50,100,250,300,50,Southland,,False
FY20-21,52159,Middle Gorge,-37.644062,145.09214,metro,103900,350,400,200,150,100,50,100,50,150,50,Middle Gorge,,False
FY20-21,52160,Hawkstowe,-37.622992,145.097396,metro,70900,250,250,200,150,100,50,100,50,50,50,Hawkstowe,,False
FY20-21,52161,Mernda,-37.602549,145.100883,metro,327900,1100,1150,900,600,400,200,550,200,150,50,Mernda,,False
FY20-21,19841,Flagstaff,-37.81198131,144.9556538,metro,1378000,5050,5200,4450,1200,800,100,350,900,3400,450,Flagstaff,,False
FY20-21,19842,Melbourne Central,-37.80993877,144.9625935,metro,4206700,13550,13350,14150,7700,5800,100,550,3150,7450,2050,Melbourne Central,,False
FY20-21,19843,Parliament,-37.81105406,144.9729109,metro,2213650,7900,8150,7050,2350,1550,50,300,1600,5250,950,Parliament,,False
FY20-21,19854,Flinders Street,-37.81830513,144.9669643,metro,8528000,25800,25500,27100,20050,15050,700,1800,5650,13100,4250,Flinders Street,,False
FY20-21,19908,Richmond,-37.82407446,144.9901643,metro,1292650,3450,3600,3050,3500,3050,100,450,650,1550,850,Richmond,,False
FY20-21,19973,North Melbourne,-37.80630984,144.9415102,metro,669700,1950,2000,1650,1950,1300,50,350,500,950,150,North Melbourne,,False
FY20-21,19979,Jolimont,-37.81652702,144.9840983,metro,358650,850,900,700,1050,1100,50,50,150,400,250,Jolimont,,False
FY20-21,22180,Southern Cross,-37.81793643,144.9514112,metro,4556450,14550,14550,14550,8700,6550,250,1100,3050,8550,1550,Southern Cross,,False
FY20-21,19866,Cheltenham,-37.96664989,145.0545579,metro,233800,750,750,700,500,350,50,300,150,200,50,Cheltenham,,False
FY21-22,19827,Stony Point,-38.37423454,145.2218375,metro,3600,50,50,50,50,50,50,50,50,50,50,Stony Point,,False
FY21-22,19828,Crib Point,-38.36612338,145.2040433,metro,6700,50,50,50,50,50,50,50,50,50,50,Crib Point,,False
FY21-22,19829,Morradoo,-38.35403334,145.1896025,metro,2300,50,50,50,50,50,50,50,50,50,50,Morradoo,,False
FY21-22,19830,Bittern,-38.33739032,145.1780265,metro,4600,50,50,50,50,50,50,50,50,50,50,Bittern,,False
FY21-22,19831,Hastings,-38.30565853,145.1859799,metro,8300,50,50,50,50,50,50,50,50,50,50,Hastings,,False
FY21-22,19832,Tyabb,-38.259815,145.1864007,metro,2350,50,50,50,50,50,50,50,50,50,50,Tyabb,,False
FY21-22,19833,Somerville,-38.22534196,145.1762449,metro,4500,50,50,50,50,50,50,50,50,50,50,Somerville,,False
FY21-22,19834,Baxter,-38.19404306,145.1605261,metro,1500,50,50,50,50,50,50,50,50,50,50,Baxter,,False
FY21-22,19835,Glen Iris,-37.85930842,145.0582249,metro,148050,450,500,350,300,200,50,200,100,150,50,Glen Iris,,False
FY21-22,19836,Leawarra,-38.152034,145.139534,metro,4150,50,50,50,50,50,50,50,50,50,50,Leawarra,,False
FY21-22,19837,Darling,-37.86895684,145.0629508,metro,135200,400,450,350,300,200,50,250,100,100,50,Darling,,False
FY21-22,19838,East Malvern,-37.87693002,145.069393,metro,176600,500,500,450,500,400,50,250,100,100,50,East Malvern,,False
FY21-22,19839,Holmesglen,-37.87440222,145.090662,metro,216150,650,700,550,550,400,50,250,150,200,50,Holmesglen,,False
FY21-22,19840,Jordanville,-37.87360339,145.1120902,metro,191000,600,650,500,400,300,50,300,150,100,50,Jordanville,,False
FY21-22,19844,Belgrave,-37.9091021,145.3552913,metro,152800,450,500,400,350,250,50,150,100,150,50,Belgrave,,False
FY21-22,19845,Tecoma,-37.90811849,145.3429946,metro,32600,100,100,100,50,50,50,50,50,50,50,Tecoma,,False
FY21-22,19846,Upwey,-37.90369097,145.3313334,metro,69600,200,250,150,150,100,50,100,50,50,50,Upwey,,False
FY21-22,19847,Alamein,-37.86832039,145.0796557,metro,54200,150,200,150,100,100,50,100,50,50,50,Alamein,,False
FY21-22,19848,Ashburton,-37.86196753,145.0813438,metro,109450,350,400,300,200,150,50,200,100,50,50,Ashburton,,False
FY21-22,19849,Burwood,-37.85156328,145.0805111,metro,116850,400,400,300,200,150,50,250,100,50,50,Burwood,,False
FY21-22,19850,Hartwell,-37.84398457,145.0755596,metro,75500,250,250,200,150,100,50,150,50,50,50,Hartwell,,False
FY21-22,19851,Willison,-37.83571565,145.0702976,metro,35750,100,150,100,50,50,50,50,50,50,50,Willison,,False
FY21-22,19852,Riversdale,-37.83150543,145.069646,metro,85550,300,350,150,100,50,50,150,50,150,50,Riversdale,,False
FY21-22,19853,Camberwell,-37.82656714,145.0586972,metro,789300,2400,2550,2050,1750,1500,100,700,600,1000,200,Camberwell,,False
FY21-22,19855,Frankston,-38.14299007,145.1261623,metro,692750,2050,2000,2200,1750,1300,300,550,600,450,100,Frankston,,False
FY21-22,19856,Kananook,-38.12174203,145.1352953,metro,93400,300,300,300,150,100,50,100,100,50,50,Kananook,,False
FY21-22,19857,Seaford,-38.10402104,145.1282304,metro,162550,500,500,500,350,250,100,200,100,50,50,Seaford,,False
FY21-22,19858,Carrum,-38.07489292,145.1224183,metro,182150,550,550,500,400,300,100,250,150,100,50,Carrum,,False
FY21-22,19859,Bonbeach,-38.06294478,145.1196804,metro,67050,200,200,200,150,100,50,100,50,50,50,Bonbeach,,False
FY21-22,19860,Chelsea,-38.05195538,145.1160413,metro,161650,500,500,500,400,250,50,200,150,100,50,Chelsea,,False
FY21-22,19861,Edithvale,-38.03805602,145.1085355,metro,101050,300,300,300,250,150,50,150,50,50,50,Edithvale,,False
FY21-22,19862,Aspendale,-38.02722019,145.1021496,metro,88300,300,300,250,200,150,50,150,50,50,50,Aspendale,,False
FY21-22,19863,Mordialloc,-38.00658295,145.0876594,metro,284900,900,900,750,650,450,100,400,200,200,50,Mordialloc,,False
FY21-22,19864,Parkdale,-37.99307882,145.0763268,metro,179650,550,600,500,400,250,50,200,150,150,50,Parkdale,,False
FY21-22,19865,Mentone,-37.9818654,145.0651659,metro,424350,1400,1550,950,750,500,50,350,350,700,50,Mentone,,False
FY21-22,19866,Cheltenham,-37.96664989,145.0545579,metro,319800,1000,1050,900,650,450,100,450,250,250,50,Cheltenham,,False
FY21-22,19867,Upper Ferntree Gully,-37.8926717,145.3075302,metro,103250,300,350,300,200,150,50,150,50,50,50,Upper Ferntree Gully,,False
FY21-22,19868,Ferntree Gully,-37.88169799,145.2952513,metro,188800,600,650,550,350,250,100,300,150,100,50,Ferntree Gully,,False
FY21-22,19869,Boronia,-37.8604518,145.2843851,metro,269450,850,900,750,500,350,100,400,200,150,50,Boronia,,False
FY21-22,19870,Bayswater,-37.84173004,145.2681364,metro,263750,850,900,750,500,350,100,350,200,200,50,Bayswater,,False
FY21-22,19871,Heathmont,-37.82832227,145.2445554,metro,105300,350,350,250,200,150,50,150,50,100,50,Heathmont,,False
FY21-22,19872,Highett,-37.948425,145.0418718,metro,212700,650,700,600,500,300,50,300,150,150,50,Highett,,False
FY21-22,19873,Glen Waverley,-37.87950407,145.1620575,metro,705400,2100,2150,1900,1800,1350,150,850,500,450,150,Glen Waverley,,False
FY21-22,19874,Syndal,-37.87622963,145.1497805,metro,333650,1050,1100,900,700,500,100,550,200,200,50,Syndal,,False
FY21-22,19875,Mount Waverley,-37.87525526,145.1280557,metro,338200,1050,1150,800,750,550,50,450,250,350,50,Mount Waverley,,False
FY21-22,19876,Lilydale,-37.75551777,145.3477102,metro,236150,700,700,700,550,400,100,250,200,150,50,Lilydale,,False
FY21-22,19877,Mooroolbark,-37.78474883,145.3124024,metro,213050,650,650,650,450,300,100,300,150,100,50,Mooroolbark,,False
FY21-22,19878,Croydon,-37.79543697,145.2805978,metro,327150,1050,1100,950,650,400,150,500,250,200,50,Croydon,,False
FY21-22,19879,Ringwood East,-37.81196804,145.2501909,metro,133050,450,450,350,200,150,50,200,100,100,50,Ringwood East,,False
FY21-22,19880,Pakenham,-38.08061397,145.4863791,metro,270350,850,900,700,550,400,200,250,250,200,50,Pakenham,,False
FY21-22,19881,Officer,-38.06614572,145.4109872,metro,64850,250,250,150,100,50,50,100,50,50,50,Officer,,False
FY21-22,19882,Beaconsfield,-38.05083135,145.3660737,metro,119350,400,450,250,150,100,100,200,100,100,50,Beaconsfield,,False
FY21-22,19883,Berwick,-38.04040829,145.3457261,metro,325600,1100,1200,750,500,350,200,400,300,300,50,Berwick,,False
FY21-22,19884,Narre Warren,-38.02780932,145.3039694,metro,318150,1050,1100,850,550,400,200,400,250,200,50,Narre Warren,,False
FY21-22,19885,Hallam,-38.01774038,145.2697768,metro,118900,400,400,350,150,150,50,150,100,100,50,Hallam,,False
FY21-22,19886,Cranbourne,-38.09953731,145.280599,metro,462300,1500,1600,1150,850,600,400,600,350,200,50,Cranbourne,,False
FY21-22,19887,Merinda Park,-38.07900048,145.2635114,metro,183900,600,650,400,300,200,150,300,150,50,50,Merinda Park,,False
FY21-22,19888,Dandenong,-37.98996792,145.2097254,metro,1234650,3950,4200,3050,2450,1850,300,950,1050,1600,250,Dandenong,,False
FY21-22,19889,Yarraman,-37.97825454,145.1916003,metro,140000,450,500,350,250,200,50,150,150,100,50,Yarraman,,False
FY21-22,19890,Noble Park,-37.96723193,145.1769357,metro,556700,1750,1900,1350,1100,850,250,600,500,500,100,Noble Park,,False
FY21-22,19891,Sandown Park,-37.95650457,145.1628259,metro,189600,600,650,450,350,300,50,300,150,100,50,Sandown Park,,False
FY21-22,19892,East Camberwell,-37.82589419,145.0681902,metro,104900,350,400,200,150,100,50,100,100,200,50,East Camberwell,,False
FY21-22,19893,Canterbury,-37.82448518,145.0812242,metro,145650,450,500,350,300,250,50,200,100,150,50,Canterbury,,False
FY21-22,19894,Chatham,-37.82429952,145.0886479,metro,95650,300,300,250,200,150,50,150,50,100,50,Chatham,,False
FY21-22,19895,Surrey Hills,-37.82414805,145.0987747,metro,241750,800,800,700,500,350,50,400,150,150,50,Surrey Hills,,False
FY21-22,19896,Mont Albert,-37.81942655,145.1055304,metro,98450,300,300,250,250,150,50,150,100,50,50,Mont Albert,,False
FY21-22,19897,Laburnum,-37.82078023,145.1407027,metro,167650,550,600,400,350,250,50,250,150,150,50,Laburnum,,False
FY21-22,19898,Blackburn,-37.82007075,145.1500135,metro,607450,1950,2050,1550,1200,900,150,850,450,550,100,Blackburn,,False
FY21-22,19899,Nunawading,-37.82060317,145.1748917,metro,421250,1350,1400,1150,850,600,100,550,300,350,50,Nunawading,,False
FY21-22,19900,Mitcham,-37.81800987,145.1919735,metro,511650,1650,1750,1400,1000,700,150,800,350,350,50,Mitcham,,False
FY21-22,19901,Heatherdale,-37.81889537,145.2127872,metro,224400,750,800,600,350,250,100,450,100,100,50,Heatherdale,,False
FY21-22,19902,Ringwood,-37.81588648,145.2289685,metro,1080200,3200,3250,3050,2900,2050,200,850,850,1100,200,Ringwood,,False
FY21-22,19903,Auburn,-37.82239831,145.0458437,metro,331450,1050,1100,850,750,550,50,400,250,300,50,Auburn,,False
FY21-22,19904,Glenferrie,-37.82146682,145.0364388,metro,1068450,3600,3950,2450,1650,1200,50,550,1150,1850,350,Glenferrie,,False
FY21-22,19905,Hawthorn,-37.82182601,145.0228987,metro,285900,950,1000,700,550,400,50,300,200,400,50,Hawthorn,,False
FY21-22,19906,Burnley,-37.82756022,145.0075551,metro,455750,1250,1200,1400,1700,1050,50,350,250,450,100,Burnley,,False
FY21-22,19907,East Richmond,-37.82639995,144.9970657,metro,251800,850,900,700,400,250,50,150,150,550,50,East Richmond,,False
FY21-22,19909,Heyington,-37.83467244,145.0226353,metro,120750,450,500,150,100,100,50,100,100,300,50,Heyington,,False
FY21-22,19910,Kooyong,-37.83992894,145.0335516,metro,132800,400,450,300,250,200,50,150,100,200,50,Kooyong,,False
FY21-22,19911,Tooronga,-37.84936553,145.0417337,metro,228050,750,750,600,450,350,50,300,150,250,50,Tooronga,,False
FY21-22,19912,Gardiner,-37.85327908,145.0516547,metro,198550,600,600,500,500,400,50,250,100,150,50,Gardiner,,False
FY21-22,19913,Springvale,-37.94950878,145.1534518,metro,750700,2300,2400,1850,1700,1300,200,600,700,750,150,Springvale,,False
FY21-22,19914,Westall,-37.93849121,145.1388326,metro,474400,1500,1500,1650,950,750,150,450,350,450,100,Westall,,False
FY21-22,19915,Clayton,-37.92468255,145.1205344,metro,853500,2700,2750,2500,1800,1300,200,700,700,900,200,Clayton,,False
FY21-22,19916,Huntingdale,-37.91101734,145.1023643,metro,666850,2350,2600,1550,750,500,100,550,600,1150,200,Huntingdale,,False
FY21-22,19917,Oakleigh,-37.90037214,145.0883079,metro,836350,2650,2750,2300,1750,1250,150,650,700,1050,200,Oakleigh,,False
FY21-22,19918,Hughesdale,-37.89488129,145.0776351,metro,276350,850,900,750,600,400,50,350,200,250,50,Hughesdale,,False
FY21-22,19919,Murrumbeena,-37.89019832,145.0673749,metro,351600,1150,1200,950,700,500,100,500,250,250,50,Murrumbeena,,False
FY21-22,19920,Carnegie,-37.88624148,145.0585751,metro,510850,1600,1650,1400,1150,800,100,650,400,400,100,Carnegie,,False
FY21-22,19921,Werribee,-37.89937805,144.661118,metro,532750,1700,1800,1500,1050,750,350,700,450,250,50,Werribee,,False
FY21-22,19922,Hoppers Crossing,-37.88327618,144.7009549,metro,436400,1450,1550,1200,750,550,250,550,350,350,50,Hoppers Crossing,,False
FY21-22,19923,Laverton,-37.86369404,144.7726167,metro,552750,1800,1900,1550,950,700,250,800,450,350,50,Laverton,,False
FY21-22,19924,Aircraft,-37.86660595,144.7608094,metro,73150,250,250,200,150,100,50,100,50,50,50,Aircraft,,False
FY21-22,19925,Westona,-37.86516348,144.8134936,metro,137950,450,500,300,250,150,50,150,100,200,50,Westona,,False
FY21-22,19926,Altona,-37.8671476,144.8296447,metro,144800,450,450,400,400,300,50,150,150,100,50,Altona,,False
FY21-22,19927,Seaholme,-37.86784231,144.8409577,metro,49550,150,150,150,150,100,50,50,50,50,50,Seaholme,,False
FY21-22,19928,Westgarth,-37.7806207,144.9992332,metro,124700,400,400,300,300,200,50,200,100,100,50,Westgarth,,False
FY21-22,19929,Dennis,-37.77918729,145.0082416,metro,140800,450,500,350,300,200,50,250,100,100,50,Dennis,,False
FY21-22,19930,Fairfield,-37.77917126,145.0169053,metro,262300,800,850,650,600,450,50,350,200,200,50,Fairfield,,False
FY21-22,19931,Alphington,-37.77839363,145.0312549,metro,129950,400,450,300,300,200,50,200,100,100,50,Alphington,,False
FY21-22,19932,Darebin,-37.77496341,145.038476,metro,60500,200,200,100,100,100,50,50,50,100,50,Darebin,,False
FY21-22,19933,Ivanhoe,-37.76889674,145.0454252,metro,319750,1050,1100,800,650,450,50,450,200,300,50,Ivanhoe,,False
FY21-22,19934,Eaglemont,-37.76358553,145.0539427,metro,58550,200,200,150,150,100,50,100,50,50,50,Eaglemont,,False
FY21-22,19935,Heidelberg,-37.75707293,145.0606855,metro,384400,1250,1350,950,700,500,50,300,300,650,100,Heidelberg,,False
FY21-22,19936,Rosanna,-37.7428786,145.0661403,metro,293550,950,1000,750,600,400,100,500,200,150,50,Rosanna,,False
FY21-22,19937,Moorabbin,-37.93435329,145.0367383,metro,322300,950,1000,800,850,650,50,250,250,350,50,Moorabbin,,False
FY21-22,19938,Patterson,-37.92514919,145.03547,metro,144800,450,500,350,300,200,50,200,100,150,50,Patterson,,False
FY21-22,19939,Bentleigh,-37.91742457,145.0369951,metro,344350,1050,1050,950,900,650,50,350,300,250,50,Bentleigh,,False
FY21-22,19940,Mckinnon,-37.91030903,145.038299,metro,196050,600,600,500,450,350,50,250,150,150,50,Mckinnon,,False
FY21-22,19941,Ormond,-37.90321167,145.0396134,metro,288800,900,950,750,700,450,50,350,250,250,50,Ormond,,False
FY21-22,19942,Glenhuntly,-37.88971946,145.0422229,metro,342700,1050,1050,900,850,600,50,350,300,250,50,Glenhuntly,,False
FY21-22,19943,Caulfield,-37.87745946,145.0425248,metro,1874050,5500,5700,4600,5400,3700,200,1350,1450,2050,650,Caulfield,,False
FY21-22,19944,Malvern,-37.8662533,145.0292939,metro,371100,1200,1250,950,750,550,50,300,300,500,100,Malvern,,False
FY21-22,19945,Armadale,-37.85645238,145.0193255,metro,244650,800,850,600,500,350,50,250,200,300,50,Armadale,,False
FY21-22,19946,Toorak,-37.85077381,145.0139086,metro,224850,750,800,500,450,300,50,250,200,300,50,Toorak,,False
FY21-22,19947,Hawksburn,-37.84459087,145.0021421,metro,231600,750,750,600,550,350,50,300,200,200,50,Hawksburn,,False
FY21-22,19948,Sandringham,-37.95033018,145.0045614,metro,423250,1200,1250,1150,1200,900,100,500,300,300,50,Sandringham,,False
FY21-22,19949,Hampton,-37.93797681,145.0014706,metro,269050,800,850,750,700,500,50,350,200,200,50,Hampton,,False
FY21-22,19950,Brighton Beach,-37.92648432,144.9891536,metro,186400,500,500,500,550,450,50,200,150,100,50,Brighton Beach,,False
FY21-22,19951,Middle Brighton,-37.91513441,144.9962991,metro,292700,900,900,800,750,550,50,250,250,300,50,Middle Brighton,,False
FY21-22,19952,North Brighton,-37.90488721,145.002605,metro,291000,900,900,800,700,500,50,350,250,250,50,North Brighton,,False
FY21-22,19953,Gardenvale,-37.89669508,145.0041684,metro,217150,650,700,550,500,350,50,250,150,200,50,Gardenvale,,False
FY21-22,19954,Elsternwick,-37.88475311,145.0008979,metro,438400,1350,1400,1250,1050,750,50,550,300,350,100,Elsternwick,,False
FY21-22,19955,Ripponlea,-37.87590643,144.9952366,metro,276600,850,900,750,600,450,50,400,200,250,50,Ripponlea,,False
FY21-22,19956,Balaclava,-37.86948773,144.9935121,metro,468900,1450,1450,1350,1100,800,100,550,350,400,100,Balaclava,,False
FY21-22,19957,Windsor,-37.85605308,144.9920352,metro,375950,1150,1200,1000,900,550,50,350,250,450,150,Windsor,,False
FY21-22,19958,Prahran,-37.84951848,144.9898599,metro,571600,1800,1900,1600,1300,800,50,400,400,850,150,Prahran,,False
FY21-22,19959,South Yarra,-37.83844935,144.9923422,metro,1997050,6350,6700,5050,4300,3000,200,1400,1600,2850,600,South Yarra,,False
FY21-22,19960,Upfield,-37.66607779,144.9467399,metro,185850,600,650,500,350,250,50,150,150,200,50,Upfield,,False
FY21-22,19961,Gowrie,-37.700678,144.9588743,metro,153350,500,500,450,350,250,50,200,100,100,50,Gowrie,,False
FY21-22,19962,Fawkner,-37.71462129,144.960545,metro,86400,250,300,250,200,150,50,100,50,50,50,Fawkner,,False
FY21-22,19963,Merlynston,-37.72093389,144.9613135,metro,154400,500,500,450,350,250,50,250,100,100,50,Merlynston,,False
FY21-22,19964,Batman,-37.73352285,144.9628406,metro,142200,450,450,400,300,250,50,150,100,100,50,Batman,,False
FY21-22,19965,Coburg,-37.74234502,144.9633363,metro,272750,850,850,750,700,450,50,300,250,200,50,Coburg,,False
FY21-22,19966,Moreland,-37.75448484,144.961823,metro,266400,800,850,650,700,450,50,250,200,250,50,Moreland,,False
FY21-22,19967,Anstey,-37.76124203,144.960684,metro,187400,550,600,500,500,300,50,250,150,150,50,Anstey,,False
FY21-22,19968,Brunswick,-37.76772055,144.9595865,metro,167400,500,500,450,450,300,50,150,100,200,50,Brunswick,,True
FY21-22,19969,Jewell,-37.77498702,144.9587169,metro,178100,550,550,450,450,300,50,150,150,200,50,Jewell,,False
FY21-22,19970,Royal Park,-37.78119293,144.9523013,metro,156050,450,450,550,350,300,50,50,150,200,50,Royal Park,,False
FY21-22,19971,Flemington Bridge,-37.78813995,144.9393233,metro,123200,400,400,350,300,200,50,100,100,100,50,Flemington Bridge,,False
FY21-22,19972,Macaulay,-37.79426673,144.9361663,metro,126350,400,400,350,250,200,50,50,100,200,50,Macaulay,,False
FY21-22,19974,Clifton Hill,-37.78865745,144.9954167,metro,454200,1300,1350,1100,1350,950,50,500,300,400,100,Clifton Hill,,False
FY21-22,19975,Victoria Park,-37.79915782,144.9944514,metro,317800,950,1000,800,800,550,50,250,200,450,100,Victoria Park,,False
FY21-22,19976,Collingwood,-37.80452593,144.9937497,metro,248400,800,850,650,500,300,50,150,150,450,50,Collingwood,,False
FY21-22,19977,North Richmond,-37.81039836,144.9925003,metro,351250,1100,1150,950,800,550,50,200,250,550,100,North Richmond,,False
FY21-22,19978,West Richmond,-37.81494896,144.9914228,metro,271450,900,950,750,500,300,50,150,200,500,100,West Richmond,,False
FY21-22,19983,Macleod,-37.7260123,145.0691433,metro,239150,800,850,550,500,350,100,350,200,200,50,Macleod,,False
FY21-22,19984,Watsonia,-37.71095798,145.0837934,metro,303800,950,1050,750,650,450,150,500,200,150,50,Watsonia,,False
FY21-22,19985,Greensborough,-37.70395408,145.1082474,metro,266050,850,850,700,600,400,100,350,200,200,50,Greensborough,,False
FY21-22,19986,Montmorency,-37.71529624,145.1215157,metro,117950,400,400,300,250,150,50,200,100,50,50,Montmorency,,False
FY21-22,19987,Eltham,-37.71354967,145.147822,metro,250100,800,850,600,550,350,100,350,150,200,50,Eltham,,False
FY21-22,19988,Diamond Creek,-37.67329744,145.1585062,metro,83600,250,300,200,200,150,50,150,50,50,50,Diamond Creek,,False
FY21-22,19989,Wattle Glen,-37.66396792,145.1816145,metro,17550,50,50,50,50,50,50,50,50,50,50,Wattle Glen,,False
FY21-22,19990,Hurstbridge,-37.63939817,145.1920169,metro,57050,200,200,150,150,100,50,100,50,50,50,Hurstbridge,,False
FY21-22,19991,Williamstown,-37.86775292,144.9053233,metro,60150,150,150,200,200,100,50,50,50,50,50,Williamstown,,False
FY21-22,19992,Williamstown Beach,-37.86398189,144.8944837,metro,69250,200,200,200,150,100,50,50,50,50,50,Williamstown Beach,,False
FY21-22,19993,North Williamstown,-37.85733348,144.8890695,metro,98800,300,300,300,200,150,50,150,100,100,50,North Williamstown,,False
FY21-22,19994,Newport,-37.84271757,144.8835999,metro,721500,2300,2400,1850,1550,1050,150,1100,500,550,150,Newport,,False
FY21-22,19995,Spotswood,-37.83063888,144.8859335,metro,170900,500,500,450,500,350,50,200,100,150,50,Spotswood,,False
FY21-22,19996,Yarraville,-37.81585044,144.8899337,metro,442450,1350,1400,1200,1000,750,100,650,300,300,100,Yarraville,,False
FY21-22,19997,Seddon,-37.80900514,144.8956716,metro,203150,650,650,550,450,300,50,300,150,150,50,Seddon,,False
FY21-22,15351,Sunbury,-37.57909097,144.7273188,metro,362700,1150,1150,1000,750,550,250,400,250,200,50,Sunbury,,False
FY21-22,15353,Diggers Rest,-37.62701651,144.7199224,metro,65200,200,250,150,100,50,50,100,50,50,50,Diggers Rest,,False
FY21-22,20000,Watergardens,-37.70112872,144.7741805,metro,587400,1900,2000,1550,1100,850,300,850,450,300,50,Watergardens,,False
FY21-22,20001,Keilor Plains,-37.72927934,144.7937381,metro,277900,900,950,750,500,350,150,450,200,100,50,Keilor Plains,,False
FY21-22,20002,St Albans,-37.74486131,144.8000505,metro,610250,1900,1950,1700,1250,1000,250,650,600,400,50,St Albans,,False
FY21-22,20003,Ginifer,-37.75751083,144.8095734,metro,345200,1100,1150,950,650,500,100,450,300,250,50,Ginifer,,False
FY21-22,20004,Albion,-37.77765281,144.8247036,metro,203100,650,700,550,350,250,100,300,150,100,50,Albion,,False
FY21-22,20005,Epping,-37.65238715,145.0301217,metro,434500,1400,1500,1100,800,600,200,450,350,450,50,Epping,,False
FY21-22,20006,Lalor,-37.66585075,145.0171932,metro,241700,800,800,700,450,300,150,350,200,100,50,Lalor,,False
FY21-22,20007,Thomastown,-37.68033809,145.0142789,metro,391050,1200,1250,1150,850,600,150,500,300,250,50,Thomastown,,False
FY21-22,20008,Keon Park,-37.69487012,145.0118838,metro,174750,600,600,500,300,200,50,150,150,200,50,Keon Park,,False
FY21-22,20009,Ruthven,-37.70789754,145.0095166,metro,157350,500,500,450,350,250,100,250,100,50,50,Ruthven,,False
FY21-22,20010,Reservoir,-37.71688492,145.0069958,metro,473200,1500,1550,1300,1050,700,150,500,400,450,100,Reservoir,,False
FY21-22,20011,Regent,-37.72840277,145.0027726,metro,176100,550,600,500,350,250,50,300,100,100,50,Regent,,False
FY21-22,20012,Preston,-37.73867424,145.000522,metro,238850,750,750,650,600,400,50,200,200,250,50,Preston,,False
FY21-22,20013,Bell,-37.74556212,145.000155,metro,132450,450,450,400,250,200,50,150,100,150,50,Bell,,False
FY21-22,20014,Thornbury,-37.75505179,144.9985715,metro,205700,650,650,550,450,300,50,300,150,150,50,Thornbury,,False
FY21-22,20015,Croxton,-37.764101,144.9970562,metro,121300,350,400,350,300,200,50,200,100,50,50,Croxton,,False
FY21-22,20016,Northcote,-37.76986537,144.9952772,metro,150400,500,500,400,300,250,50,150,100,200,50,Northcote,,False
FY21-22,20017,Merri,-37.77784668,144.9929725,metro,72550,250,250,200,150,100,50,100,50,100,50,Merri,,False
FY21-22,20019,Rushall,-37.78321711,144.9924071,metro,69100,200,200,200,150,150,50,50,50,50,50,Rushall,,False
FY21-22,20021,Sunshine,-37.78853633,144.8328782,metro,1235800,3950,4000,3700,2550,1850,300,1200,1050,1200,200,Sunshine,,False
FY21-22,20022,Tottenham,-37.7992509,144.8629449,metro,232450,750,800,700,450,300,50,300,200,200,50,Tottenham,,False
FY21-22,20023,West Footscray,-37.8018087,144.8853248,metro,283750,950,950,800,500,350,100,500,200,200,50,West Footscray,,False
FY21-22,20024,Middle Footscray,-37.8025047,144.8914721,metro,103450,350,350,300,250,150,50,150,100,50,50,Middle Footscray,,False
FY21-22,20025,Footscray,-37.80108298,144.9031992,metro,2783000,8800,9050,7900,6050,4150,450,2400,2450,3150,600,Footscray,,False
FY21-22,20026,South Kensington,-37.79953087,144.925469,metro,159950,500,500,450,350,250,50,200,150,150,50,South Kensington,,False
FY21-22,20027,Flemington Racecourse,-37.78720192,144.9075887,metro,36550,50,50,50,400,150,50,50,50,50,50,Flemington Racecourse,,False
FY21-22,20030,Broadmeadows,-37.68304926,144.9196132,metro,447650,1400,1450,1300,950,700,100,300,400,500,100,Broadmeadows,,False
FY21-22,20031,Jacana,-37.69513079,144.9158505,metro,133250,400,400,400,300,250,50,150,100,50,50,Jacana,,False
FY21-22,20032,Glenroy,-37.70453633,144.9172204,metro,317000,950,900,1100,750,600,100,250,250,200,50,Glenroy,,False
FY21-22,20033,Oak Park,-37.71794973,144.9215188,metro,237100,750,750,700,550,400,100,350,150,100,50,Oak Park,,False
FY21-22,20034,Pascoe Vale,-37.73075596,144.9281956,metro,256800,800,800,750,600,400,100,350,200,150,50,Pascoe Vale,,False
FY21-22,20035,Strathmore,-37.74359132,144.9273157,metro,151600,500,500,400,300,200,50,250,100,100,50,Strathmore,,False
FY21-22,20036,Glenbervie,-37.74720985,144.9209387,metro,131350,400,400,400,300,200,50,200,100,50,50,Glenbervie,,False
FY21-22,20037,Essendon,-37.7560117,144.9161975,metro,723050,2300,2400,1850,1600,1050,200,1000,500,650,100,Essendon,,False
FY21-22,20038,Moonee Ponds,-37.76570666,144.9191607,metro,436200,1300,1350,1250,1100,750,100,500,350,350,100,Moonee Ponds,,False
FY21-22,20039,Ascot Vale,-37.77530609,144.9218207,metro,241200,750,800,650,550,350,50,400,150,150,50,Ascot Vale,,False
FY21-22,20040,Newmarket,-37.78732767,144.9289785,metro,339600,1050,1100,900,800,550,50,400,300,250,50,Newmarket,,False
FY21-22,20041,Kensington,-37.79378022,144.9305244,metro,242300,750,800,650,550,400,50,300,200,200,50,Kensington,,False
FY21-22,20042,Box Hill,-37.81922165,145.1214289,metro,1387500,4400,4550,3850,2850,2100,250,1250,1250,1600,300,Box Hill,,False
FY21-22,40220,Roxburgh Park,-37.63823121,144.9354037,metro,280200,900,900,800,550,400,100,400,200,150,50,Roxburgh Park,,False
FY21-22,40221,Craigieburn,-37.6018169,144.9433203,metro,696300,2200,2250,1950,1550,1100,450,1000,500,250,50,Craigieburn,,False
FY21-22,44817,Coolaroo,-37.66100253,144.9260556,metro,114400,350,350,350,250,200,50,150,100,50,50,Coolaroo,,False
FY21-22,45793,Lynbrook,-38.05734118,145.2492751,metro,203150,700,750,450,300,200,150,400,150,100,50,Lynbrook,,False
FY21-22,45794,Cardinia Road,-38.07129047,145.437791,metro,194800,650,700,500,300,200,150,300,150,100,50,Cardinia Road,,False
FY21-22,45795,South Morang,-37.6491588,145.0670324,metro,347300,1050,1100,1000,800,550,150,400,250,250,50,South Morang,,False
FY21-22,46468,Williams Landing,-37.86986533,144.7474447,metro,633400,2150,2250,1850,1000,700,300,1150,450,250,50,Williams Landing,,False
FY21-22,52095,Southland,-37.958758,145.049124,metro,298200,850,800,1000,850,650,50,100,250,350,50,Southland,,False
FY21-22,52159,Middle Gorge,-37.644062,145.09214,metro,115350,400,450,200,150,100,50,150,50,200,50,Middle Gorge,,False
FY21-22,52160,Hawkstowe,-37.622992,145.097396,metro,87950,300,300,250,150,100,50,150,50,50,50,Hawkstowe,,False
FY21-22,52161,Mernda,-37.602549,145.100883,metro,447850,1400,1500,1200,900,650,250,750,300,150,50,Mernda,,False
FY21-22,19841,Flagstaff,-37.81198131,144.9556538,metro,1681700,6100,6450,4900,1650,1100,100,400,1100,4300,550,Flagstaff,,False
FY21-22,19842,Melbourne Central,-37.80993877,144.9625935,metro,5491300,17600,18050,16050,10850,7900,200,850,4150,9900,2900,Melbourne Central,,False
FY21-22,19843,Parliament,-37.81105406,144.9729109,metro,2911250,10300,10800,8400,3750,2300,100,450,2000,7000,1300,Parliament,,False
FY21-22,19854,Flinders Street,-37.81830513,144.9669643,metro,11392850,33600,33900,32500,29900,21550,900,2300,7050,17650,6000,Flinders Street,,False
FY21-22,19908,Richmond,-37.82407446,144.9901643,metro,1966800,4650,4750,4300,7350,5750,100,550,700,2100,1250,Richmond,,False
FY21-22,19973,North Melbourne,-37.80630984,144.9415102,metro,703500,2150,2250,1850,1750,1250,50,350,500,1100,200,North Melbourne,,False
FY21-22,19979,Jolimont,-37.81652702,144.9840983,metro,473600,950,1050,800,1950,1650,50,100,150,450,300,Jolimont,,False
FY21-22,22180,Southern Cross,-37.81793643,144.9514112,metro,6187150,19350,19900,17350,12800,10250,350,1500,3850,11650,2550,Southern Cross,,False
FY21-22,20028,Showgrounds,-37.7835,144.915,metro,8350,50,50,50,100,50,50,50,50,50,50,Showgrounds,,False
FY22-23,19827,Stony Point,-38.37423454,145.2218375,metro,5500,50,50,50,50,50,50,50,50,50,50,Stony Point,,False
FY22-23,19828,Crib Point,-38.36612338,145.2040433,metro,9450,50,50,50,50,50,50,50,50,50,50,Crib Point,,False
FY22-23,19829,Morradoo,-38.35403334,145.1896025,metro,3750,50,50,50,50,50,50,50,50,50,50,Morradoo,,False
FY22-23,19830,Bittern,-38.33739032,145.1780265,metro,7050,50,50,50,50,50,50,50,50,50,50,Bittern,,False
FY22-23,19831,Hastings,-38.30565853,145.1859799,metro,13350,50,50,50,50,50,50,50,50,50,50,Hastings,,False
FY22-23,19832,Tyabb,-38.259815,145.1864007,metro,3400,50,50,50,50,50,50,50,50,50,50,Tyabb,,False
FY22-23,19833,Somerville,-38.22534196,145.1762449,metro,7250,50,50,50,50,50,50,50,50,50,50,Somerville,,False
FY22-23,19834,Baxter,-38.19404306,145.1605261,metro,2150,50,50,50,50,50,50,50,50,50,50,Baxter,,False
FY22-23,19835,Glen Iris,-37.85930842,145.0582249,metro,247850,800,850,600,500,400,50,350,150,250,50,Glen Iris,,False
FY22-23,19836,Leawarra,-38.152034,145.139534,metro,5550,50,50,50,50,50,50,50,50,50,50,Leawarra,,False
FY22-23,19837,Darling,-37.86895684,145.0629508,metro,245850,750,800,700,550,450,50,450,150,150,50,Darling,,False
FY22-23,19838,East Malvern,-37.87693002,145.069393,metro,320100,950,900,1150,800,700,50,500,150,150,50,East Malvern,,False
FY22-23,19839,Holmesglen,-37.87440222,145.090662,metro,371750,1150,1150,1100,850,700,50,450,300,300,50,Holmesglen,,False
FY22-23,19840,Jordanville,-37.87360339,145.1120902,metro,362950,1150,1200,1050,700,600,100,700,200,150,50,Jordanville,,False
FY22-23,19844,Belgrave,-37.9091021,145.3552913,metro,197600,600,600,600,500,400,50,150,150,200,50,Belgrave,,False
FY22-23,19845,Tecoma,-37.90811849,145.3429946,metro,43850,150,150,150,100,50,50,50,50,50,50,Tecoma,,False
FY22-23,19846,Upwey,-37.90369097,145.3313334,metro,90150,300,300,250,200,150,50,100,50,50,50,Upwey,,False
FY22-23,19847,Alamein,-37.86832039,145.0796557,metro,78100,250,300,200,150,100,50,150,50,50,50,Alamein,,False
FY22-23,19848,Ashburton,-37.86196753,145.0813438,metro,168550,600,600,450,250,200,50,350,100,100,50,Ashburton,,False
FY22-23,19849,Burwood,-37.85156328,145.0805111,metro,194700,700,750,500,250,150,50,450,100,100,50,Burwood,,False
FY22-23,19850,Hartwell,-37.84398457,145.0755596,metro,117950,400,450,300,150,150,50,250,100,50,50,Hartwell,,False
FY22-23,19851,Willison,-37.83571565,145.0702976,metro,62800,200,250,150,100,50,50,150,50,50,50,Willison,,False
FY22-23,19852,Riversdale,-37.83150543,145.069646,metro,169350,650,700,350,150,100,50,350,100,200,50,Riversdale,,False
FY22-23,19853,Camberwell,-37.82656714,145.0586972,metro,1631400,5200,5500,4050,3150,2900,200,1950,1250,1750,300,Camberwell,,False
FY22-23,19855,Frankston,-38.14299007,145.1261623,metro,1022400,3050,3100,2850,2750,1950,500,750,900,750,150,Frankston,,False
FY22-23,19856,Kananook,-38.12174203,145.1352953,metro,155800,500,550,400,300,200,100,200,150,100,50,Kananook,,False
FY22-23,19857,Seaford,-38.10402104,145.1282304,metro,279000,850,900,700,650,450,150,350,200,150,50,Seaford,,False
FY22-23,19858,Carrum,-38.07489292,145.1224183,metro,281800,850,900,700,650,500,150,400,200,150,50,Carrum,,False
FY22-23,19859,Bonbeach,-38.06294478,145.1196804,metro,121600,350,400,300,300,200,50,200,100,50,50,Bonbeach,,False
FY22-23,19860,Chelsea,-38.05195538,145.1160413,metro,316650,950,1050,800,750,550,100,450,250,150,50,Chelsea,,False
FY22-23,19861,Edithvale,-38.03805602,145.1085355,metro,168750,500,550,400,400,300,50,300,100,100,50,Edithvale,,False
FY22-23,19862,Aspendale,-38.02722019,145.1021496,metro,142800,450,500,350,300,250,50,250,100,100,50,Aspendale,,False
FY22-23,19863,Mordialloc,-38.00658295,145.0876594,metro,416750,1300,1350,1000,1000,750,100,550,300,350,50,Mordialloc,,False
FY22-23,19864,Parkdale,-37.99307882,145.0763268,metro,231600,750,850,350,500,300,50,300,200,250,50,Parkdale,,False
FY22-23,19865,Mentone,-37.9818654,145.0651659,metro,588750,2000,2250,1050,950,650,100,550,500,1000,100,Mentone,,False
FY22-23,19866,Cheltenham,-37.96664989,145.0545579,metro,450000,1450,1600,950,900,600,150,700,300,350,50,Cheltenham,,False
FY22-23,19867,Upper Ferntree Gully,-37.8926717,145.3075302,metro,145900,450,450,450,300,250,100,200,100,50,50,Upper Ferntree Gully,,False
FY22-23,19868,Ferntree Gully,-37.88169799,145.2952513,metro,246500,800,850,800,450,300,100,400,150,100,50,Ferntree Gully,,False
FY22-23,19869,Boronia,-37.8604518,145.2843851,metro,355950,1150,1200,1100,700,500,150,550,250,200,50,Boronia,,False
FY22-23,19870,Bayswater,-37.84173004,145.2681364,metro,329600,1100,1100,1050,600,450,100,500,250,200,50,Bayswater,,False
FY22-23,19871,Heathmont,-37.82832227,145.2445554,metro,137150,450,500,400,250,150,50,250,100,100,50,Heathmont,,False
FY22-23,19872,Highett,-37.948425,145.0418718,metro,292800,950,1000,600,650,450,50,450,250,200,50,Highett,,False
FY22-23,19873,Glen Waverley,-37.87950407,145.1620575,metro,1291900,3900,4000,3650,3200,2500,300,1750,850,800,250,Glen Waverley,,False
FY22-23,19874,Syndal,-37.87622963,145.1497805,metro,660100,2100,2150,1900,1300,1100,250,1200,350,350,50,Syndal,,False
FY22-23,19875,Mount Waverley,-37.87525526,145.1280557,metro,606350,1900,2000,1600,1250,1050,150,900,400,500,50,Mount Waverley,,False
FY22-23,19876,Lilydale,-37.75551777,145.3477102,metro,390200,1200,1250,1150,850,650,150,450,300,250,50,Lilydale,,False
FY22-23,19877,Mooroolbark,-37.78474883,145.3124024,metro,405950,1350,1350,1250,750,500,250,600,250,200,50,Mooroolbark,,False
FY22-23,19878,Croydon,-37.79543697,145.2805978,metro,492650,1650,1650,1550,900,600,200,750,350,300,50,Croydon,,False
FY22-23,19879,Ringwood East,-37.81196804,145.2501909,metro,206700,700,750,600,300,250,100,350,150,150,50,Ringwood East,,False
FY22-23,19880,Pakenham,-38.08061397,145.4863791,metro,398000,1250,1250,1150,850,700,250,400,300,250,50,Pakenham,,False
FY22-23,19881,Officer,-38.06614572,145.4109872,metro,127000,450,450,350,150,100,100,200,100,50,50,Officer,,False
FY22-23,19882,Beaconsfield,-38.05083135,145.3660737,metro,209400,750,800,550,250,150,200,350,100,150,50,Beaconsfield,,False
FY22-23,19883,Berwick,-38.04040829,145.3457261,metro,697250,2400,2600,1600,950,700,450,1000,600,500,50,Berwick,,False
FY22-23,19884,Narre Warren,-38.02780932,145.3039694,metro,429650,1400,1500,1150,750,600,250,600,350,250,50,Narre Warren,,False
FY22-23,19885,Hallam,-38.01774038,145.2697768,metro,399600,1400,1450,1050,550,400,250,650,300,250,50,Hallam,,False
FY22-23,19886,Cranbourne,-38.09953731,145.280599,metro,787600,2600,2700,2150,1350,1050,650,1100,600,300,50,Cranbourne,,False
FY22-23,19887,Merinda Park,-38.07900048,145.2635114,metro,397700,1350,1450,1000,550,400,300,750,250,100,50,Merinda Park,,False
FY22-23,19888,Dandenong,-37.98996792,145.2097254,metro,1738900,5700,5800,5250,3350,2450,400,1300,1400,2200,450,Dandenong,,False
FY22-23,19889,Yarraman,-37.97825454,145.1916003,metro,210350,700,750,500,400,300,100,300,200,150,50,Yarraman,,False
FY22-23,19890,Noble Park,-37.96723193,145.1769357,metro,816200,2650,2850,1850,1550,1150,300,1000,700,700,150,Noble Park,,False
FY22-23,19891,Sandown Park,-37.95650457,145.1628259,metro,315850,1050,1150,700,550,400,100,650,250,100,50,Sandown Park,,False
FY22-23,19892,East Camberwell,-37.82589419,145.0681902,metro,108800,350,400,250,150,150,50,150,100,150,50,East Camberwell,,False
FY22-23,19893,Canterbury,-37.82448518,145.0812242,metro,160850,500,500,500,300,250,50,250,100,150,50,Canterbury,,False
FY22-23,19894,Chatham,-37.82429952,145.0886479,metro,104900,350,350,350,200,150,50,150,50,100,50,Chatham,,False
FY22-23,19895,Surrey Hills,-37.82414805,145.0987747,metro,175650,600,550,600,350,250,50,300,100,100,50,Surrey Hills,,False
FY22-23,19896,Mont Albert,-37.81942655,145.1055304,metro,92300,300,300,300,200,150,50,150,50,50,50,Mont Albert,,False
FY22-23,19897,Laburnum,-37.82078023,145.1407027,metro,208400,700,700,550,400,300,50,300,150,200,50,Laburnum,,False
FY22-23,19898,Blackburn,-37.82007075,145.1500135,metro,777500,2500,2550,2300,1600,1300,150,1050,550,700,100,Blackburn,,False
FY22-23,19899,Nunawading,-37.82060317,145.1748917,metro,526300,1750,1750,1600,950,800,100,750,400,450,50,Nunawading,,False
FY22-23,19900,Mitcham,-37.81800987,145.1919735,metro,647850,2200,2200,2050,1050,800,200,1050,450,500,50,Mitcham,,False
FY22-23,19901,Heatherdale,-37.81889537,145.2127872,metro,289950,1000,1000,950,400,300,100,550,150,150,50,Heatherdale,,False
FY22-23,19902,Ringwood,-37.81588648,145.2289685,metro,1334550,4150,4150,4150,3100,2300,250,950,1050,1650,300,Ringwood,,False
FY22-23,19903,Auburn,-37.82239831,145.0458437,metro,555400,1750,1800,1500,1250,950,100,750,400,500,100,Auburn,,False
FY22-23,19904,Glenferrie,-37.82146682,145.0364388,metro,1747000,6050,6500,4350,2400,1850,100,950,1800,3050,600,Glenferrie,,False
FY22-23,19905,Hawthorn,-37.82182601,145.0228987,metro,469400,1550,1650,1250,800,650,50,550,350,650,50,Hawthorn,,False
FY22-23,19906,Burnley,-37.82756022,145.0075551,metro,709000,2050,1900,2700,2000,1700,50,600,350,750,150,Burnley,,False
FY22-23,19907,East Richmond,-37.82639995,144.9970657,metro,457450,1600,1700,1350,600,400,50,250,250,1050,150,East Richmond,,False
FY22-23,19909,Heyington,-37.83467244,145.0226353,metro,182150,650,750,250,200,150,50,150,100,450,50,Heyington,,False
FY22-23,19910,Kooyong,-37.83992894,145.0335516,metro,238100,750,800,650,450,350,50,250,200,300,50,Kooyong,,False
FY22-23,19911,Tooronga,-37.84936553,145.0417337,metro,415900,1350,1400,1150,750,650,50,550,250,500,50,Tooronga,,False
FY22-23,19912,Gardiner,-37.85327908,145.0516547,metro,352450,1050,1050,950,900,750,50,500,200,250,50,Gardiner,,False
FY22-23,19913,Springvale,-37.94950878,145.1534518,metro,1162600,3600,3850,2700,2650,2000,250,1050,1100,1150,250,Springvale,,False
FY22-23,19914,Westall,-37.93849121,145.1388326,metro,668350,1950,1850,2300,1700,1650,150,650,400,550,150,Westall,,False
FY22-23,19915,Clayton,-37.92468255,145.1205344,metro,1209900,3900,4200,2650,2550,1700,300,1200,1100,1300,350,Clayton,,False
FY22-23,19916,Huntingdale,-37.91101734,145.1023643,metro,1118800,4050,4500,2100,1150,750,150,1050,1050,1900,350,Huntingdale,,False
FY22-23,19917,Oakleigh,-37.90037214,145.0883079,metro,1253850,4000,4300,2650,2750,1800,200,1200,1000,1600,300,Oakleigh,,False
FY22-23,19918,Hughesdale,-37.89488129,145.0776351,metro,444600,1450,1550,950,900,600,100,700,350,400,50,Hughesdale,,False
FY22-23,19919,Murrumbeena,-37.89019832,145.0673749,metro,567900,1900,2050,1250,1000,700,150,1050,400,400,50,Murrumbeena,,False
FY22-23,19920,Carnegie,-37.88624148,145.0585751,metro,806150,2600,2800,1750,1700,1100,150,1250,650,600,200,Carnegie,,False
FY22-23,19921,Werribee,-37.89937805,144.661118,metro,941250,3000,3000,3150,1850,1450,500,1250,700,450,100,Werribee,,False
FY22-23,19922,Hoppers Crossing,-37.88327618,144.7009549,metro,738900,2450,2550,2100,1250,950,400,1050,550,500,50,Hoppers Crossing,,False
FY22-23,19923,Laverton,-37.86369404,144.7726167,metro,817350,2750,2800,2500,1350,1050,350,1350,600,450,50,Laverton,,False
FY22-23,19924,Aircraft,-37.86660595,144.7608094,metro,194950,600,650,550,400,300,100,250,100,150,50,Aircraft,,False
FY22-23,19925,Westona,-37.86516348,144.8134936,metro,206550,700,750,450,350,250,50,250,150,300,50,Westona,,False
FY22-23,19926,Altona,-37.8671476,144.8296447,metro,226200,650,650,600,600,500,50,250,200,150,50,Altona,,False
FY22-23,19927,Seaholme,-37.86784231,144.8409577,metro,79350,250,250,200,200,150,50,100,50,50,50,Seaholme,,False
FY22-23,19928,Westgarth,-37.7806207,144.9992332,metro,182000,550,600,400,400,300,50,300,100,100,50,Westgarth,,False
FY22-23,19929,Dennis,-37.77918729,145.0082416,metro,223750,750,800,550,450,300,50,450,150,150,50,Dennis,,False
FY22-23,19930,Fairfield,-37.77917126,145.0169053,metro,406550,1250,1350,950,900,750,50,650,250,300,50,Fairfield,,False
FY22-23,19931,Alphington,-37.77839363,145.0312549,metro,216150,700,750,500,450,350,50,350,150,150,50,Alphington,,False
FY22-23,19932,Darebin,-37.77496341,145.038476,metro,95550,300,350,200,200,150,50,150,50,100,50,Darebin,,False
FY22-23,19933,Ivanhoe,-37.76889674,145.0454252,metro,537800,1750,1900,1250,1000,800,100,900,300,500,50,Ivanhoe,,False
FY22-23,19934,Eaglemont,-37.76358553,145.0539427,metro,99350,300,350,250,200,200,50,200,50,50,50,Eaglemont,,False
FY22-23,19935,Heidelberg,-37.75707293,145.0606855,metro,605950,1950,2050,1550,1200,950,100,550,400,950,100,Heidelberg,,False
FY22-23,19936,Rosanna,-37.7428786,145.0661403,metro,492000,1650,1700,1250,850,650,200,950,300,250,50,Rosanna,,False
FY22-23,19938,Patterson,-37.92514919,145.03547,metro,201850,650,750,300,400,300,50,350,150,200,50,Patterson,,False
FY22-23,19939,Bentleigh,-37.91742457,145.0369951,metro,415200,1300,1450,700,1000,750,100,550,400,350,100,Bentleigh,,False
FY22-23,19940,Mckinnon,-37.91030903,145.038299,metro,251050,800,900,400,550,450,50,450,200,200,50,Mckinnon,,False
FY22-23,19941,Ormond,-37.90321167,145.0396134,metro,379600,1200,1350,650,850,650,50,600,300,300,50,Ormond,,False
FY22-23,19942,Glenhuntly,-37.88971946,145.0422229,metro,319350,950,1100,400,800,600,50,450,250,250,50,Glenhuntly,,False
FY22-23,19943,Caulfield,-37.87745946,145.0425248,metro,2668350,8150,8900,5200,6000,5650,250,2250,2150,3050,1150,Caulfield,,False
FY22-23,19944,Malvern,-37.8662533,145.0292939,metro,531650,1700,1850,1000,1100,850,50,550,450,700,150,Malvern,,False
FY22-23,19945,Armadale,-37.85645238,145.0193255,metro,370550,1200,1350,650,700,500,50,550,300,450,50,Armadale,,False
FY22-23,19946,Toorak,-37.85077381,145.0139086,metro,329150,1100,1250,550,600,400,50,450,250,450,50,Toorak,,False
FY22-23,19947,Hawksburn,-37.84459087,145.0021421,metro,340500,1100,1200,650,700,500,50,500,250,300,50,Hawksburn,,False
FY22-23,19948,Sandringham,-37.95033018,145.0045614,metro,731450,2150,2050,2600,2000,1400,150,950,400,450,100,Sandringham,,False
FY22-23,19949,Hampton,-37.93797681,145.0014706,metro,436550,1350,1350,1400,1000,700,50,650,300,300,100,Hampton,,False
FY22-23,19950,Brighton Beach,-37.92648432,144.9891536,metro,386650,1100,950,1600,1100,850,50,400,200,250,50,Brighton Beach,,False
FY22-23,19951,Middle Brighton,-37.91513441,144.9962991,metro,473800,1450,1400,1450,1150,900,50,500,350,450,100,Middle Brighton,,False
FY22-23,19952,North Brighton,-37.90488721,145.002605,metro,480700,1500,1500,1500,1050,750,50,650,300,400,100,North Brighton,,False
FY22-23,19953,Gardenvale,-37.89669508,145.0041684,metro,356400,1100,1150,1100,800,550,50,500,250,300,50,Gardenvale,,False
FY22-23,19954,Elsternwick,-37.88475311,145.0008979,metro,710350,2200,2200,2200,1600,1200,100,1000,450,550,150,Elsternwick,,False
FY22-23,19955,Ripponlea,-37.87590643,144.9952366,metro,440500,1400,1450,1250,900,700,50,700,300,300,50,Ripponlea,,False
FY22-23,19956,Balaclava,-37.86948773,144.9935121,metro,726350,2250,2250,2250,1600,1250,100,950,450,550,150,Balaclava,,False
FY22-23,19957,Windsor,-37.85605308,144.9920352,metro,555550,1750,1850,1500,1250,800,50,650,300,600,150,Windsor,,False
FY22-23,19958,Prahran,-37.84951848,144.9898599,metro,838550,2700,2750,2400,1800,1200,100,700,550,1200,200,Prahran,,False
FY22-23,19959,South Yarra,-37.83844935,144.9923422,metro,2769550,9000,9550,6850,5600,3900,250,2250,2250,3950,850,South Yarra,,False
FY22-23,19960,Upfield,-37.66607779,144.9467399,metro,225650,700,750,650,450,350,50,200,200,250,50,Upfield,,False
FY22-23,19961,Gowrie,-37.700678,144.9588743,metro,201250,650,650,550,450,350,50,300,150,100,50,Gowrie,,False
FY22-23,19962,Fawkner,-37.71462129,144.960545,metro,124050,400,400,350,250,200,50,200,100,50,50,Fawkner,,False
FY22-23,19963,Merlynston,-37.72093389,144.9613135,metro,194300,600,650,550,400,300,50,300,150,100,50,Merlynston,,False
FY22-23,19964,Batman,-37.73352285,144.9628406,metro,185900,600,600,550,400,300,50,250,150,150,50,Batman,,False
FY22-23,19965,Coburg,-37.74234502,144.9633363,metro,399550,1250,1250,1150,900,650,100,500,300,300,50,Coburg,,False
FY22-23,19966,Moreland,-37.75448484,144.961823,metro,278950,900,900,800,600,450,50,300,200,300,50,Moreland,,False
FY22-23,19967,Anstey,-37.76124203,144.960684,metro,263200,800,850,750,600,450,50,400,150,150,50,Anstey,,False
FY22-23,19968,Brunswick,-37.76772055,144.9595865,metro,234900,700,750,650,550,400,50,200,150,300,50,Brunswick,,True
FY22-23,19969,Jewell,-37.77498702,144.9587169,metro,253550,800,800,700,550,400,50,250,200,300,50,Jewell,,False
FY22-23,19970,Royal Park,-37.78119293,144.9523013,metro,241700,750,700,900,500,500,50,100,200,300,50,Royal Park,,False
FY22-23,19971,Flemington Bridge,-37.78813995,144.9393233,metro,184050,600,600,500,400,300,50,150,200,200,50,Flemington Bridge,,False
FY22-23,19972,Macaulay,-37.79426673,144.9361663,metro,191800,600,650,550,400,300,50,100,200,300,50,Macaulay,,False
FY22-23,19974,Clifton Hill,-37.78865745,144.9954167,metro,716900,2000,2050,1900,2050,1850,100,750,450,600,150,Clifton Hill,,False
FY22-23,19975,Victoria Park,-37.79915782,144.9944514,metro,529400,1650,1700,1400,1250,950,50,450,300,750,150,Victoria Park,,False
FY22-23,19976,Collingwood,-37.80452593,144.9937497,metro,413050,1350,1400,1100,800,550,50,250,250,750,100,Collingwood,,False
FY22-23,19977,North Richmond,-37.81039836,144.9925003,metro,540950,1700,1750,1450,1200,950,50,300,400,850,150,North Richmond,,False
FY22-23,19978,West Richmond,-37.81494896,144.9914228,metro,372950,1200,1250,1050,700,550,50,250,250,600,150,West Richmond,,False
FY22-23,19983,Macleod,-37.7260123,145.0691433,metro,441450,1450,1550,1150,700,550,150,800,300,300,50,Macleod,,False
FY22-23,19984,Watsonia,-37.71095798,145.0837934,metro,388050,1250,1350,900,750,600,200,750,200,200,50,Watsonia,,False
FY22-23,19985,Greensborough,-37.70395408,145.1082474,metro,319400,1000,1100,750,650,500,150,500,200,200,50,Greensborough,,False
FY22-23,19986,Montmorency,-37.71529624,145.1215157,metro,147500,500,500,350,300,200,50,300,100,50,50,Montmorency,,False
FY22-23,19987,Eltham,-37.71354967,145.147822,metro,316700,1050,1100,700,600,500,150,550,200,200,50,Eltham,,False
FY22-23,19988,Diamond Creek,-37.67329744,145.1585062,metro,99200,300,350,250,200,150,50,200,50,50,50,Diamond Creek,,False
FY22-23,19989,Wattle Glen,-37.66396792,145.1816145,metro,20800,50,50,50,50,50,50,50,50,50,50,Wattle Glen,,False
FY22-23,19990,Hurstbridge,-37.63939817,145.1920169,metro,67900,200,200,150,150,150,50,100,50,50,50,Hurstbridge,,False
FY22-23,19991,Williamstown,-37.86775292,144.9053233,metro,120250,350,350,350,350,250,50,150,100,100,50,Williamstown,,False
FY22-23,19992,Williamstown Beach,-37.86398189,144.8944837,metro,141650,450,450,400,300,300,50,150,100,100,50,Williamstown Beach,,False
FY22-23,19993,North Williamstown,-37.85733348,144.8890695,metro,238350,750,800,650,450,350,50,350,200,150,50,North Williamstown,,False
FY22-23,19994,Newport,-37.84271757,144.8835999,metro,1068800,3450,3550,3000,2100,1700,250,1800,650,650,150,Newport,,False
FY22-23,19995,Spotswood,-37.83063888,144.8859335,metro,258700,750,800,700,700,550,50,300,150,200,50,Spotswood,,False
FY22-23,19996,Yarraville,-37.81585044,144.8899337,metro,700050,2200,2300,1850,1550,1150,150,1100,450,450,150,Yarraville,,False
FY22-23,19997,Seddon,-37.80900514,144.8956716,metro,335100,1050,1150,850,700,500,50,600,250,200,50,Seddon,,False
FY22-23,15351,Sunbury,-37.57909097,144.7273188,metro,581150,1800,1800,1850,1300,900,350,650,350,350,50,Sunbury,,False
FY22-23,15353,Diggers Rest,-37.62701651,144.7199224,metro,129750,450,450,400,200,150,100,250,50,50,50,Diggers Rest,,False
FY22-23,20000,Watergardens,-37.70112872,144.7741805,metro,1029750,3350,3450,3050,1850,1450,450,1700,750,450,100,Watergardens,,False
FY22-23,20001,Keilor Plains,-37.72927934,144.7937381,metro,483400,1600,1650,1400,850,650,250,850,300,150,50,Keilor Plains,,False
FY22-23,20002,St Albans,-37.74486131,144.8000505,metro,891100,2850,2950,2550,1800,1400,300,1050,900,550,100,St Albans,,False
FY22-23,20003,Ginifer,-37.75751083,144.8095734,metro,519400,1700,1750,1500,900,700,150,750,450,400,50,Ginifer,,False
FY22-23,20004,Albion,-37.77765281,144.8247036,metro,336250,1100,1150,1000,600,450,150,600,250,150,50,Albion,,False
FY22-23,20005,Epping,-37.65238715,145.0301217,metro,672900,2200,2300,1700,1250,1000,300,800,550,650,100,Epping,,False
FY22-23,20006,Lalor,-37.66585075,145.0171932,metro,388600,1250,1300,1100,700,600,200,600,250,150,50,Lalor,,False
FY22-23,20007,Thomastown,-37.68033809,145.0142789,metro,571800,1800,1850,1650,1200,950,250,750,450,350,50,Thomastown,,False
FY22-23,20008,Keon Park,-37.69487012,145.0118838,metro,271900,900,900,800,500,400,50,300,200,300,50,Keon Park,,False
FY22-23,20009,Ruthven,-37.70789754,145.0095166,metro,237150,750,750,700,500,400,100,400,150,100,50,Ruthven,,False
FY22-23,20010,Reservoir,-37.71688492,145.0069958,metro,691000,2200,2300,1900,1400,1050,250,850,550,600,150,Reservoir,,False
FY22-23,20011,Regent,-37.72840277,145.0027726,metro,323850,1050,1050,950,600,500,100,550,200,150,50,Regent,,False
FY22-23,20014,Thornbury,-37.75505179,144.9985715,metro,340700,1100,1100,950,700,550,50,550,200,250,50,Thornbury,,False
FY22-23,20015,Croxton,-37.764101,144.9970562,metro,202800,650,650,600,450,350,50,350,100,100,50,Croxton,,False
FY22-23,20016,Northcote,-37.76986537,144.9952772,metro,239250,750,800,650,500,350,50,300,150,250,50,Northcote,,False
FY22-23,20017,Merri,-37.77784668,144.9929725,metro,121150,400,400,350,250,200,50,150,100,100,50,Merri,,False
FY22-23,20019,Rushall,-37.78321711,144.9924071,metro,101600,300,300,300,250,200,50,100,50,100,50,Rushall,,False
FY22-23,20021,Sunshine,-37.78853633,144.8328782,metro,1635650,5300,5500,4550,3150,2450,400,1650,1400,1700,300,Sunshine,,False
FY22-23,20022,Tottenham,-37.7992509,144.8629449,metro,365900,1250,1300,1050,600,450,100,600,300,300,50,Tottenham,,False
FY22-23,20023,West Footscray,-37.8018087,144.8853248,metro,466850,1600,1650,1300,750,500,150,950,300,300,50,West Footscray,,False
FY22-23,20024,Middle Footscray,-37.8025047,144.8914721,metro,173550,550,600,500,350,250,50,300,100,100,50,Middle Footscray,,False
FY22-23,20025,Footscray,-37.80108298,144.9031992,metro,3957000,12900,13600,10400,7750,5350,650,3800,3650,4600,850,Footscray,,False
FY22-23,20026,South Kensington,-37.79953087,144.925469,metro,283350,900,950,750,550,450,50,400,200,250,50,South Kensington,,False
FY22-23,20027,Flemington Racecourse,-37.78720192,144.9075887,metro,129200,150,150,50,1400,100,50,50,50,50,100,Flemington Racecourse,,False
FY22-23,20030,Broadmeadows,-37.68304926,144.9196132,metro,725000,2300,2350,2050,1450,1200,150,550,700,800,150,Broadmeadows,,False
FY22-23,20031,Jacana,-37.69513079,144.9158505,metro,176700,550,550,500,400,350,50,250,150,100,50,Jacana,,False
FY22-23,20032,Glenroy,-37.70453633,144.9172204,metro,626050,2000,2050,1900,1250,950,250,750,500,400,100,Glenroy,,False
FY22-23,20033,Oak Park,-37.71794973,144.9215188,metro,368050,1150,1200,1100,750,600,100,650,250,150,50,Oak Park,,False
FY22-23,20034,Pascoe Vale,-37.73075596,144.9281956,metro,422850,1350,1350,1250,900,650,100,700,250,200,50,Pascoe Vale,,False
FY22-23,20035,Strathmore,-37.74359132,144.9273157,metro,242550,800,850,650,450,350,50,450,150,150,50,Strathmore,,False
FY22-23,20036,Glenbervie,-37.74720985,144.9209387,metro,216300,700,700,650,450,350,50,400,150,100,50,Glenbervie,,False
FY22-23,20037,Essendon,-37.7560117,144.9161975,metro,1160200,3750,3900,3100,2250,1850,300,1700,750,1000,200,Essendon,,False
FY22-23,20038,Moonee Ponds,-37.76570666,144.9191607,metro,648000,2000,2050,1900,1550,1100,100,850,450,500,100,Moonee Ponds,,False
FY22-23,20039,Ascot Vale,-37.77530609,144.9218207,metro,383400,1250,1250,1100,750,600,100,700,250,200,50,Ascot Vale,,False
FY22-23,20040,Newmarket,-37.78732767,144.9289785,metro,496250,1550,1600,1400,1100,800,100,700,350,350,100,Newmarket,,False
FY22-23,20041,Kensington,-37.79378022,144.9305244,metro,368400,1150,1150,1100,850,600,50,550,250,300,50,Kensington,,False
FY22-23,20042,Box Hill,-37.81922165,145.1214289,metro,1924250,6250,6350,5800,3750,2950,250,1550,1650,2300,500,Box Hill,,False
FY22-23,40220,Roxburgh Park,-37.63823121,144.9354037,metro,433550,1400,1450,1300,800,600,150,700,300,250,50,Roxburgh Park,,False
FY22-23,40221,Craigieburn,-37.6018169,144.9433203,metro,1110800,3500,3600,3150,2300,1800,650,1700,750,400,100,Craigieburn,,False
FY22-23,44817,Coolaroo,-37.66100253,144.9260556,metro,189850,650,650,550,350,250,50,300,150,100,50,Coolaroo,,False
FY22-23,45793,Lynbrook,-38.05734118,145.2492751,metro,331200,1150,1250,800,450,350,200,650,250,100,50,Lynbrook,,False
FY22-23,45794,Cardinia Road,-38.07129047,145.437791,metro,309800,1050,1100,900,500,350,250,500,200,100,50,Cardinia Road,,False
FY22-23,45795,South Morang,-37.6491588,145.0670324,metro,510050,1650,1650,1500,1050,800,200,650,350,350,100,South Morang,,False
FY22-23,46468,Williams Landing,-37.86986533,144.7474447,metro,1166300,4000,4150,3350,1800,1300,500,2300,800,450,100,Williams Landing,,False
FY22-23,52095,Southland,-37.958758,145.049124,metro,413400,1200,1200,1100,1100,900,50,200,400,500,100,Southland,,False
FY22-23,52159,Middle Gorge,-37.644062,145.09214,metro,188600,650,750,400,250,200,100,250,100,300,50,Middle Gorge,,False
FY22-23,52160,Hawkstowe,-37.622992,145.097396,metro,159150,550,550,450,300,200,100,300,100,50,50,Hawkstowe,,False
FY22-23,52161,Mernda,-37.602549,145.100883,metro,672750,2200,2250,1850,1350,950,450,1100,400,250,50,Mernda,,False
FY22-23,19841,Flagstaff,-37.81198131,144.9556538,metro,2758300,10250,11000,7550,2150,1550,100,700,2100,7150,950,Flagstaff,,False
FY22-23,19842,Melbourne Central,-37.80993877,144.9625935,metro,8626300,29000,30600,22700,13700,10550,250,1300,7100,17050,4950,Melbourne Central,,False
FY22-23,19843,Parliament,-37.81105406,144.9729109,metro,4723950,17500,18700,12750,4000,2750,100,850,3100,12650,2050,Parliament,,False
FY22-23,19854,Flinders Street,-37.81830513,144.9669643,metro,18793400,56800,56700,57200,47800,35350,1350,3300,11200,29950,10900,Flinders Street,,False
FY22-23,19908,Richmond,-37.82407446,144.9901643,metro,3105850,7850,8000,7300,11050,8750,150,850,1050,3400,2550,Richmond,,False
FY22-23,19973,North Melbourne,-37.80630984,144.9415102,metro,1144850,3400,3500,3100,3200,2350,150,550,750,1700,350,North Melbourne,,False
FY22-23,19979,Jolimont,-37.81652702,144.9840983,metro,921700,1950,2000,1750,3500,3750,50,150,300,800,700,Jolimont,,False
FY22-23,22180,Southern Cross,-37.81793643,144.9514112,metro,10942400,35900,37050,31400,19550,16250,450,2400,6750,23000,4400,Southern Cross,,False
FY22-23,19937,Moorabbin,-37.93435329,145.0367383,metro,505450,1500,1550,1300,1400,1050,50,450,400,550,100,Moorabbin,,False
FY22-23,20028,Showgrounds,-37.7835,144.915,metro,168400,200,50,1050,850,800,50,50,50,50,50,Showgrounds,,False
FY22-23,20013,Bell,-37.74556212,145.000155,metro,262500,850,850,800,550,450,50,300,200,250,50,Bell,,False
FY22-23,20012,Preston,-37.73867424,145.000522,metro,398450,1250,1250,1150,950,650,50,400,350,350,50,Preston,,False
FY22-23,49343,Union,-37.823477,145.1000368,metro,50850,150,200,100,100,100,50,100,50,50,50,Union,,False
FY23-24,19829,Morradoo,-38.35403334,145.1896025,metro,3600,50,50,50,50,50,50,50,50,50,50,Morradoo,,False
FY23-24,19831,Hastings,-38.30565853,145.1859799,metro,14300,50,50,50,50,50,50,50,50,50,50,Hastings,,False
FY23-24,19832,Tyabb,-38.259815,145.1864007,metro,3250,50,50,50,50,50,50,50,50,50,50,Tyabb,,False
FY23-24,19833,Somerville,-38.22534196,145.1762449,metro,7400,50,50,50,50,50,50,50,50,50,50,Somerville,,False
FY23-24,19835,Glen Iris,-37.85930842,145.0582249,metro,268850,850,900,650,550,350,50,400,150,250,50,Glen Iris,,False
FY23-24,19837,Darling,-37.86895684,145.0629508,metro,282750,850,900,700,750,500,50,500,150,150,50,Darling,,False
FY23-24,19838,East Malvern,-37.87693002,145.069393,metro,335300,1000,1050,850,900,550,50,600,200,200,50,East Malvern,,False
FY23-24,19839,Holmesglen,-37.87440222,145.090662,metro,396900,1250,1300,1000,950,650,50,500,350,350,50,Holmesglen,,False
FY23-24,19840,Jordanville,-37.87360339,145.1120902,metro,386400,1250,1300,1050,800,500,100,750,250,200,50,Jordanville,,False
FY23-24,19844,Belgrave,-37.9091021,145.3552913,metro,223050,650,650,750,550,450,50,200,150,200,50,Belgrave,,False
FY23-24,19845,Tecoma,-37.90811849,145.3429946,metro,43350,150,150,150,100,50,50,50,50,50,50,Tecoma,,False
FY23-24,19846,Upwey,-37.90369097,145.3313334,metro,92050,300,300,300,200,100,50,150,50,50,50,Upwey,,False
FY23-24,19847,Alamein,-37.86832039,145.0796557,metro,91500,300,300,250,150,100,50,200,50,50,50,Alamein,,False
FY23-24,19848,Ashburton,-37.86196753,145.0813438,metro,194250,650,700,550,300,200,50,400,150,100,50,Ashburton,,False
FY23-24,19849,Burwood,-37.85156328,145.0805111,metro,214050,750,800,600,250,200,50,500,100,100,50,Burwood,,False
FY23-24,19850,Hartwell,-37.84398457,145.0755596,metro,132400,450,450,400,200,150,50,250,100,100,50,Hartwell,,False
FY23-24,19851,Willison,-37.83571565,145.0702976,metro,75100,250,300,200,100,50,50,200,50,50,50,Willison,,False
FY23-24,19852,Riversdale,-37.83150543,145.069646,metro,146100,550,600,300,100,50,50,300,100,200,50,Riversdale,,False
FY23-24,19853,Camberwell,-37.82656714,145.0586972,metro,1241500,3950,4050,3450,2450,2200,150,1150,850,1600,300,Camberwell,,False
FY23-24,19855,Frankston,-38.14299007,145.1261623,metro,997450,2950,2850,3200,2700,1850,450,700,850,700,150,Frankston,,False
FY23-24,19856,Kananook,-38.12174203,145.1352953,metro,173700,550,600,550,350,200,100,250,150,100,50,Kananook,,False
FY23-24,19857,Seaford,-38.10402104,145.1282304,metro,308950,950,950,950,700,450,200,400,200,150,50,Seaford,,False
FY23-24,19858,Carrum,-38.07489292,145.1224183,metro,322800,950,1000,900,850,500,150,450,250,150,50,Carrum,,False
FY23-24,19859,Bonbeach,-38.06294478,145.1196804,metro,134500,400,450,350,300,200,50,250,100,50,50,Bonbeach,,False
FY23-24,19860,Chelsea,-38.05195538,145.1160413,metro,340500,1050,1050,1000,800,550,100,500,250,200,50,Chelsea,,False
FY23-24,19861,Edithvale,-38.03805602,145.1085355,metro,186300,600,600,500,450,250,50,300,100,100,50,Edithvale,,False
FY23-24,19862,Aspendale,-38.02722019,145.1021496,metro,156950,500,500,450,350,200,50,300,100,100,50,Aspendale,,False
FY23-24,19863,Mordialloc,-38.00658295,145.0876594,metro,538700,1650,1700,1550,1300,850,150,650,400,450,100,Mordialloc,,False
FY23-24,19864,Parkdale,-37.99307882,145.0763268,metro,69450,200,250,150,150,100,50,100,50,50,50,Parkdale,,False
FY23-24,19865,Mentone,-37.9818654,145.0651659,metro,670400,2250,2400,1650,1100,700,150,700,500,1000,100,Mentone,,False
FY23-24,19866,Cheltenham,-37.96664989,145.0545579,metro,629500,2000,2050,1750,1350,900,200,950,400,400,100,Cheltenham,,False
FY23-24,19867,Upper Ferntree Gully,-37.8926717,145.3075302,metro,155150,500,500,500,350,250,100,200,100,100,50,Upper Ferntree Gully,,False
FY23-24,19868,Ferntree Gully,-37.88169799,145.2952513,metro,269950,900,900,950,450,300,150,500,150,100,50,Ferntree Gully,,False
FY23-24,19869,Boronia,-37.8604518,145.2843851,metro,380550,1250,1250,1300,750,500,150,600,250,200,50,Boronia,,False
FY23-24,19870,Bayswater,-37.84173004,145.2681364,metro,385400,1250,1250,1250,750,500,150,500,250,300,50,Bayswater,,False
FY23-24,19871,Heathmont,-37.82832227,145.2445554,metro,150050,500,500,500,250,150,50,300,100,50,50,Heathmont,,False
FY23-24,19872,Highett,-37.948425,145.0418718,metro,345050,1100,1100,1000,800,500,50,500,250,250,50,Highett,,False
FY23-24,19873,Glen Waverley,-37.87950407,145.1620575,metro,1326650,4000,4150,3500,3250,2400,300,1750,950,850,300,Glen Waverley,,False
FY23-24,19874,Syndal,-37.87622963,145.1497805,metro,682000,2200,2300,1800,1400,950,250,1250,350,350,50,Syndal,,False
FY23-24,19875,Mount Waverley,-37.87525526,145.1280557,metro,652600,2100,2200,1600,1400,900,150,1000,450,550,50,Mount Waverley,,False
FY23-24,19876,Lilydale,-37.75551777,145.3477102,metro,410150,1300,1250,1400,950,650,150,450,300,250,50,Lilydale,,False
FY23-24,19877,Mooroolbark,-37.78474883,145.3124024,metro,465850,1550,1550,1600,800,500,300,750,250,200,50,Mooroolbark,,False
FY23-24,19878,Croydon,-37.79543697,145.2805978,metro,288100,950,900,1200,550,350,100,400,200,150,50,Croydon,,False
FY23-24,19879,Ringwood East,-37.81196804,145.2501909,metro,213500,750,750,650,350,250,100,350,150,150,50,Ringwood East,,False
FY23-24,19880,Pakenham,-38.08061397,145.4863791,metro,451700,1400,1450,1400,1000,700,300,450,350,250,50,Pakenham,,False
FY23-24,19881,Officer,-38.06614572,145.4109872,metro,163300,550,600,500,200,150,150,300,100,50,50,Officer,,False
FY23-24,19882,Beaconsfield,-38.05083135,145.3660737,metro,174000,600,650,500,250,150,150,250,100,100,50,Beaconsfield,,False
FY23-24,19883,Berwick,-38.04040829,145.3457261,metro,948200,3350,3500,2750,1150,750,650,1500,750,550,100,Berwick,,False
FY23-24,19884,Narre Warren,-38.02780932,145.3039694,metro,268150,900,950,650,450,300,150,350,250,150,50,Narre Warren,,False
FY23-24,19885,Hallam,-38.01774038,145.2697768,metro,551600,1900,1950,1750,750,500,350,850,350,300,50,Hallam,,False
FY23-24,19886,Cranbourne,-38.09953731,145.280599,metro,949900,3150,3200,2850,1700,1150,700,1350,700,350,100,Cranbourne,,False
FY23-24,19887,Merinda Park,-38.07900048,145.2635114,metro,510450,1750,1800,1500,800,500,400,900,350,150,50,Merinda Park,,False
FY23-24,19888,Dandenong,-37.98996792,145.2097254,metro,2073300,6700,6900,5750,4050,3050,550,1500,1750,2500,650,Dandenong,,False
FY23-24,19889,Yarraman,-37.97825454,145.1916003,metro,275650,900,900,800,500,400,100,400,250,150,50,Yarraman,,False
FY23-24,19890,Noble Park,-37.96723193,145.1769357,metro,1001850,3250,3350,2750,1850,1450,400,1100,850,850,150,Noble Park,,False
FY23-24,19891,Sandown Park,-37.95650457,145.1628259,metro,421450,1450,1500,1200,600,500,100,850,350,150,50,Sandown Park,,False
FY23-24,19892,East Camberwell,-37.82589419,145.0681902,metro,176350,600,650,350,250,200,50,250,150,250,50,East Camberwell,,False
FY23-24,19893,Canterbury,-37.82448518,145.0812242,metro,246900,800,850,650,500,350,50,350,200,200,50,Canterbury,,False
FY23-24,19894,Chatham,-37.82429952,145.0886479,metro,175600,600,600,450,350,250,50,300,100,150,50,Chatham,,False
FY23-24,19897,Laburnum,-37.82078023,145.1407027,metro,291150,950,1000,700,600,400,50,500,200,250,50,Laburnum,,False
FY23-24,19898,Blackburn,-37.82007075,145.1500135,metro,1230050,4000,4250,3000,2450,1650,300,2000,850,950,150,Blackburn,,False
FY23-24,19899,Nunawading,-37.82060317,145.1748917,metro,672750,2200,2250,2000,1250,900,150,1050,450,500,100,Nunawading,,False
FY23-24,19900,Mitcham,-37.81800987,145.1919735,metro,833250,2750,2800,2550,1450,1050,300,1350,500,550,100,Mitcham,,False
FY23-24,19901,Heatherdale,-37.81889537,145.2127872,metro,406400,1400,1400,1200,650,400,200,800,200,200,50,Heatherdale,,False
FY23-24,19902,Ringwood,-37.81588648,145.2289685,metro,1606950,5000,5050,4650,3700,2650,450,1600,1200,1450,350,Ringwood,,False
FY23-24,19903,Auburn,-37.82239831,145.0458437,metro,626150,2000,2050,1650,1350,900,100,850,450,550,100,Auburn,,False
FY23-24,19904,Glenferrie,-37.82146682,145.0364388,metro,1996050,6950,7400,5100,2600,1900,100,1050,2050,3400,750,Glenferrie,,False
FY23-24,19905,Hawthorn,-37.82182601,145.0228987,metro,523950,1750,1850,1400,900,600,50,650,350,700,100,Hawthorn,,False
FY23-24,19906,Burnley,-37.82756022,145.0075551,metro,730000,2050,2100,1750,2350,1650,50,650,400,850,150,Burnley,,False
FY23-24,19907,East Richmond,-37.82639995,144.9970657,metro,537300,1950,2000,1600,600,350,50,250,250,1350,150,East Richmond,,False
FY23-24,19909,Heyington,-37.83467244,145.0226353,metro,185750,650,750,250,200,100,50,150,150,450,50,Heyington,,False
FY23-24,19910,Kooyong,-37.83992894,145.0335516,metro,257850,850,900,650,500,300,50,250,200,350,50,Kooyong,,False
FY23-24,19911,Tooronga,-37.84936553,145.0417337,metro,467850,1550,1600,1300,900,550,50,650,250,550,50,Tooronga,,False
FY23-24,19912,Gardiner,-37.85327908,145.0516547,metro,399250,1200,1200,1100,1050,700,50,600,250,300,50,Gardiner,,False
FY23-24,19913,Springvale,-37.94950878,145.1534518,metro,1473100,4500,4650,4050,3350,2650,350,1250,1350,1350,350,Springvale,,False
FY23-24,19914,Westall,-37.93849121,145.1388326,metro,665850,2000,2100,1600,1700,1200,200,800,450,550,100,Westall,,False
FY23-24,19915,Clayton,-37.92468255,145.1205344,metro,1535450,5000,5100,4600,2800,2150,350,1400,1350,1500,450,Clayton,,False
FY23-24,19916,Huntingdale,-37.91101734,145.1023643,metro,1391450,5050,5400,3550,1250,850,200,1250,1300,2200,450,Huntingdale,,False
FY23-24,19917,Oakleigh,-37.90037214,145.0883079,metro,1555100,5000,5150,4450,3150,2100,250,1450,1200,1900,350,Oakleigh,,False
FY23-24,19918,Hughesdale,-37.89488129,145.0776351,metro,548700,1800,1850,1600,950,650,100,800,400,450,100,Hughesdale,,False
FY23-24,19919,Murrumbeena,-37.89019832,145.0673749,metro,714250,2400,2500,2150,1150,750,200,1250,500,450,100,Murrumbeena,,False
FY23-24,19920,Carnegie,-37.88624148,145.0585751,metro,993800,3250,3350,2950,1800,1250,200,1450,800,700,250,Carnegie,,False
FY23-24,19921,Werribee,-37.89937805,144.661118,metro,1085250,3550,3700,2900,2000,1400,600,1650,800,500,100,Werribee,,False
FY23-24,19922,Hoppers Crossing,-37.88327618,144.7009549,metro,897300,3050,3200,2300,1400,950,450,1450,650,600,50,Hoppers Crossing,,False
FY23-24,19923,Laverton,-37.86369404,144.7726167,metro,912600,3100,3200,2550,1450,1000,400,1600,650,500,50,Laverton,,False
FY23-24,19924,Aircraft,-37.86660595,144.7608094,metro,234300,750,800,650,450,300,150,300,150,150,50,Aircraft,,False
FY23-24,19925,Westona,-37.86516348,144.8134936,metro,222100,750,800,500,400,250,50,300,150,250,50,Westona,,False
FY23-24,19926,Altona,-37.8671476,144.8296447,metro,260350,750,800,700,700,500,50,300,200,150,50,Altona,,False
FY23-24,19927,Seaholme,-37.86784231,144.8409577,metro,86500,250,250,250,200,150,50,150,50,50,50,Seaholme,,False
FY23-24,19928,Westgarth,-37.7806207,144.9992332,metro,195700,600,650,550,450,300,50,300,100,150,50,Westgarth,,False
FY23-24,19929,Dennis,-37.77918729,145.0082416,metro,247400,800,850,700,450,300,50,500,150,150,50,Dennis,,False
FY23-24,19930,Fairfield,-37.77917126,145.0169053,metro,444550,1400,1450,1250,1000,650,50,700,300,300,100,Fairfield,,False
FY23-24,19931,Alphington,-37.77839363,145.0312549,metro,244050,800,850,650,450,300,50,400,150,200,50,Alphington,,False
FY23-24,19932,Darebin,-37.77496341,145.038476,metro,102800,350,350,250,200,100,50,150,50,100,50,Darebin,,False
FY23-24,19933,Ivanhoe,-37.76889674,145.0454252,metro,597750,2000,2100,1550,1150,700,150,1000,350,550,50,Ivanhoe,,False
FY23-24,19934,Eaglemont,-37.76358553,145.0539427,metro,111200,350,350,300,250,150,50,200,100,50,50,Eaglemont,,False
FY23-24,19935,Heidelberg,-37.75707293,145.0606855,metro,702150,2300,2450,1700,1400,850,100,750,500,1000,100,Heidelberg,,False
FY23-24,19936,Rosanna,-37.7428786,145.0661403,metro,505100,1700,1750,1600,800,550,200,1000,300,250,50,Rosanna,,False
FY23-24,19937,Moorabbin,-37.93435329,145.0367383,metro,524250,1650,1700,1450,1200,900,100,550,400,550,100,Moorabbin,,False
FY23-24,19938,Patterson,-37.92514919,145.03547,metro,248350,800,850,600,500,300,50,400,150,200,50,Patterson,,False
FY23-24,19939,Bentleigh,-37.91742457,145.0369951,metro,509100,1550,1600,1450,1200,900,100,600,450,350,100,Bentleigh,,False
FY23-24,19940,Mckinnon,-37.91030903,145.038299,metro,307050,950,1000,850,650,450,50,500,250,200,50,Mckinnon,,False
FY23-24,19941,Ormond,-37.90321167,145.0396134,metro,456750,1450,1450,1250,1050,700,100,650,350,300,50,Ormond,,False
FY23-24,19943,Caulfield,-37.87745946,145.0425248,metro,2909850,8950,9350,7300,7400,4600,250,2300,2350,3300,1100,Caulfield,,False
FY23-24,19944,Malvern,-37.8662533,145.0292939,metro,612550,1950,2000,1700,1350,950,50,550,500,700,150,Malvern,,False
FY23-24,19945,Armadale,-37.85645238,145.0193255,metro,413300,1350,1400,1100,900,550,50,550,300,450,50,Armadale,,False
FY23-24,19946,Toorak,-37.85077381,145.0139086,metro,363150,1200,1250,850,700,450,50,500,250,400,50,Toorak,,False
FY23-24,19947,Hawksburn,-37.84459087,145.0021421,metro,378250,1200,1200,1050,850,550,50,550,250,300,50,Hawksburn,,False
FY23-24,19948,Sandringham,-37.95033018,145.0045614,metro,786850,2300,2350,2000,2250,1450,150,1100,500,500,100,Sandringham,,False
FY23-24,19949,Hampton,-37.93797681,145.0014706,metro,493950,1550,1600,1300,1200,750,100,750,350,350,100,Hampton,,False
FY23-24,19950,Brighton Beach,-37.92648432,144.9891536,metro,393350,1100,1100,1050,1200,900,50,450,250,300,50,Brighton Beach,,False
FY23-24,19951,Middle Brighton,-37.91513441,144.9962991,metro,526150,1600,1650,1400,1300,900,50,550,400,500,100,Middle Brighton,,False
FY23-24,19952,North Brighton,-37.90488721,145.002605,metro,524650,1650,1700,1300,1250,750,50,750,350,400,100,North Brighton,,False
FY23-24,19953,Gardenvale,-37.89669508,145.0041684,metro,396750,1250,1300,950,950,550,50,600,300,350,50,Gardenvale,,False
FY23-24,19954,Elsternwick,-37.88475311,145.0008979,metro,797050,2500,2600,2000,1900,1200,100,1150,550,650,200,Elsternwick,,False
FY23-24,19955,Ripponlea,-37.87590643,144.9952366,metro,487100,1550,1650,1200,1050,700,100,800,300,350,50,Ripponlea,,False
FY23-24,19956,Balaclava,-37.86948773,144.9935121,metro,787700,2450,2550,2050,1750,1250,150,1100,500,650,150,Balaclava,,False
FY23-24,19957,Windsor,-37.85605308,144.9920352,metro,601350,1950,2050,1450,1350,800,100,750,350,650,200,Windsor,,False
FY23-24,19958,Prahran,-37.84951848,144.9898599,metro,893300,2900,3000,2250,1900,1200,100,800,600,1250,250,Prahran,,False
FY23-24,19959,South Yarra,-37.83844935,144.9923422,metro,3100250,10100,10500,8450,6000,4100,300,2450,2450,4350,950,South Yarra,,False
FY23-24,19960,Upfield,-37.66607779,144.9467399,metro,275250,850,900,800,550,450,50,250,250,300,50,Upfield,,False
FY23-24,19961,Gowrie,-37.700678,144.9588743,metro,231100,700,750,650,550,400,50,300,200,150,50,Gowrie,,False
FY23-24,19962,Fawkner,-37.71462129,144.960545,metro,147500,450,500,450,300,250,50,200,100,100,50,Fawkner,,False
FY23-24,19963,Merlynston,-37.72093389,144.9613135,metro,257800,850,850,750,550,400,100,450,200,100,50,Merlynston,,False
FY23-24,19964,Batman,-37.73352285,144.9628406,metro,222650,700,700,650,450,350,50,300,150,200,50,Batman,,False
FY23-24,19965,Coburg,-37.74234502,144.9633363,metro,498850,1550,1600,1450,1150,800,100,650,400,350,100,Coburg,,False
FY23-24,19966,Moreland,-37.75448484,144.961823,metro,268250,850,850,750,600,400,50,350,200,200,50,Moreland,,False
FY23-24,19967,Anstey,-37.76124203,144.960684,metro,358900,1100,1150,1050,850,600,100,550,250,200,50,Anstey,,False
FY23-24,19968,Brunswick,-37.76772055,144.9595865,metro,326950,1000,1050,850,750,550,50,300,250,400,100,Brunswick,,True
FY23-24,19969,Jewell,-37.77498702,144.9587169,metro,349050,1050,1100,900,800,600,50,300,300,400,100,Jewell,,False
FY23-24,19970,Royal Park,-37.78119293,144.9523013,metro,304600,900,850,1050,750,600,50,150,300,400,50,Royal Park,,False
FY23-24,19971,Flemington Bridge,-37.78813995,144.9393233,metro,252700,800,800,700,550,400,50,200,250,250,50,Flemington Bridge,,False
FY23-24,19972,Macaulay,-37.79426673,144.9361663,metro,279350,900,950,750,600,400,50,150,300,400,50,Macaulay,,False
FY23-24,19974,Clifton Hill,-37.78865745,144.9954167,metro,779150,2200,2250,2100,2350,1650,100,800,500,700,150,Clifton Hill,,False
FY23-24,19975,Victoria Park,-37.79915782,144.9944514,metro,615100,1950,2050,1650,1350,900,50,550,350,850,200,Victoria Park,,False
FY23-24,19976,Collingwood,-37.80452593,144.9937497,metro,488050,1650,1700,1350,900,550,50,300,300,950,150,Collingwood,,False
FY23-24,19977,North Richmond,-37.81039836,144.9925003,metro,609400,1950,2000,1700,1300,900,50,350,450,950,200,North Richmond,,False
FY23-24,19978,West Richmond,-37.81494896,144.9914228,metro,396750,1300,1350,1100,750,450,50,250,300,650,150,West Richmond,,False
FY23-24,19983,Macleod,-37.7260123,145.0691433,metro,382150,1300,1350,1100,600,400,100,650,250,300,50,Macleod,,False
FY23-24,19984,Watsonia,-37.71095798,145.0837934,metro,434900,1500,1500,1400,700,450,200,850,200,200,50,Watsonia,,False
FY23-24,19985,Greensborough,-37.70395408,145.1082474,metro,411400,1350,1350,1300,750,550,150,600,250,300,50,Greensborough,,False
FY23-24,19986,Montmorency,-37.71529624,145.1215157,metro,192650,650,650,550,350,200,100,350,100,100,50,Montmorency,,False
FY23-24,19987,Eltham,-37.71354967,145.147822,metro,387550,1300,1350,1100,650,450,150,650,250,250,50,Eltham,,False
FY23-24,19988,Diamond Creek,-37.67329744,145.1585062,metro,128950,450,450,400,200,150,50,250,50,50,50,Diamond Creek,,False
FY23-24,19989,Wattle Glen,-37.66396792,145.1816145,metro,30100,100,100,100,50,50,50,50,50,50,50,Wattle Glen,,False
FY23-24,19990,Hurstbridge,-37.63939817,145.1920169,metro,82350,250,250,250,150,150,50,150,50,50,50,Hurstbridge,,False
FY23-24,19991,Williamstown,-37.86775292,144.9053233,metro,143650,400,450,400,400,300,50,150,150,100,50,Williamstown,,False
FY23-24,19992,Williamstown Beach,-37.86398189,144.8944837,metro,158900,500,500,450,350,300,50,200,100,150,50,Williamstown Beach,,False
FY23-24,19993,North Williamstown,-37.85733348,144.8890695,metro,260900,850,900,700,500,350,50,400,200,150,50,North Williamstown,,False
FY23-24,19994,Newport,-37.84271757,144.8835999,metro,1231700,4000,4150,3450,2450,1600,300,2100,800,800,200,Newport,,False
FY23-24,19995,Spotswood,-37.83063888,144.8859335,metro,294100,900,900,750,750,500,50,400,200,250,50,Spotswood,,False
FY23-24,19996,Yarraville,-37.81585044,144.8899337,metro,794400,2500,2600,2100,1700,1200,150,1300,550,500,150,Yarraville,,False
FY23-24,19997,Seddon,-37.80900514,144.8956716,metro,381350,1250,1300,950,750,500,50,700,250,250,50,Seddon,,False
FY23-24,15351,Sunbury,-37.57909097,144.7273188,metro,690850,2150,2200,1950,1600,1050,450,800,450,400,100,Sunbury,,False
FY23-24,15353,Diggers Rest,-37.62701651,144.7199224,metro,173850,600,650,450,250,150,100,350,100,50,50,Diggers Rest,,False
FY23-24,20000,Watergardens,-37.70112872,144.7741805,metro,1258850,4200,4350,3500,2250,1500,600,2150,900,550,100,Watergardens,,False
FY23-24,20001,Keilor Plains,-37.72927934,144.7937381,metro,614000,2050,2100,1700,1050,750,350,1150,400,200,50,Keilor Plains,,False
FY23-24,20002,St Albans,-37.74486131,144.8000505,metro,1022200,3250,3350,2900,2000,1600,300,1300,1050,600,100,St Albans,,False
FY23-24,20003,Ginifer,-37.75751083,144.8095734,metro,650350,2150,2200,1800,1150,900,200,950,500,500,50,Ginifer,,False
FY23-24,20004,Albion,-37.77765281,144.8247036,metro,433100,1450,1500,1200,700,500,150,750,350,200,50,Albion,,False
FY23-24,20005,Epping,-37.65238715,145.0301217,metro,725350,2400,2550,1800,1350,900,300,850,600,700,100,Epping,,False
FY23-24,20006,Lalor,-37.66585075,145.0171932,metro,446900,1450,1550,1150,800,550,250,750,300,200,50,Lalor,,False
FY23-24,20007,Thomastown,-37.68033809,145.0142789,metro,635600,2050,2100,1700,1300,950,300,850,500,400,100,Thomastown,,False
FY23-24,20008,Keon Park,-37.69487012,145.0118838,metro,133550,450,450,400,250,150,50,100,100,200,50,Keon Park,,False
FY23-24,20009,Ruthven,-37.70789754,145.0095166,metro,302050,950,1000,750,650,450,100,500,200,150,50,Ruthven,,False
FY23-24,20010,Reservoir,-37.71688492,145.0069958,metro,852650,2750,2800,2650,1700,1200,350,1000,650,650,150,Reservoir,,False
FY23-24,20011,Regent,-37.72840277,145.0027726,metro,369000,1200,1250,1050,750,500,100,700,200,200,50,Regent,,False
FY23-24,20012,Preston,-37.73867424,145.000522,metro,568750,1750,1850,1450,1350,950,100,600,500,550,100,Preston,,False
FY23-24,20013,Bell,-37.74556212,145.000155,metro,385100,1200,1250,1050,850,600,50,500,250,350,50,Bell,,False
FY23-24,20014,Thornbury,-37.75505179,144.9985715,metro,372350,1200,1250,1000,800,500,50,600,250,250,50,Thornbury,,False
FY23-24,20015,Croxton,-37.764101,144.9970562,metro,228050,700,750,650,550,350,50,400,100,150,50,Croxton,,False
FY23-24,20016,Northcote,-37.76986537,144.9952772,metro,278000,900,950,700,600,400,50,350,150,300,50,Northcote,,False
FY23-24,20017,Merri,-37.77784668,144.9929725,metro,146100,450,500,350,300,200,50,200,100,150,50,Merri,,False
FY23-24,20019,Rushall,-37.78321711,144.9924071,metro,119850,350,400,300,300,200,50,150,100,100,50,Rushall,,False
FY23-24,20021,Sunshine,-37.78853633,144.8328782,metro,1830400,5950,6150,5200,3500,2600,450,1800,1500,1950,400,Sunshine,,False
FY23-24,20022,Tottenham,-37.7992509,144.8629449,metro,422000,1450,1500,1200,650,450,150,700,300,300,50,Tottenham,,False
FY23-24,20023,West Footscray,-37.8018087,144.8853248,metro,522700,1800,1850,1450,800,500,150,1050,300,300,50,West Footscray,,False
FY23-24,20024,Middle Footscray,-37.8025047,144.8914721,metro,201800,650,700,550,400,250,50,350,150,100,50,Middle Footscray,,False
FY23-24,20025,Footscray,-37.80108298,144.9031992,metro,4365800,14050,14650,11450,9050,6000,800,3900,4050,4850,1000,Footscray,,False
FY23-24,20026,South Kensington,-37.79953087,144.925469,metro,304650,1000,1000,800,650,450,50,400,250,250,50,South Kensington,,False
FY23-24,20027,Flemington Racecourse,-37.78720192,144.9075887,metro,134250,100,150,50,1500,50,50,50,50,50,100,Flemington Racecourse,,False
FY23-24,20030,Broadmeadows,-37.68304926,144.9196132,metro,874950,2800,2900,2450,1750,1350,200,700,850,950,200,Broadmeadows,,False
FY23-24,20031,Jacana,-37.69513079,144.9158505,metro,215600,650,700,600,450,400,100,300,150,100,50,Jacana,,False
FY23-24,20032,Glenroy,-37.70453633,144.9172204,metro,758850,2450,2500,2250,1450,1100,250,1000,650,500,100,Glenroy,,False
FY23-24,20033,Oak Park,-37.71794973,144.9215188,metro,437000,1400,1450,1250,900,600,150,750,300,200,50,Oak Park,,False
FY23-24,20034,Pascoe Vale,-37.73075596,144.9281956,metro,530800,1700,1750,1500,1100,750,150,900,350,300,50,Pascoe Vale,,False
FY23-24,20035,Strathmore,-37.74359132,144.9273157,metro,299900,1000,1050,800,550,350,50,550,200,200,50,Strathmore,,False
FY23-24,20036,Glenbervie,-37.74720985,144.9209387,metro,263100,850,900,750,500,350,100,500,150,100,50,Glenbervie,,False
FY23-24,20037,Essendon,-37.7560117,144.9161975,metro,1312800,4300,4450,3650,2550,1650,350,2100,800,1050,150,Essendon,,False
FY23-24,20038,Moonee Ponds,-37.76570666,144.9191607,metro,759550,2400,2450,2200,1750,1100,150,1000,550,600,150,Moonee Ponds,,False
FY23-24,20039,Ascot Vale,-37.77530609,144.9218207,metro,474300,1550,1600,1350,900,600,100,900,300,250,50,Ascot Vale,,False
FY23-24,20040,Newmarket,-37.78732767,144.9289785,metro,598050,1900,1950,1700,1300,850,100,850,450,450,100,Newmarket,,False
FY23-24,20041,Kensington,-37.79378022,144.9305244,metro,435300,1400,1400,1300,950,650,50,650,300,350,50,Kensington,,False
FY23-24,20042,Box Hill,-37.81922165,145.1214289,metro,2535000,8100,8350,7100,5100,3950,400,2450,2300,2650,500,Box Hill,,False
FY23-24,40220,Roxburgh Park,-37.63823121,144.9354037,metro,512350,1700,1750,1500,900,650,200,800,400,300,50,Roxburgh Park,,False
FY23-24,40221,Craigieburn,-37.6018169,144.9433203,metro,1418700,4600,4750,4000,2800,1950,800,2300,1000,500,150,Craigieburn,,False
FY23-24,44817,Coolaroo,-37.66100253,144.9260556,metro,253750,850,900,750,400,300,100,450,200,100,50,Coolaroo,,False
FY23-24,45793,Lynbrook,-38.05734118,145.2492751,metro,393250,1350,1450,1100,500,350,200,750,300,150,50,Lynbrook,,False
FY23-24,45794,Cardinia Road,-38.07129047,145.437791,metro,360500,1200,1250,1150,550,350,250,600,250,100,50,Cardinia Road,,False
FY23-24,45795,South Morang,-37.6491588,145.0670324,metro,534400,1700,1750,1450,1100,750,250,700,400,400,100,South Morang,,False
FY23-24,46468,Williams Landing,-37.86986533,144.7474447,metro,1359750,4700,4950,3700,1900,1300,600,2750,950,500,100,Williams Landing,,False
FY23-24,49343,Union,-37.823477,145.1000368,metro,512800,1700,1750,1450,950,650,100,1000,300,300,50,Union,,False
FY23-24,52095,Southland,-37.958758,145.049124,metro,432800,1250,1200,1400,1250,950,50,200,400,450,100,Southland,,False
FY23-24,52159,Middle Gorge,-37.644062,145.09214,metro,203450,700,800,400,300,150,100,300,100,250,50,Middle Gorge,,False
FY23-24,52160,Hawkstowe,-37.622992,145.097396,metro,184850,600,650,500,300,200,100,350,100,50,50,Hawkstowe,,False
FY23-24,52161,Mernda,-37.602549,145.100883,metro,710550,2300,2400,1900,1400,950,450,1150,450,300,50,Mernda,,False
FY23-24,19841,Flagstaff,-37.81198131,144.9556538,metro,3435300,12600,13100,10450,2900,2200,150,800,2600,8400,1150,Flagstaff,,False
FY23-24,19842,Melbourne Central,-37.80993877,144.9625935,metro,11176650,36850,37700,33200,18700,15550,300,1600,9050,20750,5950,Melbourne Central,,False
FY23-24,19843,Parliament,-37.81105406,144.9729109,metro,5862900,21350,22100,18000,5450,4200,100,800,3750,15150,2300,Parliament,,False
FY23-24,19854,Flinders Street,-37.81830513,144.9669643,metro,20345200,62850,63600,59550,47100,34400,1400,3650,12800,33650,12100,Flinders Street,,False
FY23-24,19908,Richmond,-37.82407446,144.9901643,metro,3722400,9800,9650,10500,13450,8000,150,900,1350,4000,3300,Richmond,,False
FY23-24,19973,North Melbourne,-37.80630984,144.9415102,metro,1220400,3600,3700,3400,3300,2500,150,550,800,1750,400,North Melbourne,,False
FY23-24,19979,Jolimont,-37.81652702,144.9840983,metro,1027200,2400,2400,2550,4300,2650,50,150,350,950,900,Jolimont,,False
FY23-24,22180,Southern Cross,-37.81793643,144.9514112,metro,14019450,46350,47500,41300,24250,18750,550,2950,8950,29450,5550,Southern Cross,,False
FY23-24,19827,Stony Point,-38.37423454,145.2218375,metro,6700,50,50,50,50,50,50,50,50,50,50,Stony Point,,False
FY23-24,19828,Crib Point,-38.36612338,145.2040433,metro,7150,50,50,50,50,50,50,50,50,50,50,Crib Point,,False
FY23-24,19830,Bittern,-38.33739032,145.1780265,metro,7850,50,50,50,50,50,50,50,50,50,50,Bittern,,False
FY23-24,19836,Leawarra,-38.152034,145.139534,metro,5150,50,50,50,50,50,50,50,50,50,50,Leawarra,,False
FY23-24,20028,Showgrounds,-37.7835,144.915,metro,138000,250,50,1150,650,500,50,50,50,50,50,Showgrounds,,False
FY23-24,19834,Baxter,-38.19404306,145.1605261,metro,2550,50,50,50,50,50,50,50,50,50,50,Baxter,,False
FY23-24,19942,Glenhuntly,-37.88971946,145.0422229,metro,524650,1600,1650,1450,1200,850,100,700,400,350,100,Glenhuntly,,False
FY23-24,49458,East Pakenham,-38.084284,145.506311,metro,3700,50,50,50,50,50,50,50,50,50,50,East Pakenham,,False
FY24-25,15351,Sunbury,-37.57909097,144.7273188,metro,691050,2200,2250,1950,1450,950,450,850,450,400,100,Sunbury,,False
FY24-25,15353,Diggers Rest,-37.62701651,144.7199224,metro,165600,550,600,450,200,150,100,300,100,50,50,Diggers Rest,,False
FY24-25,19827,Stony Point,-38.37423454,145.2218375,metro,6950,50,50,50,50,50,50,50,50,50,50,Stony Point,,False
FY24-25,19828,Crib Point,-38.36612338,145.2040433,metro,7900,50,50,50,50,50,50,50,50,50,50,Crib Point,,False
FY24-25,19829,Morradoo,-38.35403334,145.1896025,metro,3400,50,50,50,50,50,50,50,50,50,50,Morradoo,,False
FY24-25,19830,Bittern,-38.33739032,145.1780265,metro,8800,50,50,50,50,50,50,50,50,50,50,Bittern,,False
FY24-25,19831,Hastings,-38.30565853,145.1859799,metro,10850,50,50,50,50,50,50,50,50,50,50,Hastings,,False
FY24-25,19832,Tyabb,-38.259815,145.1864007,metro,4050,50,50,50,50,50,50,50,50,50,50,Tyabb,,False
FY24-25,19833,Somerville,-38.22534196,145.1762449,metro,8050,50,50,50,50,50,50,50,50,50,50,Somerville,,False
FY24-25,19834,Baxter,-38.19404306,145.1605261,metro,2500,50,50,50,50,50,50,50,50,50,50,Baxter,,False
FY24-25,19835,Glen Iris,-37.85930842,145.0582249,metro,261300,850,900,600,550,350,50,400,150,250,50,Glen Iris,,False
FY24-25,19836,Leawarra,-38.152034,145.139534,metro,5500,50,50,50,50,50,50,50,50,50,50,Leawarra,,False
FY24-25,19837,Darling,-37.86895684,145.0629508,metro,262650,800,850,650,550,400,50,500,150,150,50,Darling,,False
FY24-25,19838,East Malvern,-37.87693002,145.069393,metro,333800,1050,1050,850,750,550,50,600,200,150,50,East Malvern,,False
FY24-25,19839,Holmesglen,-37.87440222,145.090662,metro,383100,1200,1250,900,850,650,50,450,350,350,50,Holmesglen,,False
FY24-25,19840,Jordanville,-37.87360339,145.1120902,metro,388950,1250,1300,1000,750,550,100,750,250,200,50,Jordanville,,False
FY24-25,19841,Flagstaff,-37.81198131,144.9556538,metro,3445200,12350,13100,9500,2900,2200,150,850,2550,8450,1150,Flagstaff,,False
FY24-25,19842,Melbourne Central,-37.80993877,144.9625935,metro,11876900,38300,39700,33000,20650,17250,300,1650,9500,21750,6550,Melbourne Central,,False
FY24-25,19843,Parliament,-37.81105406,144.9729109,metro,6344650,22350,23550,17950,6450,4750,150,850,3950,16000,2600,Parliament,,False
FY24-25,19844,Belgrave,-37.9091021,145.3552913,metro,283100,850,900,750,650,450,100,300,200,250,50,Belgrave,,False
FY24-25,19845,Tecoma,-37.90811849,145.3429946,metro,47250,150,150,150,100,50,50,100,50,50,50,Tecoma,,False
FY24-25,19846,Upwey,-37.90369097,145.3313334,metro,97850,300,350,250,200,150,50,150,50,50,50,Upwey,,False
FY24-25,19847,Alamein,-37.86832039,145.0796557,metro,96200,300,350,250,150,100,50,200,50,50,50,Alamein,,False
FY24-25,19848,Ashburton,-37.86196753,145.0813438,metro,201950,700,700,600,300,200,50,400,150,100,50,Ashburton,,False
FY24-25,19849,Burwood,-37.85156328,145.0805111,metro,221250,750,800,600,250,200,50,500,150,100,50,Burwood,,False
FY24-25,19850,Hartwell,-37.84398457,145.0755596,metro,138050,450,500,400,200,150,50,300,100,100,50,Hartwell,,False
FY24-25,19851,Willison,-37.83571565,145.0702976,metro,73100,250,250,200,100,50,50,150,50,50,50,Willison,,False
FY24-25,19852,Riversdale,-37.83150543,145.069646,metro,144000,550,600,300,100,50,50,300,100,200,50,Riversdale,,False
FY24-25,19853,Camberwell,-37.82656714,145.0586972,metro,1260400,3950,4100,3500,2350,2200,150,1100,850,1650,300,Camberwell,,False
FY24-25,19854,Flinders Street,-37.81830513,144.9669643,metro,19633300,60900,61800,57400,43150,31350,1100,3600,12600,33650,10900,Flinders Street,,False
FY24-25,19855,Frankston,-38.14299007,145.1261623,metro,1035450,3050,2950,3350,2750,1900,450,750,850,700,150,Frankston,,False
FY24-25,19856,Kananook,-38.12174203,145.1352953,metro,173050,550,550,550,350,200,100,250,100,100,50,Kananook,,False
FY24-25,19857,Seaford,-38.10402104,145.1282304,metro,320500,1000,1000,1000,700,500,200,450,200,150,50,Seaford,,False
FY24-25,19858,Carrum,-38.07489292,145.1224183,metro,343700,1050,1050,950,850,550,150,450,250,150,50,Carrum,,False
FY24-25,19859,Bonbeach,-38.06294478,145.1196804,metro,141600,450,450,400,300,200,50,250,100,50,50,Bonbeach,,False
FY24-25,19860,Chelsea,-38.05195538,145.1160413,metro,352250,1100,1100,1000,800,550,100,500,250,200,50,Chelsea,,False
FY24-25,19861,Edithvale,-38.03805602,145.1085355,metro,201450,650,650,600,450,300,50,350,150,100,50,Edithvale,,False
FY24-25,19862,Aspendale,-38.02722019,145.1021496,metro,169500,550,550,450,350,250,50,300,100,100,50,Aspendale,,False
FY24-25,19863,Mordialloc,-38.00658295,145.0876594,metro,529850,1600,1600,1600,1300,850,100,650,350,400,100,Mordialloc,,False
FY24-25,19864,Parkdale,-37.99307882,145.0763268,metro,268050,850,900,600,550,350,50,400,200,250,50,Parkdale,,False
FY24-25,19865,Mentone,-37.9818654,145.0651659,metro,583650,1900,2050,1500,1000,650,100,650,450,800,100,Mentone,,False
FY24-25,19866,Cheltenham,-37.96664989,145.0545579,metro,717500,2200,2300,1800,1700,1100,200,1150,450,450,100,Cheltenham,,False
FY24-25,19867,Upper Ferntree Gully,-37.8926717,145.3075302,metro,180450,550,600,500,350,300,100,250,100,100,50,Upper Ferntree Gully,,False
FY24-25,19868,Ferntree Gully,-37.88169799,145.2952513,metro,337700,1150,1200,950,500,350,150,650,200,150,50,Ferntree Gully,,False
FY24-25,19869,Boronia,-37.8604518,145.2843851,metro,462850,1500,1600,1300,800,550,200,800,350,200,50,Boronia,,False
FY24-25,19870,Bayswater,-37.84173004,145.2681364,metro,446150,1450,1500,1300,800,550,150,700,300,300,50,Bayswater,,False
FY24-25,19871,Heathmont,-37.82832227,145.2445554,metro,199600,700,700,550,250,200,50,400,100,100,50,Heathmont,,False
FY24-25,19872,Highett,-37.948425,145.0418718,metro,410950,1250,1300,1100,1000,650,100,600,300,250,50,Highett,,False
FY24-25,19873,Glen Waverley,-37.87950407,145.1620575,metro,1209700,3650,3850,2950,2900,2150,250,1600,900,800,250,Glen Waverley,,False
FY24-25,19874,Syndal,-37.87622963,145.1497805,metro,698100,2200,2350,1700,1400,1050,250,1250,350,350,50,Syndal,,False
FY24-25,19875,Mount Waverley,-37.87525526,145.1280557,metro,658250,2100,2250,1550,1300,950,150,1050,450,500,100,Mount Waverley,,False
FY24-25,19876,Lilydale,-37.75551777,145.3477102,metro,512300,1600,1700,1350,1050,800,200,600,400,400,50,Lilydale,,False
FY24-25,19877,Mooroolbark,-37.78474883,145.3124024,metro,569250,1900,2000,1500,950,600,400,1000,350,250,50,Mooroolbark,,False
FY24-25,19878,Croydon,-37.79543697,145.2805978,metro,447350,1500,1550,1150,750,500,150,700,350,300,50,Croydon,,False
FY24-25,19879,Ringwood East,-37.81196804,145.2501909,metro,268800,900,1000,650,400,250,100,500,200,150,50,Ringwood East,,False
FY24-25,19880,Pakenham,-38.08061397,145.4863791,metro,495750,1550,1600,1400,1000,750,350,500,450,300,50,Pakenham,,False
FY24-25,19881,Officer,-38.06614572,145.4109872,metro,208600,700,750,550,250,200,150,350,150,100,50,Officer,,False
FY24-25,19882,Beaconsfield,-38.05083135,145.3660737,metro,199950,700,750,500,250,150,150,350,100,100,50,Beaconsfield,,False
FY24-25,19883,Berwick,-38.04040829,145.3457261,metro,1008200,3450,3700,2600,1300,900,700,1600,750,600,100,Berwick,,False
FY24-25,19884,Narre Warren,-38.02780932,145.3039694,metro,522200,1700,1800,1400,900,650,250,750,400,300,100,Narre Warren,,False
FY24-25,19885,Hallam,-38.01774038,145.2697768,metro,521500,1750,1850,1400,750,500,300,850,350,300,50,Hallam,,False
FY24-25,19886,Cranbourne,-38.09953731,145.280599,metro,1054250,3500,3650,2900,1650,1250,800,1600,800,400,100,Cranbourne,,False
FY24-25,19887,Merinda Park,-38.07900048,145.2635114,metro,577750,1950,2050,1600,750,550,400,1000,400,200,50,Merinda Park,,False
FY24-25,19888,Dandenong,-37.98996792,145.2097254,metro,1970750,6300,6500,5450,3750,2800,450,1350,1700,2400,600,Dandenong,,False
FY24-25,19889,Yarraman,-37.97825454,145.1916003,metro,272450,900,900,750,450,400,100,350,250,200,50,Yarraman,,False
FY24-25,19890,Noble Park,-37.96723193,145.1769357,metro,993800,3200,3350,2600,1800,1400,350,1100,850,850,150,Noble Park,,False
FY24-25,19891,Sandown Park,-37.95650457,145.1628259,metro,458700,1550,1650,1200,650,500,150,950,350,150,50,Sandown Park,,False
FY24-25,19892,East Camberwell,-37.82589419,145.0681902,metro,185950,600,700,350,300,200,50,250,150,250,50,East Camberwell,,False
FY24-25,19893,Canterbury,-37.82448518,145.0812242,metro,268450,850,900,650,500,400,50,400,200,250,50,Canterbury,,False
FY24-25,19894,Chatham,-37.82429952,145.0886479,metro,183300,600,600,500,350,250,50,300,150,150,50,Chatham,,False
FY24-25,19897,Laburnum,-37.82078023,145.1407027,metro,316900,1000,1100,750,600,450,50,550,200,250,50,Laburnum,,False
FY24-25,19898,Blackburn,-37.82007075,145.1500135,metro,1206950,3750,3950,3100,2600,1950,250,1850,800,900,150,Blackburn,,False
FY24-25,19899,Nunawading,-37.82060317,145.1748917,metro,758050,2500,2600,2150,1250,950,200,1250,500,550,100,Nunawading,,False
FY24-25,19900,Mitcham,-37.81800987,145.1919735,metro,925550,3050,3200,2550,1550,1050,350,1600,600,600,100,Mitcham,,False
FY24-25,19901,Heatherdale,-37.81889537,145.2127872,metro,448700,1500,1600,1250,650,450,200,900,250,250,50,Heatherdale,,False
FY24-25,19902,Ringwood,-37.81588648,145.2289685,metro,1514250,4650,4700,4500,3350,2450,350,1300,1250,1500,350,Ringwood,,False
FY24-25,19903,Auburn,-37.82239831,145.0458437,metro,650000,2050,2150,1700,1300,950,100,950,450,600,100,Auburn,,False
FY24-25,19904,Glenferrie,-37.82146682,145.0364388,metro,1978650,6800,7300,4900,2500,1900,100,1050,2000,3450,650,Glenferrie,,False
FY24-25,19905,Hawthorn,-37.82182601,145.0228987,metro,531400,1750,1850,1400,850,650,50,700,350,700,50,Hawthorn,,False
FY24-25,19906,Burnley,-37.82756022,145.0075551,metro,881250,2950,3100,2400,1450,900,50,700,500,1650,150,Burnley,,False
FY24-25,19907,East Richmond,-37.82639995,144.9970657,metro,575900,2050,2200,1600,600,300,50,300,300,1450,150,East Richmond,,False
FY24-25,19908,Richmond,-37.82407446,144.9901643,metro,3712750,9850,9600,10700,13000,8850,150,900,1350,4400,2800,Richmond,,False
FY24-25,19909,Heyington,-37.83467244,145.0226353,metro,189500,650,800,250,200,100,50,150,150,450,50,Heyington,,False
FY24-25,19910,Kooyong,-37.83992894,145.0335516,metro,233000,750,800,500,450,350,50,250,200,300,50,Kooyong,,False
FY24-25,19911,Tooronga,-37.84936553,145.0417337,metro,453150,1500,1550,1100,800,550,50,650,250,550,50,Tooronga,,False
FY24-25,19912,Gardiner,-37.85327908,145.0516547,metro,399400,1200,1250,1000,1050,750,50,650,250,250,50,Gardiner,,False
FY24-25,19913,Springvale,-37.94950878,145.1534518,metro,1429400,4300,4500,3750,3300,2650,300,1200,1300,1350,350,Springvale,,False
FY24-25,19914,Westall,-37.93849121,145.1388326,metro,634250,1950,1950,1900,1450,1050,150,750,450,500,100,Westall,,False
FY24-25,19915,Clayton,-37.92468255,145.1205344,metro,1514000,4750,4950,4050,3050,2350,350,1350,1300,1500,450,Clayton,,False
FY24-25,19916,Huntingdale,-37.91101734,145.1023643,metro,1590050,5650,6200,3650,1500,1050,200,1400,1500,2550,550,Huntingdale,,False
FY24-25,19917,Oakleigh,-37.90037214,145.0883079,metro,1624200,5150,5400,4350,3150,2250,250,1500,1300,1950,400,Oakleigh,,False
FY24-25,19918,Hughesdale,-37.89488129,145.0776351,metro,555350,1800,1900,1400,1050,750,100,800,400,450,100,Hughesdale,,False
FY24-25,19919,Murrumbeena,-37.89019832,145.0673749,metro,712400,2350,2500,1900,1200,850,150,1300,500,400,100,Murrumbeena,,False
FY24-25,19920,Carnegie,-37.88624148,145.0585751,metro,1015400,3250,3400,2650,2000,1450,150,1450,800,700,250,Carnegie,,False
FY24-25,19921,Werribee,-37.89937805,144.661118,metro,1049600,3550,3650,3050,1450,1100,600,1650,850,500,100,Werribee,,False
FY24-25,19922,Hoppers Crossing,-37.88327618,144.7009549,metro,925850,3150,3300,2550,1250,900,500,1500,700,600,50,Hoppers Crossing,,False
FY24-25,19923,Laverton,-37.86369404,144.7726167,metro,892250,3000,3100,2650,1250,900,350,1600,650,450,50,Laverton,,False
FY24-25,19924,Aircraft,-37.86660595,144.7608094,metro,248850,800,850,700,450,300,150,350,150,150,50,Aircraft,,False
FY24-25,19925,Westona,-37.86516348,144.8134936,metro,229400,750,800,550,400,250,100,300,150,250,50,Westona,,False
FY24-25,19926,Altona,-37.8671476,144.8296447,metro,263300,800,800,750,650,500,50,300,200,200,50,Altona,,False
FY24-25,19927,Seaholme,-37.86784231,144.8409577,metro,93100,300,300,250,200,150,50,150,50,50,50,Seaholme,,False
FY24-25,19928,Westgarth,-37.7806207,144.9992332,metro,201950,650,650,550,450,300,50,300,150,150,50,Westgarth,,False
FY24-25,19929,Dennis,-37.77918729,145.0082416,metro,260800,850,900,700,450,300,50,550,150,150,50,Dennis,,False
FY24-25,19930,Fairfield,-37.77917126,145.0169053,metro,437700,1350,1400,1200,900,650,50,700,300,300,50,Fairfield,,False
FY24-25,19931,Alphington,-37.77839363,145.0312549,metro,249100,800,850,650,450,300,50,450,150,200,50,Alphington,,False
FY24-25,19932,Darebin,-37.77496341,145.038476,metro,112450,350,400,250,200,150,50,200,100,100,50,Darebin,,False
FY24-25,19933,Ivanhoe,-37.76889674,145.0454252,metro,617600,2000,2150,1550,1150,750,200,1000,350,500,50,Ivanhoe,,False
FY24-25,19934,Eaglemont,-37.76358553,145.0539427,metro,126500,400,450,300,250,150,50,250,100,50,50,Eaglemont,,False
FY24-25,19935,Heidelberg,-37.75707293,145.0606855,metro,822300,2700,3000,1650,1350,950,200,1200,600,900,100,Heidelberg,,False
FY24-25,19936,Rosanna,-37.7428786,145.0661403,metro,432900,1400,1350,1550,750,500,150,750,250,150,50,Rosanna,,False
FY24-25,19937,Moorabbin,-37.93435329,145.0367383,metro,520000,1650,1700,1350,1100,750,100,600,450,500,100,Moorabbin,,False
FY24-25,19938,Patterson,-37.92514919,145.03547,metro,287550,900,1000,700,550,400,50,500,200,200,50,Patterson,,False
FY24-25,19939,Bentleigh,-37.91742457,145.0369951,metro,586000,1750,1800,1650,1450,1100,100,700,500,450,100,Bentleigh,,False
FY24-25,19940,McKinnon,-37.91030903,145.038299,metro,369950,1150,1200,1000,800,600,50,600,250,200,50,McKinnon,,False
FY24-25,19941,Ormond,-37.90321167,145.0396134,metro,539450,1650,1700,1450,1250,900,100,800,400,350,50,Ormond,,False
FY24-25,19942,Glenhuntly,-37.88971946,145.0422229,metro,641550,1950,2000,1750,1450,1100,100,850,500,450,100,Glenhuntly,,False
FY24-25,19943,Caulfield,-37.87745946,145.0425248,metro,3205100,9600,9950,8250,8250,5600,250,2350,2500,3600,1200,Caulfield,,False
FY24-25,19944,Malvern,-37.8662533,145.0292939,metro,703650,2200,2300,1900,1500,1100,50,650,600,800,150,Malvern,,False
FY24-25,19945,Armadale,-37.85645238,145.0193255,metro,469600,1500,1550,1250,950,650,50,650,350,500,50,Armadale,,False
FY24-25,19946,Toorak,-37.85077381,145.0139086,metro,417900,1350,1450,1050,750,550,50,600,300,450,50,Toorak,,False
FY24-25,19947,Hawksburn,-37.84459087,145.0021421,metro,447000,1400,1450,1250,950,700,50,650,300,350,50,Hawksburn,,False
FY24-25,19948,Sandringham,-37.95033018,145.0045614,metro,710850,2100,2150,2000,1900,1250,150,950,450,450,100,Sandringham,,False
FY24-25,19949,Hampton,-37.93797681,145.0014706,metro,482700,1500,1550,1350,1100,700,100,750,350,300,100,Hampton,,False
FY24-25,19950,Brighton Beach,-37.92648432,144.9891536,metro,332650,1000,1000,950,850,650,50,450,250,200,50,Brighton Beach,,False
FY24-25,19951,Middle Brighton,-37.91513441,144.9962991,metro,512250,1550,1550,1450,1250,850,50,550,400,450,100,Middle Brighton,,False
FY24-25,19952,North Brighton,-37.90488721,145.002605,metro,502000,1600,1650,1400,1050,700,50,750,350,400,100,North Brighton,,False
FY24-25,19953,Gardenvale,-37.89669508,145.0041684,metro,380050,1200,1250,1000,800,500,50,600,250,350,50,Gardenvale,,False
FY24-25,19954,Elsternwick,-37.88475311,145.0008979,metro,763550,2400,2500,2150,1600,1100,100,1150,500,600,150,Elsternwick,,False
FY24-25,19955,Ripponlea,-37.87590643,144.9952366,metro,465900,1500,1550,1300,900,650,50,800,300,300,50,Ripponlea,,False
FY24-25,19956,Balaclava,-37.86948773,144.9935121,metro,752350,2400,2450,2200,1500,1100,100,1100,500,600,150,Balaclava,,False
FY24-25,19957,Windsor,-37.85605308,144.9920352,metro,586800,1900,1950,1550,1150,750,100,750,350,650,200,Windsor,,False
FY24-25,19958,Prahran,-37.84951848,144.9898599,metro,879500,2800,2900,2450,1700,1150,100,800,600,1200,250,Prahran,,False
FY24-25,19959,South Yarra,-37.83844935,144.9923422,metro,3199050,10350,10950,8150,5900,4100,300,2600,2500,4600,950,South Yarra,,False
FY24-25,19960,Upfield,-37.66607779,144.9467399,metro,264250,850,850,750,500,400,50,250,250,300,50,Upfield,,False
FY24-25,19961,Gowrie,-37.700678,144.9588743,metro,232350,700,750,650,500,350,50,300,200,150,50,Gowrie,,False
FY24-25,19962,Fawkner,-37.71462129,144.960545,metro,146600,450,500,400,300,200,50,250,100,100,50,Fawkner,,False
FY24-25,19963,Merlynston,-37.72093389,144.9613135,metro,284100,900,950,800,600,400,100,500,200,150,50,Merlynston,,False
FY24-25,19964,Batman,-37.73352285,144.9628406,metro,228750,700,750,650,500,350,50,350,150,150,50,Batman,,False
FY24-25,19965,Coburg,-37.74234502,144.9633363,metro,511300,1550,1600,1400,1150,850,100,650,400,350,50,Coburg,,False
FY24-25,19966,Moreland,-37.75448484,144.961823,metro,273050,850,900,750,600,450,50,400,200,200,50,Moreland,,False
FY24-25,19967,Anstey,-37.76124203,144.960684,metro,365100,1100,1150,1000,850,600,100,550,250,200,50,Anstey,,False
FY24-25,19968,Brunswick,-37.76772055,144.9595865,metro,350600,1050,1100,900,850,600,50,300,300,400,100,Brunswick,,True
FY24-25,19969,Jewell,-37.77498702,144.9587169,metro,395350,1200,1250,1050,950,700,50,350,300,400,100,Jewell,,False
FY24-25,19970,Royal Park,-37.78119293,144.9523013,metro,291800,900,850,1050,650,500,50,150,300,400,50,Royal Park,,False
FY24-25,19971,Flemington Bridge,-37.78813995,144.9393233,metro,273600,850,900,700,550,400,50,250,250,300,50,Flemington Bridge,,False
FY24-25,19972,Macaulay,-37.79426673,144.9361663,metro,303550,950,1000,800,600,550,50,200,350,350,50,Macaulay,,False
FY24-25,19973,North Melbourne,-37.80630984,144.9415102,metro,1394050,3950,3900,4150,4100,3050,150,600,800,1850,450,North Melbourne,,False
FY24-25,19974,Clifton Hill,-37.78865745,144.9954167,metro,719300,2100,2150,1950,1950,1400,100,800,500,600,150,Clifton Hill,,False
FY24-25,19975,Victoria Park,-37.79915782,144.9944514,metro,659700,2100,2200,1800,1300,950,50,600,400,950,200,Victoria Park,,False
FY24-25,19976,Collingwood,-37.80452593,144.9937497,metro,487500,1600,1650,1350,850,550,50,300,300,950,150,Collingwood,,False
FY24-25,19977,North Richmond,-37.81039836,144.9925003,metro,608300,1950,2000,1650,1150,850,50,350,450,1000,150,North Richmond,,False
FY24-25,19978,West Richmond,-37.81494896,144.9914228,metro,407750,1350,1400,1150,750,500,50,300,300,650,150,West Richmond,,False
FY24-25,19979,Jolimont,-37.81652702,144.9840983,metro,1060400,2500,2350,2950,4400,3200,50,150,350,1100,750,Jolimont,,False
FY24-25,19983,Macleod,-37.7260123,145.0691433,metro,314850,1000,1000,1100,550,400,100,500,200,200,50,Macleod,,False
FY24-25,19984,Watsonia,-37.71095798,145.0837934,metro,315600,1050,1000,1100,550,350,100,600,150,150,50,Watsonia,,False
FY24-25,19985,Greensborough,-37.70395408,145.1082474,metro,378250,1200,1150,1350,800,550,150,500,250,200,50,Greensborough,,False
FY24-25,19986,Montmorency,-37.71529624,145.1215157,metro,175700,550,550,600,350,200,50,300,100,50,50,Montmorency,,False
FY24-25,19987,Eltham,-37.71354967,145.147822,metro,344100,1100,1100,1150,650,450,150,500,200,250,50,Eltham,,False
FY24-25,19988,Diamond Creek,-37.67329744,145.1585062,metro,114700,350,400,350,200,150,50,200,50,50,50,Diamond Creek,,False
FY24-25,19989,Wattle Glen,-37.66396792,145.1816145,metro,27200,100,100,100,50,50,50,50,50,50,50,Wattle Glen,,False
FY24-25,19990,Hurstbridge,-37.63939817,145.1920169,metro,75700,250,250,200,150,150,50,100,50,50,50,Hurstbridge,,False
FY24-25,19991,Williamstown,-37.86775292,144.9053233,metro,149500,450,450,450,400,300,50,150,150,100,50,Williamstown,,False
FY24-25,19992,Williamstown Beach,-37.86398189,144.8944837,metro,166350,500,500,450,350,300,50,200,150,150,50,Williamstown Beach,,False
FY24-25,19993,North Williamstown,-37.85733348,144.8890695,metro,271600,900,900,750,500,350,50,450,200,150,50,North Williamstown,,False
FY24-25,19994,Newport,-37.84271757,144.8835999,metro,1245950,3950,4050,3450,2650,1800,250,2100,800,750,150,Newport,,False
FY24-25,19995,Spotswood,-37.83063888,144.8859335,metro,354600,1050,1100,1000,850,600,50,450,250,250,50,Spotswood,,False
FY24-25,19996,Yarraville,-37.81585044,144.8899337,metro,820600,2600,2650,2300,1700,1250,150,1300,550,500,150,Yarraville,,False
FY24-25,19997,Seddon,-37.80900514,144.8956716,metro,416600,1300,1350,1150,850,600,100,750,300,250,50,Seddon,,False
FY24-25,20000,Watergardens,-37.70112872,144.7741805,metro,1295450,4350,4650,3350,1900,1350,650,2350,950,550,100,Watergardens,,False
FY24-25,20001,Keilor Plains,-37.72927934,144.7937381,metro,599750,2000,2150,1550,850,650,300,1150,400,200,50,Keilor Plains,,False
FY24-25,20002,St Albans,-37.74486131,144.8000505,metro,962650,3200,3350,2600,1450,1100,250,1250,1100,650,100,St Albans,,False
FY24-25,20003,Ginifer,-37.75751083,144.8095734,metro,624500,2100,2200,1650,900,700,200,900,500,500,50,Ginifer,,False
FY24-25,20004,Albion,-37.77765281,144.8247036,metro,413900,1400,1500,1050,550,400,150,750,350,250,50,Albion,,False
FY24-25,20005,Epping,-37.65238715,145.0301217,metro,748150,2450,2600,1850,1300,950,300,900,650,650,100,Epping,,False
FY24-25,20006,Lalor,-37.66585075,145.0171932,metro,494550,1600,1650,1350,850,650,250,800,350,200,50,Lalor,,False
FY24-25,20007,Thomastown,-37.68033809,145.0142789,metro,595700,1900,2000,1650,1150,800,300,800,450,350,50,Thomastown,,False
FY24-25,20008,Keon Park,-37.69487012,145.0118838,metro,293800,950,1000,750,550,400,100,350,200,300,50,Keon Park,,False
FY24-25,20009,Ruthven,-37.70789754,145.0095166,metro,289350,900,950,800,600,400,100,500,200,100,50,Ruthven,,False
FY24-25,20010,Reservoir,-37.71688492,145.0069958,metro,757800,2400,2450,2100,1550,1100,300,900,550,600,150,Reservoir,,False
FY24-25,20011,Regent,-37.72840277,145.0027726,metro,382700,1250,1300,1050,750,500,100,700,200,200,50,Regent,,False
FY24-25,20012,Preston,-37.73867424,145.000522,metro,581250,1800,1900,1500,1300,900,100,650,500,550,100,Preston,,False
FY24-25,20013,Bell,-37.74556212,145.000155,metro,412250,1300,1350,1100,850,600,100,550,300,350,50,Bell,,False
FY24-25,20014,Thornbury,-37.75505179,144.9985715,metro,376150,1200,1250,1050,750,500,50,650,200,250,50,Thornbury,,False
FY24-25,20015,Croxton,-37.764101,144.9970562,metro,244250,750,800,650,550,350,50,450,150,150,50,Croxton,,False
FY24-25,20016,Northcote,-37.76986537,144.9952772,metro,293050,950,1000,750,600,400,50,350,200,300,50,Northcote,,False
FY24-25,20017,Merri,-37.77784668,144.9929725,metro,147850,450,500,350,300,200,50,200,100,150,50,Merri,,False
FY24-25,20019,Rushall,-37.78321711,144.9924071,metro,123150,400,400,300,250,200,50,150,100,100,50,Rushall,,False
FY24-25,20021,Sunshine,-37.78853633,144.8328782,metro,1577600,5100,5300,4400,2800,2050,350,1650,1300,1700,300,Sunshine,,False
FY24-25,20022,Tottenham,-37.7992509,144.8629449,metro,394350,1350,1450,1050,450,350,100,700,300,300,50,Tottenham,,False
FY24-25,20023,West Footscray,-37.8018087,144.8853248,metro,512550,1800,1950,1300,550,350,150,1100,300,350,50,West Footscray,,False
FY24-25,20024,Middle Footscray,-37.8025047,144.8914721,metro,190800,650,700,500,250,200,50,350,150,150,50,Middle Footscray,,False
FY24-25,20025,Footscray,-37.80108298,144.9031992,metro,4383950,14000,14450,12350,8850,5800,800,3850,4050,4750,1000,Footscray,,False
FY24-25,20026,South Kensington,-37.79953087,144.925469,metro,324400,1050,1050,900,650,500,50,450,250,250,50,South Kensington,,False
FY24-25,20027,Flemington Racecourse,-37.78720192,144.9075887,metro,145550,200,250,50,1450,50,50,50,50,50,200,Flemington Racecourse,,False
FY24-25,20028,Showgrounds,-37.7835,144.915,metro,114900,200,50,900,600,400,50,50,50,50,50,Showgrounds,,False
FY24-25,20030,Broadmeadows,-37.68304926,144.9196132,metro,878300,2750,2900,2400,1700,1350,200,650,850,1000,150,Broadmeadows,,False
FY24-25,20031,Jacana,-37.69513079,144.9158505,metro,213150,650,650,600,450,400,100,300,150,100,50,Jacana,,False
FY24-25,20032,Glenroy,-37.70453633,144.9172204,metro,740900,2350,2400,2100,1450,1050,250,1000,600,450,100,Glenroy,,False
FY24-25,20033,Oak Park,-37.71794973,144.9215188,metro,418000,1350,1400,1200,750,550,150,750,300,200,50,Oak Park,,False
FY24-25,20034,Pascoe Vale,-37.73075596,144.9281956,metro,538950,1750,1800,1500,1050,700,150,950,350,300,50,Pascoe Vale,,False
FY24-25,20035,Strathmore,-37.74359132,144.9273157,metro,303300,1000,1050,800,550,350,50,550,200,200,50,Strathmore,,False
FY24-25,20036,Glenbervie,-37.74720985,144.9209387,metro,272200,900,900,750,500,350,100,500,150,100,50,Glenbervie,,False
FY24-25,20037,Essendon,-37.7560117,144.9161975,metro,1347950,4350,4550,3600,2550,1800,350,2150,850,1050,150,Essendon,,False
FY24-25,20038,Moonee Ponds,-37.76570666,144.9191607,metro,782550,2450,2500,2150,1700,1200,150,1050,550,650,150,Moonee Ponds,,False
FY24-25,20039,Ascot Vale,-37.77530609,144.9218207,metro,491400,1600,1650,1350,900,650,100,900,300,250,50,Ascot Vale,,False
FY24-25,20040,Newmarket,-37.78732767,144.9289785,metro,600650,1900,2000,1600,1200,900,100,850,450,500,100,Newmarket,,False
FY24-25,20041,Kensington,-37.79378022,144.9305244,metro,421500,1350,1400,1150,850,600,50,650,300,350,50,Kensington,,False
FY24-25,20042,Box Hill,-37.81922165,145.1214289,metro,2648350,8350,8650,7100,5350,4100,450,2600,2400,2750,500,Box Hill,,False
FY24-25,22180,Southern Cross,-37.81793643,144.9514112,metro,14696050,47600,49250,41600,26500,19550,550,3100,9300,30800,5500,Southern Cross,,False
FY24-25,40220,Roxburgh Park,-37.63823121,144.9354037,metro,498650,1650,1700,1400,850,650,200,750,350,300,50,Roxburgh Park,,False
FY24-25,40221,Craigieburn,-37.6018169,144.9433203,metro,1508250,4800,5000,4150,2900,2150,800,2400,1100,550,150,Craigieburn,,False
FY24-25,44817,Coolaroo,-37.66100253,144.9260556,metro,281400,950,1000,750,450,350,100,500,250,150,50,Coolaroo,,False
FY24-25,45793,Lynbrook,-38.05734118,145.2492751,metro,407450,1400,1500,1050,500,350,200,800,300,150,50,Lynbrook,,False
FY24-25,45794,Cardinia Road,-38.07129047,145.437791,metro,405950,1350,1400,1100,650,450,300,650,300,150,50,Cardinia Road,,False
FY24-25,45795,South Morang,-37.6491588,145.0670324,metro,569650,1800,1900,1550,1150,800,300,750,400,350,100,South Morang,,False
FY24-25,46468,Williams Landing,-37.86986533,144.7474447,metro,1389550,4800,5000,4100,1700,1150,600,2850,950,500,100,Williams Landing,,False
FY24-25,49343,Union,-37.823477,145.1000368,metro,593100,1900,2000,1600,1100,750,100,1200,350,300,50,Union,,False
FY24-25,49458,East Pakenham,-38.084284,145.506311,metro,54500,150,150,100,200,200,50,50,50,50,50,East Pakenham,,False
FY24-25,52095,Southland,-37.958758,145.049124,metro,479000,1350,1300,1500,1400,1100,50,250,450,500,100,Southland,,False
FY24-25,52159,Middle Gorge,-37.644062,145.09214,metro,222950,750,850,500,300,200,100,350,100,250,50,Middle Gorge,,False
FY24-25,52160,Hawkstowe,-37.622992,145.097396,metro,208500,700,750,550,350,200,150,400,100,50,50,Hawkstowe,,False
FY24-25,52161,Mernda,-37.602549,145.100883,metro,662700,2150,2250,1800,1250,800,450,1100,400,250,50,Mernda,,False
FY20-21,19980,Melton Railway Station (Melton South),-37.703362,144.572217,regional,326100,,,,,,,,,,,Melton,Melton South,False
FY20-21,19981,Rockbank Railway Station (Rockbank),-37.729258,144.65063,regional,57900,,,,,,,,,,,Rockbank,Rockbank,False
FY20-21,19982,Deer Park Railway Station (Deer Park),-37.77776,144.772307,regional,240650,,,,,,,,,,,Deer Park,Deer Park,False
FY20-21,20020,Ardeer Railway Station (Ardeer),-37.783063,144.802193,regional,23050,,,,,,,,,,,Ardeer,Ardeer,False
FY20-21,20287,Albury Railway Station (Albury (NSW)),-36.084263,146.924518,regional,9950,,,,,,,,,,,Albury Railway Station (Albury (NSW)),,True
FY20-21,20288,Ararat Railway Station (Ararat),-37.282202,142.936912,regional,15500,,,,,,,,,,,Ararat,Ararat,False
FY20-21,20289,Avenel Railway Station (Avenel),-36.893644,145.229517,regional,750,,,,,,,,,,,Avenel,Avenel,False
FY20-21,20290,Bacchus Marsh Railway Station (Maddingley),-37.687517,144.436857,regional,130400,,,,,,,,,,,Bacchus Marsh,Maddingley,False
FY20-21,20291,Bairnsdale Railway Station (Bairnsdale),-37.828717,147.627615,regional,26350,,,,,,,,,,,Bairnsdale,Bairnsdale,False
FY20-21,20292,Ballan Railway Station (Ballan),-37.6043,144.225443,regional,35900,,,,,,,,,,,Ballan,Ballan,False
FY20-21,20293,Ballarat Railway Station (Ballarat Central),-37.55879,143.859452,regional,179500,,,,,,,,,,,Ballarat,Ballarat Central,False
FY20-21,20294,Beaufort Railway Station (Beaufort),-37.427875,143.382233,regional,5000,,,,,,,,,,,Beaufort,Beaufort,False
FY20-21,20295,Benalla Railway Station (Benalla),-36.544549,145.983914,regional,11100,,,,,,,,,,,Benalla,Benalla,False
FY20-21,20296,Bendigo Railway Station (Bendigo),-36.765673,144.283012,regional,157700,,,,,,,,,,,Bendigo,Bendigo,False
FY20-21,20297,Birregurra Railway Station (Birregurra),-38.328807,143.78362,regional,1650,,,,,,,,,,,Birregurra,Birregurra,False
FY20-21,20298,Broadford Railway Station (Broadford),-37.207202,145.043009,regional,27750,,,,,,,,,,,Broadford,Broadford,False
FY20-21,20299,Bunyip Railway Station (Bunyip),-38.09911,145.720762,regional,9200,,,,,,,,,,,Bunyip,Bunyip,False
FY20-21,20300,Camperdown Railway Station (Camperdown),-38.2289,143.150932,regional,6550,,,,,,,,,,,Camperdown,Camperdown,False
FY20-21,20301,Castlemaine Railway Station (Castlemaine),-37.062836,144.213801,regional,93600,,,,,,,,,,,Castlemaine,Castlemaine,False
FY20-21,20302,Chiltern Railway Station (Chiltern),-36.155634,146.61138,regional,1000,,,,,,,,,,,Chiltern,Chiltern,False
FY20-21,20303,Clarkefield Railway Station (Clarkefield),-37.483497,144.745368,regional,11250,,,,,,,,,,,Clarkefield,Clarkefield,False
FY20-21,20304,Colac Railway Station (Colac),-38.343378,143.586658,regional,13450,,,,,,,,,,,Colac,Colac,False
FY20-21,20305,Corio Railway Station (Corio),-38.072835,144.37977,regional,13700,,,,,,,,,,,Corio,Corio,False
FY20-21,20306,Dingee Railway Station (Dingee),-36.369235,144.23112,regional,250,,,,,,,,,,,Dingee,Dingee,False
FY20-21,20307,Donnybrook Railway Station (Donnybrook),-37.542571,144.96955,regional,27350,,,,,,,,,,,Donnybrook,Donnybrook,False
FY20-21,20308,Drouin Railway Station (Drouin),-38.136453,145.855943,regional,64000,,,,,,,,,,,Drouin,Drouin,False
FY20-21,20309,Eaglehawk Railway Station (Eaglehawk),-36.718528,144.248382,regional,1150,,,,,,,,,,,Eaglehawk,Eaglehawk,False
FY20-21,20310,Echuca Railway Station (Echuca),-36.130985,144.753463,regional,5950,,,,,,,,,,,Echuca,Echuca,False
FY20-21,20311,Elmore Railway Station (Elmore),-36.495017,144.607753,regional,600,,,,,,,,,,,Elmore,Elmore,False
FY20-21,20312,Euroa Railway Station (Euroa),-36.749135,145.568086,regional,3250,,,,,,,,,,,Euroa,Euroa,False
FY20-21,20313,Garfield Railway Station (Garfield),-38.09103,145.67422,regional,12250,,,,,,,,,,,Garfield,Garfield,False
FY20-21,20314,Geelong Railway Station (Geelong),-38.144241,144.354992,regional,336000,,,,,,,,,,,Geelong,Geelong,False
FY20-21,20315,Gisborne Railway Station (New Gisborne),-37.458825,144.598718,regional,60000,,,,,,,,,,,Gisborne,New Gisborne,False
FY20-21,20316,Heathcote Junction Railway Station (Heathcote Junction),-37.371709,145.028202,regional,3750,,,,,,,,,,,Heathcote Junction,Heathcote Junction,False
FY20-21,20317,Kangaroo Flat Railway Station (Kangaroo Flat),-36.794838,144.248993,regional,22350,,,,,,,,,,,Kangaroo Flat,Kangaroo Flat,False
FY20-21,20318,Kerang Railway Station (Kerang),-35.733123,143.92443,regional,4100,,,,,,,,,,,Kerang,Kerang,False
FY20-21,20319,Kilmore East Railway Station (Kilmore East),-37.293208,144.983565,regional,27200,,,,,,,,,,,Kilmore East,Kilmore East,False
FY20-21,20320,Kyneton Railway Station (Kyneton),-37.258277,144.450602,regional,56450,,,,,,,,,,,Kyneton,Kyneton,False
FY20-21,20321,Lara Railway Station (Lara),-38.022428,144.414402,regional,147800,,,,,,,,,,,Lara,Lara,False
FY20-21,20323,Little River Railway Station (Little River),-37.962928,144.498485,regional,8600,,,,,,,,,,,Little River,Little River,False
FY20-21,20324,Longwarry Railway Station (Longwarry),-38.110992,145.76686,regional,10600,,,,,,,,,,,Longwarry,Longwarry,False
FY20-21,20325,Macedon Railway Station (Macedon),-37.423577,144.561397,regional,14300,,,,,,,,,,,Macedon,Macedon,False
FY20-21,20326,Malmsbury Railway Station (Malmsbury),-37.189744,144.375325,regional,7850,,,,,,,,,,,Malmsbury,Malmsbury,False
FY20-21,20327,Marshall Railway Station (Marshall),-38.19855,144.355055,regional,73950,,,,,,,,,,,Marshall,Marshall,False
FY20-21,20328,Moe Railway Station (Moe),-38.176907,146.260574,regional,69300,,,,,,,,,,,Moe,Moe,False
FY20-21,20329,Mooroopna Railway Station (Mooroopna),-36.399127,145.358217,regional,2050,,,,,,,,,,,Mooroopna,Mooroopna,False
FY20-21,20330,Morwell Railway Station (Morwell),-38.236723,146.396752,regional,62750,,,,,,,,,,,Morwell,Morwell,False
FY20-21,20331,Murchison East Railway Station (Murchison East),-36.61315,145.24064,regional,4300,,,,,,,,,,,Murchison East,Murchison East,False
FY20-21,20332,Nagambie Railway Station (Nagambie),-36.78546,145.160358,regional,1850,,,,,,,,,,,Nagambie,Nagambie,False
FY20-21,20333,Nar Nar Goon Railway Station (Nar Nar Goon),-38.08159,145.57167,regional,5300,,,,,,,,,,,Nar Nar Goon,Nar Nar Goon,False
FY20-21,20334,North Geelong Railway Station (North Geelong),-38.122836,144.352277,regional,114600,,,,,,,,,,,North Geelong,North Geelong,False
FY20-21,20335,North Shore Railway Station (North Shore),-38.098373,144.365323,regional,43450,,,,,,,,,,,North Shore,North Shore,False
FY20-21,20336,Pyramid Railway Station (Pyramid Hill),-36.053113,144.11313,regional,1450,,,,,,,,,,,Pyramid,Pyramid Hill,False
FY20-21,20337,Riddells Creek Railway Station (Riddells Creek),-37.465127,144.679828,regional,24450,,,,,,,,,,,Riddells Creek,Riddells Creek,False
FY20-21,20338,Rochester Railway Station (Rochester),-36.362363,144.698683,regional,1500,,,,,,,,,,,Rochester,Rochester,False
FY20-21,20339,Rosedale Railway Station (Rosedale),-38.156403,146.786965,regional,2350,,,,,,,,,,,Rosedale,Rosedale,False
FY20-21,20341,Sale Railway Station (Sale),-38.103105,147.054802,regional,17850,,,,,,,,,,,Sale,Sale,False
FY20-21,20342,Seymour Railway Station (Seymour),-37.024725,145.137733,regional,58450,,,,,,,,,,,Seymour,Seymour,False
FY20-21,20343,Shepparton Railway Station (Shepparton),-36.383795,145.4065,regional,25100,,,,,,,,,,,Shepparton,Shepparton,False
FY20-21,20344,South Geelong Railway Station (South Geelong),-38.15866,144.358987,regional,162000,,,,,,,,,,,South Geelong,South Geelong,False
FY20-21,20345,Springhurst Railway Station (Springhurst),-36.185894,146.470421,regional,600,,,,,,,,,,,Springhurst,Springhurst,False
FY20-21,20346,Stratford Railway Station (Stratford),-37.967047,147.081468,regional,2500,,,,,,,,,,,Stratford,Stratford,False
FY20-21,20347,Swan Hill Railway Station (Swan Hill),-35.341113,143.562347,regional,15800,,,,,,,,,,,Swan Hill,Swan Hill,False
FY20-21,20348,Tallarook Railway Station (Tallarook),-37.092332,145.103002,regional,2800,,,,,,,,,,,Tallarook,Tallarook,False
FY20-21,20349,Terang Railway Station (Terang),-38.236215,142.911467,regional,3900,,,,,,,,,,,Terang,Terang,False
FY20-21,20350,Trafalgar Railway Station (Trafalgar),-38.207239,146.15477,regional,34300,,,,,,,,,,,Trafalgar,Trafalgar,False
FY20-21,20351,Traralgon Railway Station (Traralgon),-38.198889,146.537884,regional,82950,,,,,,,,,,,Traralgon,Traralgon,False
FY20-21,20352,Tynong Railway Station (Tynong),-38.084994,145.628231,regional,3100,,,,,,,,,,,Tynong,Tynong,False
FY20-21,20353,Violet Town Railway Station (Violet Town),-36.638817,145.715926,regional,1550,,,,,,,,,,,Violet Town,Violet Town,False
FY20-21,20354,Wallan Railway Station (Wallan),-37.416534,145.005354,regional,54750,,,,,,,,,,,Wallan,Wallan,False
FY20-21,20355,Wandong Railway Station (Wandong),-37.354676,145.026414,regional,12900,,,,,,,,,,,Wandong,Wandong,False
FY20-21,20356,Wangaratta Railway Station (Wangaratta),-36.355102,146.317041,regional,18750,,,,,,,,,,,Wangaratta,Wangaratta,False
FY20-21,20357,Warragul Railway Station (Warragul),-38.165227,145.932675,regional,93500,,,,,,,,,,,Warragul,Warragul,False
FY20-21,20358,Warrnambool Railway Station (Warrnambool),-38.385015,142.475547,regional,33150,,,,,,,,,,,Warrnambool,Warrnambool,False
FY20-21,20359,Winchelsea Railway Station (Winchelsea),-38.240133,143.984137,regional,3050,,,,,,,,,,,Winchelsea,Winchelsea,False
FY20-21,20360,Wodonga Railway Station (Wodonga),-36.105829,146.871267,regional,14600,,,,,,,,,,,Wodonga,Wodonga,False
FY20-21,20361,Woodend Railway Station (Woodend),-37.358803,144.525893,regional,61100,,,,,,,,,,,Woodend,Woodend,False
FY20-21,20362,Yarragon Railway Station (Yarragon),-38.203155,146.063065,regional,8200,,,,,,,,,,,Yarragon,Yarragon,False
FY20-21,22257,Sherwood Park Railway Station (Warrnambool),-38.386396,142.538873,regional,1150,,,,,,,,,,,Sherwood Park,Warrnambool,False
FY20-21,43469,Wendouree Railway Station (Wendouree),-37.539713,143.820062,regional,43550,,,,,,,,,,,Wendouree,Wendouree,False
FY20-21,44951,Creswick Railway Station (Creswick),-37.424605,143.888122,regional,450,,,,,,,,,,,Creswick,Creswick,False
FY20-21,44952,Clunes Railway Station (Clunes),-37.303143,143.781574,regional,900,,,,,,,,,,,Clunes,Clunes,False
FY20-21,44953,Maryborough Railway Station (Maryborough),-37.050912,143.742399,regional,3600,,,,,,,,,,,Maryborough,Maryborough,False
FY20-21,47482,Talbot Railway Station (Talbot),-37.172902,143.705635,regional,350,,,,,,,,,,,Talbot,Talbot,False
FY20-21,47641,Waurn Ponds Railway Station (Waurn Ponds),-38.21581,144.30682,regional,85500,,,,,,,,,,,Waurn Ponds,Waurn Ponds,False
FY20-21,47642,Epsom Railway Station (Epsom),-36.706343,144.321036,regional,2900,,,,,,,,,,,Epsom,Epsom,False
FY20-21,47647,Wyndham Vale Railway Station (Manor Lakes),-37.872884,144.608734,regional,358050,,,,,,,,,,,Wyndham Vale,Manor Lakes,False
FY20-21,47648,Tarneit Railway Station (Tarneit),-37.832169,144.694716,regional,593000,,,,,,,,,,,Tarneit,Tarneit,False
FY20-21,48804,Cobblebank Railway Station (Cobblebank),-37.712542,144.604103,regional,46950,,,,,,,,,,,Cobblebank,Cobblebank,False
FY20-21,52011,Caroline Springs Railway Station (Ravenhall),-37.766144,144.735748,regional,64400,,,,,,,,,,,Caroline Springs,Ravenhall,False
FY20-21,64408,Southern Cross Railway Station (Melbourne City),-37.818245,144.951691,regional,2033750,,,,,,,,,,,Southern Cross,Melbourne City,False
FY21-22,19980,Melton Railway Station (Melton South),-37.703362,144.572217,regional,386650,,,,,,,,,,,Melton,Melton South,False
FY21-22,19981,Rockbank Railway Station (Rockbank),-37.729258,144.65063,regional,101150,,,,,,,,,,,Rockbank,Rockbank,False
FY21-22,19982,Deer Park Railway Station (Deer Park),-37.77776,144.772307,regional,269400,,,,,,,,,,,Deer Park,Deer Park,False
FY21-22,20020,Ardeer Railway Station (Ardeer),-37.783063,144.802193,regional,30250,,,,,,,,,,,Ardeer,Ardeer,False
FY21-22,20287,Albury Railway Station (Albury (NSW)),-36.084263,146.924518,regional,13250,,,,,,,,,,,Albury Railway Station (Albury (NSW)),,True
FY21-22,20288,Ararat Railway Station (Ararat),-37.282202,142.936912,regional,21050,,,,,,,,,,,Ararat,Ararat,False
FY21-22,20289,Avenel Railway Station (Avenel),-36.893644,145.229517,regional,650,,,,,,,,,,,Avenel,Avenel,False
FY21-22,20290,Bacchus Marsh Railway Station (Maddingley),-37.687517,144.436857,regional,176800,,,,,,,,,,,Bacchus Marsh,Maddingley,False
FY21-22,20291,Bairnsdale Railway Station (Bairnsdale),-37.828717,147.627615,regional,23100,,,,,,,,,,,Bairnsdale,Bairnsdale,False
FY21-22,20292,Ballan Railway Station (Ballan),-37.6043,144.225443,regional,50100,,,,,,,,,,,Ballan,Ballan,False
FY21-22,20293,Ballarat Railway Station (Ballarat Central),-37.55879,143.859452,regional,259850,,,,,,,,,,,Ballarat,Ballarat Central,False
FY21-22,20294,Beaufort Railway Station (Beaufort),-37.427875,143.382233,regional,5650,,,,,,,,,,,Beaufort,Beaufort,False
FY21-22,20295,Benalla Railway Station (Benalla),-36.544549,145.983914,regional,11750,,,,,,,,,,,Benalla,Benalla,False
FY21-22,20296,Bendigo Railway Station (Bendigo),-36.765673,144.283012,regional,181550,,,,,,,,,,,Bendigo,Bendigo,False
FY21-22,20297,Birregurra Railway Station (Birregurra),-38.328807,143.78362,regional,1250,,,,,,,,,,,Birregurra,Birregurra,False
FY21-22,20298,Broadford Railway Station (Broadford),-37.207202,145.043009,regional,32050,,,,,,,,,,,Broadford,Broadford,False
FY21-22,20299,Bunyip Railway Station (Bunyip),-38.09911,145.720762,regional,9900,,,,,,,,,,,Bunyip,Bunyip,False
FY21-22,20300,Camperdown Railway Station (Camperdown),-38.2289,143.150932,regional,5750,,,,,,,,,,,Camperdown,Camperdown,False
FY21-22,20301,Castlemaine Railway Station (Castlemaine),-37.062836,144.213801,regional,102000,,,,,,,,,,,Castlemaine,Castlemaine,False
FY21-22,20302,Chiltern Railway Station (Chiltern),-36.155634,146.61138,regional,1200,,,,,,,,,,,Chiltern,Chiltern,False
FY21-22,20303,Clarkefield Railway Station (Clarkefield),-37.483497,144.745368,regional,12300,,,,,,,,,,,Clarkefield,Clarkefield,False
FY21-22,20304,Colac Railway Station (Colac),-38.343378,143.586658,regional,12350,,,,,,,,,,,Colac,Colac,False
FY21-22,20305,Corio Railway Station (Corio),-38.072835,144.37977,regional,14800,,,,,,,,,,,Corio,Corio,False
FY21-22,20306,Dingee Railway Station (Dingee),-36.369235,144.23112,regional,100,,,,,,,,,,,Dingee,Dingee,False
FY21-22,20307,Donnybrook Railway Station (Donnybrook),-37.542571,144.96955,regional,41900,,,,,,,,,,,Donnybrook,Donnybrook,False
FY21-22,20308,Drouin Railway Station (Drouin),-38.136453,145.855943,regional,62300,,,,,,,,,,,Drouin,Drouin,False
FY21-22,20309,Eaglehawk Railway Station (Eaglehawk),-36.718528,144.248382,regional,1150,,,,,,,,,,,Eaglehawk,Eaglehawk,False
FY21-22,20310,Echuca Railway Station (Echuca),-36.130985,144.753463,regional,4850,,,,,,,,,,,Echuca,Echuca,False
FY21-22,20311,Elmore Railway Station (Elmore),-36.495017,144.607753,regional,350,,,,,,,,,,,Elmore,Elmore,False
FY21-22,20312,Euroa Railway Station (Euroa),-36.749135,145.568086,regional,3450,,,,,,,,,,,Euroa,Euroa,False
FY21-22,20313,Garfield Railway Station (Garfield),-38.09103,145.67422,regional,11950,,,,,,,,,,,Garfield,Garfield,False
FY21-22,20314,Geelong Railway Station (Geelong),-38.144241,144.354992,regional,402800,,,,,,,,,,,Geelong,Geelong,False
FY21-22,20315,Gisborne Railway Station (New Gisborne),-37.458825,144.598718,regional,64450,,,,,,,,,,,Gisborne,New Gisborne,False
FY21-22,20316,Heathcote Junction Railway Station (Heathcote Junction),-37.371709,145.028202,regional,4700,,,,,,,,,,,Heathcote Junction,Heathcote Junction,False
FY21-22,20317,Kangaroo Flat Railway Station (Kangaroo Flat),-36.794838,144.248993,regional,26650,,,,,,,,,,,Kangaroo Flat,Kangaroo Flat,False
FY21-22,20318,Kerang Railway Station (Kerang),-35.733123,143.92443,regional,3350,,,,,,,,,,,Kerang,Kerang,False
FY21-22,20319,Kilmore East Railway Station (Kilmore East),-37.293208,144.983565,regional,29950,,,,,,,,,,,Kilmore East,Kilmore East,False
FY21-22,20320,Kyneton Railway Station (Kyneton),-37.258277,144.450602,regional,60200,,,,,,,,,,,Kyneton,Kyneton,False
FY21-22,20321,Lara Railway Station (Lara),-38.022428,144.414402,regional,166150,,,,,,,,,,,Lara,Lara,False
FY21-22,20323,Little River Railway Station (Little River),-37.962928,144.498485,regional,9350,,,,,,,,,,,Little River,Little River,False
FY21-22,20324,Longwarry Railway Station (Longwarry),-38.110992,145.76686,regional,11250,,,,,,,,,,,Longwarry,Longwarry,False
FY21-22,20325,Macedon Railway Station (Macedon),-37.423577,144.561397,regional,17350,,,,,,,,,,,Macedon,Macedon,False
FY21-22,20326,Malmsbury Railway Station (Malmsbury),-37.189744,144.375325,regional,9100,,,,,,,,,,,Malmsbury,Malmsbury,False
FY21-22,20327,Marshall Railway Station (Marshall),-38.19855,144.355055,regional,76200,,,,,,,,,,,Marshall,Marshall,False
FY21-22,20328,Moe Railway Station (Moe),-38.176907,146.260574,regional,66700,,,,,,,,,,,Moe,Moe,False
FY21-22,20329,Mooroopna Railway Station (Mooroopna),-36.399127,145.358217,regional,2400,,,,,,,,,,,Mooroopna,Mooroopna,False
FY21-22,20330,Morwell Railway Station (Morwell),-38.236723,146.396752,regional,59650,,,,,,,,,,,Morwell,Morwell,False
FY21-22,20331,Murchison East Railway Station (Murchison East),-36.61315,145.24064,regional,4300,,,,,,,,,,,Murchison East,Murchison East,False
FY21-22,20332,Nagambie Railway Station (Nagambie),-36.78546,145.160358,regional,2400,,,,,,,,,,,Nagambie,Nagambie,False
FY21-22,20333,Nar Nar Goon Railway Station (Nar Nar Goon),-38.08159,145.57167,regional,4550,,,,,,,,,,,Nar Nar Goon,Nar Nar Goon,False
FY21-22,20334,North Geelong Railway Station (North Geelong),-38.122836,144.352277,regional,132350,,,,,,,,,,,North Geelong,North Geelong,False
FY21-22,20335,North Shore Railway Station (North Shore),-38.098373,144.365323,regional,49000,,,,,,,,,,,North Shore,North Shore,False
FY21-22,20336,Pyramid Railway Station (Pyramid Hill),-36.053113,144.11313,regional,1300,,,,,,,,,,,Pyramid,Pyramid Hill,False
FY21-22,20337,Riddells Creek Railway Station (Riddells Creek),-37.465127,144.679828,regional,30200,,,,,,,,,,,Riddells Creek,Riddells Creek,False
FY21-22,20338,Rochester Railway Station (Rochester),-36.362363,144.698683,regional,1250,,,,,,,,,,,Rochester,Rochester,False
FY21-22,20339,Rosedale Railway Station (Rosedale),-38.156403,146.786965,regional,1700,,,,,,,,,,,Rosedale,Rosedale,False
FY21-22,20341,Sale Railway Station (Sale),-38.103105,147.054802,regional,14200,,,,,,,,,,,Sale,Sale,False
FY21-22,20342,Seymour Railway Station (Seymour),-37.024725,145.137733,regional,69950,,,,,,,,,,,Seymour,Seymour,False
FY21-22,20343,Shepparton Railway Station (Shepparton),-36.383795,145.4065,regional,30100,,,,,,,,,,,Shepparton,Shepparton,False
FY21-22,20344,South Geelong Railway Station (South Geelong),-38.15866,144.358987,regional,181950,,,,,,,,,,,South Geelong,South Geelong,False
FY21-22,20345,Springhurst Railway Station (Springhurst),-36.185894,146.470421,regional,650,,,,,,,,,,,Springhurst,Springhurst,False
FY21-22,20346,Stratford Railway Station (Stratford),-37.967047,147.081468,regional,2150,,,,,,,,,,,Stratford,Stratford,False
FY21-22,20347,Swan Hill Railway Station (Swan Hill),-35.341113,143.562347,regional,14250,,,,,,,,,,,Swan Hill,Swan Hill,False
FY21-22,20348,Tallarook Railway Station (Tallarook),-37.092332,145.103002,regional,3150,,,,,,,,,,,Tallarook,Tallarook,False
FY21-22,20349,Terang Railway Station (Terang),-38.236215,142.911467,regional,3550,,,,,,,,,,,Terang,Terang,False
FY21-22,20350,Trafalgar Railway Station (Trafalgar),-38.207239,146.15477,regional,32200,,,,,,,,,,,Trafalgar,Trafalgar,False
FY21-22,20351,Traralgon Railway Station (Traralgon),-38.198889,146.537884,regional,83200,,,,,,,,,,,Traralgon,Traralgon,False
FY21-22,20352,Tynong Railway Station (Tynong),-38.084994,145.628231,regional,4200,,,,,,,,,,,Tynong,Tynong,False
FY21-22,20353,Violet Town Railway Station (Violet Town),-36.638817,145.715926,regional,1550,,,,,,,,,,,Violet Town,Violet Town,False
FY21-22,20354,Wallan Railway Station (Wallan),-37.416534,145.005354,regional,63350,,,,,,,,,,,Wallan,Wallan,False
FY21-22,20355,Wandong Railway Station (Wandong),-37.354676,145.026414,regional,14650,,,,,,,,,,,Wandong,Wandong,False
FY21-22,20356,Wangaratta Railway Station (Wangaratta),-36.355102,146.317041,regional,19350,,,,,,,,,,,Wangaratta,Wangaratta,False
FY21-22,20357,Warragul Railway Station (Warragul),-38.165227,145.932675,regional,94950,,,,,,,,,,,Warragul,Warragul,False
FY21-22,20358,Warrnambool Railway Station (Warrnambool),-38.385015,142.475547,regional,32600,,,,,,,,,,,Warrnambool,Warrnambool,False
FY21-22,20359,Winchelsea Railway Station (Winchelsea),-38.240133,143.984137,regional,2250,,,,,,,,,,,Winchelsea,Winchelsea,False
FY21-22,20360,Wodonga Railway Station (Wodonga),-36.105829,146.871267,regional,14650,,,,,,,,,,,Wodonga,Wodonga,False
FY21-22,20361,Woodend Railway Station (Woodend),-37.358803,144.525893,regional,66550,,,,,,,,,,,Woodend,Woodend,False
FY21-22,20362,Yarragon Railway Station (Yarragon),-38.203155,146.063065,regional,9050,,,,,,,,,,,Yarragon,Yarragon,False
FY21-22,22257,Sherwood Park Railway Station (Warrnambool),-38.386396,142.538873,regional,1050,,,,,,,,,,,Sherwood Park,Warrnambool,False
FY21-22,43469,Wendouree Railway Station (Wendouree),-37.539713,143.820062,regional,65700,,,,,,,,,,,Wendouree,Wendouree,False
FY21-22,44951,Creswick Railway Station (Creswick),-37.424605,143.888122,regional,650,,,,,,,,,,,Creswick,Creswick,False
FY21-22,44952,Clunes Railway Station (Clunes),-37.303143,143.781574,regional,950,,,,,,,,,,,Clunes,Clunes,False
FY21-22,44953,Maryborough Railway Station (Maryborough),-37.050912,143.742399,regional,4900,,,,,,,,,,,Maryborough,Maryborough,False
FY21-22,47482,Talbot Railway Station (Talbot),-37.172902,143.705635,regional,400,,,,,,,,,,,Talbot,Talbot,False
FY21-22,47641,Waurn Ponds Railway Station (Waurn Ponds),-38.21581,144.30682,regional,96350,,,,,,,,,,,Waurn Ponds,Waurn Ponds,False
FY21-22,47642,Epsom Railway Station (Epsom),-36.706343,144.321036,regional,2450,,,,,,,,,,,Epsom,Epsom,False
FY21-22,47647,Wyndham Vale Railway Station (Manor Lakes),-37.872884,144.608734,regional,423550,,,,,,,,,,,Wyndham Vale,Manor Lakes,False
FY21-22,47648,Tarneit Railway Station (Tarneit),-37.832169,144.694716,regional,663650,,,,,,,,,,,Tarneit,Tarneit,False
FY21-22,48804,Cobblebank Railway Station (Cobblebank),-37.712542,144.604103,regional,92550,,,,,,,,,,,Cobblebank,Cobblebank,False
FY21-22,51809,Goornong Railway Station (Goornong),-36.615181,144.503478,regional,200,,,,,,,,,,,Goornong,Goornong,False
FY21-22,52011,Caroline Springs Railway Station (Ravenhall),-37.766144,144.735748,regional,100000,,,,,,,,,,,Caroline Springs,Ravenhall,False
FY21-22,64408,Southern Cross Railway Station (Melbourne City),-37.818245,144.951691,regional,2684700,,,,,,,,,,,Southern Cross,Melbourne City,False
FY22-23,19980,Melton Railway Station (Melton South),-37.703362,144.572217,regional,560150,,,,,,,,,,,Melton,Melton South,False
FY22-23,19981,Rockbank Railway Station (Rockbank),-37.729258,144.65063,regional,212850,,,,,,,,,,,Rockbank,Rockbank,False
FY22-23,19982,Deer Park Railway Station (Deer Park),-37.77776,144.772307,regional,326000,,,,,,,,,,,Deer Park,Deer Park,False
FY22-23,20020,Ardeer Railway Station (Ardeer),-37.783063,144.802193,regional,53950,,,,,,,,,,,Ardeer,Ardeer,False
FY22-23,20287,Albury Railway Station (Albury (NSW)),-36.084263,146.924518,regional,32100,,,,,,,,,,,Albury Railway Station (Albury (NSW)),,True
FY22-23,20288,Ararat Railway Station (Ararat),-37.282202,142.936912,regional,28950,,,,,,,,,,,Ararat,Ararat,False
FY22-23,20289,Avenel Railway Station (Avenel),-36.893644,145.229517,regional,1100,,,,,,,,,,,Avenel,Avenel,False
FY22-23,20290,Bacchus Marsh Railway Station (Maddingley),-37.687517,144.436857,regional,268350,,,,,,,,,,,Bacchus Marsh,Maddingley,False
FY22-23,20291,Bairnsdale Railway Station (Bairnsdale),-37.828717,147.627615,regional,33050,,,,,,,,,,,Bairnsdale,Bairnsdale,False
FY22-23,20292,Ballan Railway Station (Ballan),-37.6043,144.225443,regional,65900,,,,,,,,,,,Ballan,Ballan,False
FY22-23,20293,Ballarat Railway Station (Ballarat Central),-37.55879,143.859452,regional,390300,,,,,,,,,,,Ballarat,Ballarat Central,False
FY22-23,20294,Beaufort Railway Station (Beaufort),-37.427875,143.382233,regional,6000,,,,,,,,,,,Beaufort,Beaufort,False
FY22-23,20295,Benalla Railway Station (Benalla),-36.544549,145.983914,regional,19100,,,,,,,,,,,Benalla,Benalla,False
FY22-23,20296,Bendigo Railway Station (Bendigo),-36.765673,144.283012,regional,295850,,,,,,,,,,,Bendigo,Bendigo,False
FY22-23,20297,Birregurra Railway Station (Birregurra),-38.328807,143.78362,regional,2100,,,,,,,,,,,Birregurra,Birregurra,False
FY22-23,20298,Broadford Railway Station (Broadford),-37.207202,145.043009,regional,39450,,,,,,,,,,,Broadford,Broadford,False
FY22-23,20299,Bunyip Railway Station (Bunyip),-38.09911,145.720762,regional,9950,,,,,,,,,,,Bunyip,Bunyip,False
FY22-23,20300,Camperdown Railway Station (Camperdown),-38.2289,143.150932,regional,9600,,,,,,,,,,,Camperdown,Camperdown,False
FY22-23,20301,Castlemaine Railway Station (Castlemaine),-37.062836,144.213801,regional,151750,,,,,,,,,,,Castlemaine,Castlemaine,False
FY22-23,20302,Chiltern Railway Station (Chiltern),-36.155634,146.61138,regional,2600,,,,,,,,,,,Chiltern,Chiltern,False
FY22-23,20303,Clarkefield Railway Station (Clarkefield),-37.483497,144.745368,regional,23200,,,,,,,,,,,Clarkefield,Clarkefield,False
FY22-23,20304,Colac Railway Station (Colac),-38.343378,143.586658,regional,19000,,,,,,,,,,,Colac,Colac,False
FY22-23,20305,Corio Railway Station (Corio),-38.072835,144.37977,regional,23050,,,,,,,,,,,Corio,Corio,False
FY22-23,20306,Dingee Railway Station (Dingee),-36.369235,144.23112,regional,300,,,,,,,,,,,Dingee,Dingee,False
FY22-23,20307,Donnybrook Railway Station (Donnybrook),-37.542571,144.96955,regional,84050,,,,,,,,,,,Donnybrook,Donnybrook,False
FY22-23,20308,Drouin Railway Station (Drouin),-38.136453,145.855943,regional,75300,,,,,,,,,,,Drouin,Drouin,False
FY22-23,20309,Eaglehawk Railway Station (Eaglehawk),-36.718528,144.248382,regional,1750,,,,,,,,,,,Eaglehawk,Eaglehawk,False
FY22-23,20310,Echuca Railway Station (Echuca),-36.130985,144.753463,regional,9900,,,,,,,,,,,Echuca,Echuca,False
FY22-23,20311,Elmore Railway Station (Elmore),-36.495017,144.607753,regional,800,,,,,,,,,,,Elmore,Elmore,False
FY22-23,20312,Euroa Railway Station (Euroa),-36.749135,145.568086,regional,4250,,,,,,,,,,,Euroa,Euroa,False
FY22-23,20313,Garfield Railway Station (Garfield),-38.09103,145.67422,regional,18150,,,,,,,,,,,Garfield,Garfield,False
FY22-23,20314,Geelong Railway Station (Geelong),-38.144241,144.354992,regional,675600,,,,,,,,,,,Geelong,Geelong,False
FY22-23,20315,Gisborne Railway Station (New Gisborne),-37.458825,144.598718,regional,100250,,,,,,,,,,,Gisborne,New Gisborne,False
FY22-23,20316,Heathcote Junction Railway Station (Heathcote Junction),-37.371709,145.028202,regional,5800,,,,,,,,,,,Heathcote Junction,Heathcote Junction,False
FY22-23,20317,Kangaroo Flat Railway Station (Kangaroo Flat),-36.794838,144.248993,regional,46550,,,,,,,,,,,Kangaroo Flat,Kangaroo Flat,False
FY22-23,20318,Kerang Railway Station (Kerang),-35.733123,143.92443,regional,5100,,,,,,,,,,,Kerang,Kerang,False
FY22-23,20319,Kilmore East Railway Station (Kilmore East),-37.293208,144.983565,regional,40300,,,,,,,,,,,Kilmore East,Kilmore East,False
FY22-23,20320,Kyneton Railway Station (Kyneton),-37.258277,144.450602,regional,90350,,,,,,,,,,,Kyneton,Kyneton,False
FY22-23,20321,Lara Railway Station (Lara),-38.022428,144.414402,regional,272200,,,,,,,,,,,Lara,Lara,False
FY22-23,20323,Little River Railway Station (Little River),-37.962928,144.498485,regional,13350,,,,,,,,,,,Little River,Little River,False
FY22-23,20324,Longwarry Railway Station (Longwarry),-38.110992,145.76686,regional,11600,,,,,,,,,,,Longwarry,Longwarry,False
FY22-23,20325,Macedon Railway Station (Macedon),-37.423577,144.561397,regional,30750,,,,,,,,,,,Macedon,Macedon,False
FY22-23,20326,Malmsbury Railway Station (Malmsbury),-37.189744,144.375325,regional,13350,,,,,,,,,,,Malmsbury,Malmsbury,False
FY22-23,20327,Marshall Railway Station (Marshall),-38.19855,144.355055,regional,113100,,,,,,,,,,,Marshall,Marshall,False
FY22-23,20328,Moe Railway Station (Moe),-38.176907,146.260574,regional,81600,,,,,,,,,,,Moe,Moe,False
FY22-23,20329,Mooroopna Railway Station (Mooroopna),-36.399127,145.358217,regional,3350,,,,,,,,,,,Mooroopna,Mooroopna,False
FY22-23,20330,Morwell Railway Station (Morwell),-38.236723,146.396752,regional,75000,,,,,,,,,,,Morwell,Morwell,False
FY22-23,20331,Murchison East Railway Station (Murchison East),-36.61315,145.24064,regional,6000,,,,,,,,,,,Murchison East,Murchison East,False
FY22-23,20332,Nagambie Railway Station (Nagambie),-36.78546,145.160358,regional,3450,,,,,,,,,,,Nagambie,Nagambie,False
FY22-23,20333,Nar Nar Goon Railway Station (Nar Nar Goon),-38.08159,145.57167,regional,5300,,,,,,,,,,,Nar Nar Goon,Nar Nar Goon,False
FY22-23,20334,North Geelong Railway Station (North Geelong),-38.122836,144.352277,regional,235750,,,,,,,,,,,North Geelong,North Geelong,False
FY22-23,20335,North Shore Railway Station (North Shore),-38.098373,144.365323,regional,60550,,,,,,,,,,,North Shore,North Shore,False
FY22-23,20336,Pyramid Railway Station (Pyramid Hill),-36.053113,144.11313,regional,1800,,,,,,,,,,,Pyramid,Pyramid Hill,False
FY22-23,20337,Riddells Creek Railway Station (Riddells Creek),-37.465127,144.679828,regional,54200,,,,,,,,,,,Riddells Creek,Riddells Creek,False
FY22-23,20338,Rochester Railway Station (Rochester),-36.362363,144.698683,regional,2250,,,,,,,,,,,Rochester,Rochester,False
FY22-23,20339,Rosedale Railway Station (Rosedale),-38.156403,146.786965,regional,1700,,,,,,,,,,,Rosedale,Rosedale,False
FY22-23,20341,Sale Railway Station (Sale),-38.103105,147.054802,regional,19050,,,,,,,,,,,Sale,Sale,False
FY22-23,20342,Seymour Railway Station (Seymour),-37.024725,145.137733,regional,98600,,,,,,,,,,,Seymour,Seymour,False
FY22-23,20343,Shepparton Railway Station (Shepparton),-36.383795,145.4065,regional,52200,,,,,,,,,,,Shepparton,Shepparton,False
FY22-23,20344,South Geelong Railway Station (South Geelong),-38.15866,144.358987,regional,267600,,,,,,,,,,,South Geelong,South Geelong,False
FY22-23,20345,Springhurst Railway Station (Springhurst),-36.185894,146.470421,regional,1100,,,,,,,,,,,Springhurst,Springhurst,False
FY22-23,20346,Stratford Railway Station (Stratford),-37.967047,147.081468,regional,2900,,,,,,,,,,,Stratford,Stratford,False
FY22-23,20347,Swan Hill Railway Station (Swan Hill),-35.341113,143.562347,regional,27750,,,,,,,,,,,Swan Hill,Swan Hill,False
FY22-23,20348,Tallarook Railway Station (Tallarook),-37.092332,145.103002,regional,4800,,,,,,,,,,,Tallarook,Tallarook,False
FY22-23,20349,Terang Railway Station (Terang),-38.236215,142.911467,regional,6100,,,,,,,,,,,Terang,Terang,False
FY22-23,20350,Trafalgar Railway Station (Trafalgar),-38.207239,146.15477,regional,37000,,,,,,,,,,,Trafalgar,Trafalgar,False
FY22-23,20351,Traralgon Railway Station (Traralgon),-38.198889,146.537884,regional,113700,,,,,,,,,,,Traralgon,Traralgon,False
FY22-23,20352,Tynong Railway Station (Tynong),-38.084994,145.628231,regional,5400,,,,,,,,,,,Tynong,Tynong,False
FY22-23,20353,Violet Town Railway Station (Violet Town),-36.638817,145.715926,regional,1700,,,,,,,,,,,Violet Town,Violet Town,False
FY22-23,20354,Wallan Railway Station (Wallan),-37.416534,145.005354,regional,101500,,,,,,,,,,,Wallan,Wallan,False
FY22-23,20355,Wandong Railway Station (Wandong),-37.354676,145.026414,regional,20750,,,,,,,,,,,Wandong,Wandong,False
FY22-23,20356,Wangaratta Railway Station (Wangaratta),-36.355102,146.317041,regional,32350,,,,,,,,,,,Wangaratta,Wangaratta,False
FY22-23,20357,Warragul Railway Station (Warragul),-38.165227,145.932675,regional,119600,,,,,,,,,,,Warragul,Warragul,False
FY22-23,20358,Warrnambool Railway Station (Warrnambool),-38.385015,142.475547,regional,61700,,,,,,,,,,,Warrnambool,Warrnambool,False
FY22-23,20359,Winchelsea Railway Station (Winchelsea),-38.240133,143.984137,regional,3550,,,,,,,,,,,Winchelsea,Winchelsea,False
FY22-23,20360,Wodonga Railway Station (Wodonga),-36.105829,146.871267,regional,26400,,,,,,,,,,,Wodonga,Wodonga,False
FY22-23,20361,Woodend Railway Station (Woodend),-37.358803,144.525893,regional,104000,,,,,,,,,,,Woodend,Woodend,False
FY22-23,20362,Yarragon Railway Station (Yarragon),-38.203155,146.063065,regional,11400,,,,,,,,,,,Yarragon,Yarragon,False
FY22-23,22257,Sherwood Park Railway Station (Warrnambool),-38.386396,142.538873,regional,1800,,,,,,,,,,,Sherwood Park,Warrnambool,False
FY22-23,43469,Wendouree Railway Station (Wendouree),-37.539713,143.820062,regional,106000,,,,,,,,,,,Wendouree,Wendouree,False
FY22-23,44951,Creswick Railway Station (Creswick),-37.424605,143.888122,regional,750,,,,,,,,,,,Creswick,Creswick,False
FY22-23,44952,Clunes Railway Station (Clunes),-37.303143,143.781574,regional,1150,,,,,,,,,,,Clunes,Clunes,False
FY22-23,44953,Maryborough Railway Station (Maryborough),-37.050912,143.742399,regional,6400,,,,,,,,,,,Maryborough,Maryborough,False
FY22-23,47482,Talbot Railway Station (Talbot),-37.172902,143.705635,regional,650,,,,,,,,,,,Talbot,Talbot,False
FY22-23,47641,Waurn Ponds Railway Station (Waurn Ponds),-38.21581,144.30682,regional,178200,,,,,,,,,,,Waurn Ponds,Waurn Ponds,False
FY22-23,47642,Epsom Railway Station (Epsom),-36.706343,144.321036,regional,3400,,,,,,,,,,,Epsom,Epsom,False
FY22-23,47647,Wyndham Vale Railway Station (Manor Lakes),-37.872884,144.608734,regional,715950,,,,,,,,,,,Wyndham Vale,Manor Lakes,False
FY22-23,47648,Tarneit Railway Station (Tarneit),-37.832169,144.694716,regional,1159600,,,,,,,,,,,Tarneit,Tarneit,False
FY22-23,48804,Cobblebank Railway Station (Cobblebank),-37.712542,144.604103,regional,178900,,,,,,,,,,,Cobblebank,Cobblebank,False
FY22-23,49295,Raywood Railway Station (Raywood),-36.531956,144.201158,regional,300,,,,,,,,,,,Raywood,Raywood,False
FY22-23,49296,Huntly Railway Station (Huntly),-36.665847,144.369821,regional,250,,,,,,,,,,,Huntly,Huntly,False
FY22-23,51809,Goornong Railway Station (Goornong),-36.615181,144.503478,regional,800,,,,,,,,,,,Goornong,Goornong,False
FY22-23,52011,Caroline Springs Railway Station (Ravenhall),-37.766144,144.735748,regional,185750,,,,,,,,,,,Caroline Springs,Ravenhall,False
FY22-23,64408,Southern Cross Railway Station (Melbourne City),-37.818245,144.951691,regional,4555550,,,,,,,,,,,Southern Cross,Melbourne City,False
FY23-24,19980,Melton Railway Station (Melton South),-37.703362,144.572217,regional,761300,,,,,,,,,,,Melton,Melton South,False
FY23-24,19981,Rockbank Railway Station (Rockbank),-37.729258,144.65063,regional,328050,,,,,,,,,,,Rockbank,Rockbank,False
FY23-24,19982,Deer Park Railway Station (Deer Park),-37.77776,144.772307,regional,518750,,,,,,,,,,,Deer Park,Deer Park,False
FY23-24,20020,Ardeer Railway Station (Ardeer),-37.783063,144.802193,regional,78950,,,,,,,,,,,Ardeer,Ardeer,False
FY23-24,20287,Albury Railway Station (Albury (NSW)),-36.084263,146.924518,regional,73450,,,,,,,,,,,Albury Railway Station (Albury (NSW)),,True
FY23-24,20288,Ararat Railway Station (Ararat),-37.282202,142.936912,regional,50350,,,,,,,,,,,Ararat,Ararat,False
FY23-24,20289,Avenel Railway Station (Avenel),-36.893644,145.229517,regional,1400,,,,,,,,,,,Avenel,Avenel,False
FY23-24,20290,Bacchus Marsh Railway Station (Maddingley),-37.687517,144.436857,regional,334450,,,,,,,,,,,Bacchus Marsh,Maddingley,False
FY23-24,20291,Bairnsdale Railway Station (Bairnsdale),-37.828717,147.627615,regional,49800,,,,,,,,,,,Bairnsdale,Bairnsdale,False
FY23-24,20292,Ballan Railway Station (Ballan),-37.6043,144.225443,regional,85950,,,,,,,,,,,Ballan,Ballan,False
FY23-24,20293,Ballarat Railway Station (Ballarat Central),-37.55879,143.859452,regional,604350,,,,,,,,,,,Ballarat,Ballarat Central,False
FY23-24,20294,Beaufort Railway Station (Beaufort),-37.427875,143.382233,regional,8300,,,,,,,,,,,Beaufort,Beaufort,False
FY23-24,20295,Benalla Railway Station (Benalla),-36.544549,145.983914,regional,28200,,,,,,,,,,,Benalla,Benalla,False
FY23-24,20296,Bendigo Railway Station (Bendigo),-36.765673,144.283012,regional,456400,,,,,,,,,,,Bendigo,Bendigo,False
FY23-24,20297,Birregurra Railway Station (Birregurra),-38.328807,143.78362,regional,3200,,,,,,,,,,,Birregurra,Birregurra,False
FY23-24,20298,Broadford Railway Station (Broadford),-37.207202,145.043009,regional,44250,,,,,,,,,,,Broadford,Broadford,False
FY23-24,20299,Bunyip Railway Station (Bunyip),-38.09911,145.720762,regional,13800,,,,,,,,,,,Bunyip,Bunyip,False
FY23-24,20300,Camperdown Railway Station (Camperdown),-38.2289,143.150932,regional,14450,,,,,,,,,,,Camperdown,Camperdown,False
FY23-24,20301,Castlemaine Railway Station (Castlemaine),-37.062836,144.213801,regional,214300,,,,,,,,,,,Castlemaine,Castlemaine,False
FY23-24,20302,Chiltern Railway Station (Chiltern),-36.155634,146.61138,regional,5500,,,,,,,,,,,Chiltern,Chiltern,False
FY23-24,20303,Clarkefield Railway Station (Clarkefield),-37.483497,144.745368,regional,31550,,,,,,,,,,,Clarkefield,Clarkefield,False
FY23-24,20304,Colac Railway Station (Colac),-38.343378,143.586658,regional,27050,,,,,,,,,,,Colac,Colac,False
FY23-24,20305,Corio Railway Station (Corio),-38.072835,144.37977,regional,29300,,,,,,,,,,,Corio,Corio,False
FY23-24,20306,Dingee Railway Station (Dingee),-36.369235,144.23112,regional,350,,,,,,,,,,,Dingee,Dingee,False
FY23-24,20307,Donnybrook Railway Station (Donnybrook),-37.542571,144.96955,regional,125550,,,,,,,,,,,Donnybrook,Donnybrook,False
FY23-24,20308,Drouin Railway Station (Drouin),-38.136453,145.855943,regional,87600,,,,,,,,,,,Drouin,Drouin,False
FY23-24,20309,Eaglehawk Railway Station (Eaglehawk),-36.718528,144.248382,regional,3100,,,,,,,,,,,Eaglehawk,Eaglehawk,False
FY23-24,20310,Echuca Railway Station (Echuca),-36.130985,144.753463,regional,28800,,,,,,,,,,,Echuca,Echuca,False
FY23-24,20311,Elmore Railway Station (Elmore),-36.495017,144.607753,regional,1900,,,,,,,,,,,Elmore,Elmore,False
FY23-24,20312,Euroa Railway Station (Euroa),-36.749135,145.568086,regional,6900,,,,,,,,,,,Euroa,Euroa,False
FY23-24,20313,Garfield Railway Station (Garfield),-38.09103,145.67422,regional,18950,,,,,,,,,,,Garfield,Garfield,False
FY23-24,20314,Geelong Railway Station (Geelong),-38.144241,144.354992,regional,969600,,,,,,,,,,,Geelong,Geelong,False
FY23-24,20315,Gisborne Railway Station (New Gisborne),-37.458825,144.598718,regional,129100,,,,,,,,,,,Gisborne,New Gisborne,False
FY23-24,20316,Heathcote Junction Railway Station (Heathcote Junction),-37.371709,145.028202,regional,5200,,,,,,,,,,,Heathcote Junction,Heathcote Junction,False
FY23-24,20317,Kangaroo Flat Railway Station (Kangaroo Flat),-36.794838,144.248993,regional,77650,,,,,,,,,,,Kangaroo Flat,Kangaroo Flat,False
FY23-24,20318,Kerang Railway Station (Kerang),-35.733123,143.92443,regional,7600,,,,,,,,,,,Kerang,Kerang,False
FY23-24,20319,Kilmore East Railway Station (Kilmore East),-37.293208,144.983565,regional,54200,,,,,,,,,,,Kilmore East,Kilmore East,False
FY23-24,20320,Kyneton Railway Station (Kyneton),-37.258277,144.450602,regional,123500,,,,,,,,,,,Kyneton,Kyneton,False
FY23-24,20321,Lara Railway Station (Lara),-38.022428,144.414402,regional,320400,,,,,,,,,,,Lara,Lara,False
FY23-24,20323,Little River Railway Station (Little River),-37.962928,144.498485,regional,15800,,,,,,,,,,,Little River,Little River,False
FY23-24,20324,Longwarry Railway Station (Longwarry),-38.110992,145.76686,regional,14900,,,,,,,,,,,Longwarry,Longwarry,False
FY23-24,20325,Macedon Railway Station (Macedon),-37.423577,144.561397,regional,42000,,,,,,,,,,,Macedon,Macedon,False
FY23-24,20326,Malmsbury Railway Station (Malmsbury),-37.189744,144.375325,regional,17550,,,,,,,,,,,Malmsbury,Malmsbury,False
FY23-24,20327,Marshall Railway Station (Marshall),-38.19855,144.355055,regional,151600,,,,,,,,,,,Marshall,Marshall,False
FY23-24,20328,Moe Railway Station (Moe),-38.176907,146.260574,regional,98050,,,,,,,,,,,Moe,Moe,False
FY23-24,20329,Mooroopna Railway Station (Mooroopna),-36.399127,145.358217,regional,4900,,,,,,,,,,,Mooroopna,Mooroopna,False
FY23-24,20330,Morwell Railway Station (Morwell),-38.236723,146.396752,regional,90350,,,,,,,,,,,Morwell,Morwell,False
FY23-24,20331,Murchison East Railway Station (Murchison East),-36.61315,145.24064,regional,7850,,,,,,,,,,,Murchison East,Murchison East,False
FY23-24,20332,Nagambie Railway Station (Nagambie),-36.78546,145.160358,regional,4550,,,,,,,,,,,Nagambie,Nagambie,False
FY23-24,20333,Nar Nar Goon Railway Station (Nar Nar Goon),-38.08159,145.57167,regional,6950,,,,,,,,,,,Nar Nar Goon,Nar Nar Goon,False
FY23-24,20334,North Geelong Railway Station (North Geelong),-38.122836,144.352277,regional,320200,,,,,,,,,,,North Geelong,North Geelong,False
FY23-24,20335,North Shore Railway Station (North Shore),-38.098373,144.365323,regional,84150,,,,,,,,,,,North Shore,North Shore,False
FY23-24,20336,Pyramid Railway Station (Pyramid Hill),-36.053113,144.11313,regional,2750,,,,,,,,,,,Pyramid,Pyramid Hill,False
FY23-24,20337,Riddells Creek Railway Station (Riddells Creek),-37.465127,144.679828,regional,58150,,,,,,,,,,,Riddells Creek,Riddells Creek,False
FY23-24,20338,Rochester Railway Station (Rochester),-36.362363,144.698683,regional,5200,,,,,,,,,,,Rochester,Rochester,False
FY23-24,20339,Rosedale Railway Station (Rosedale),-38.156403,146.786965,regional,2550,,,,,,,,,,,Rosedale,Rosedale,False
FY23-24,20341,Sale Railway Station (Sale),-38.103105,147.054802,regional,27650,,,,,,,,,,,Sale,Sale,False
FY23-24,20342,Seymour Railway Station (Seymour),-37.024725,145.137733,regional,133200,,,,,,,,,,,Seymour,Seymour,False
FY23-24,20343,Shepparton Railway Station (Shepparton),-36.383795,145.4065,regional,74300,,,,,,,,,,,Shepparton,Shepparton,False
FY23-24,20344,South Geelong Railway Station (South Geelong),-38.15866,144.358987,regional,294500,,,,,,,,,,,South Geelong,South Geelong,False
FY23-24,20345,Springhurst Railway Station (Springhurst),-36.185894,146.470421,regional,2700,,,,,,,,,,,Springhurst,Springhurst,False
FY23-24,20346,Stratford Railway Station (Stratford),-37.967047,147.081468,regional,4050,,,,,,,,,,,Stratford,Stratford,False
FY23-24,20347,Swan Hill Railway Station (Swan Hill),-35.341113,143.562347,regional,48600,,,,,,,,,,,Swan Hill,Swan Hill,False
FY23-24,20348,Tallarook Railway Station (Tallarook),-37.092332,145.103002,regional,5700,,,,,,,,,,,Tallarook,Tallarook,False
FY23-24,20349,Terang Railway Station (Terang),-38.236215,142.911467,regional,8950,,,,,,,,,,,Terang,Terang,False
FY23-24,20350,Trafalgar Railway Station (Trafalgar),-38.207239,146.15477,regional,39700,,,,,,,,,,,Trafalgar,Trafalgar,False
FY23-24,20351,Traralgon Railway Station (Traralgon),-38.198889,146.537884,regional,145200,,,,,,,,,,,Traralgon,Traralgon,False
FY23-24,20352,Tynong Railway Station (Tynong),-38.084994,145.628231,regional,5100,,,,,,,,,,,Tynong,Tynong,False
FY23-24,20353,Violet Town Railway Station (Violet Town),-36.638817,145.715926,regional,2800,,,,,,,,,,,Violet Town,Violet Town,False
FY23-24,20354,Wallan Railway Station (Wallan),-37.416534,145.005354,regional,118800,,,,,,,,,,,Wallan,Wallan,False
FY23-24,20355,Wandong Railway Station (Wandong),-37.354676,145.026414,regional,16300,,,,,,,,,,,Wandong,Wandong,False
FY23-24,20356,Wangaratta Railway Station (Wangaratta),-36.355102,146.317041,regional,51900,,,,,,,,,,,Wangaratta,Wangaratta,False
FY23-24,20357,Warragul Railway Station (Warragul),-38.165227,145.932675,regional,136100,,,,,,,,,,,Warragul,Warragul,False
FY23-24,20358,Warrnambool Railway Station (Warrnambool),-38.385015,142.475547,regional,98300,,,,,,,,,,,Warrnambool,Warrnambool,False
FY23-24,20359,Winchelsea Railway Station (Winchelsea),-38.240133,143.984137,regional,4700,,,,,,,,,,,Winchelsea,Winchelsea,False
FY23-24,20360,Wodonga Railway Station (Wodonga),-36.105829,146.871267,regional,54750,,,,,,,,,,,Wodonga,Wodonga,False
FY23-24,20361,Woodend Railway Station (Woodend),-37.358803,144.525893,regional,135150,,,,,,,,,,,Woodend,Woodend,False
FY23-24,20362,Yarragon Railway Station (Yarragon),-38.203155,146.063065,regional,13150,,,,,,,,,,,Yarragon,Yarragon,False
FY23-24,22257,Sherwood Park Railway Station (Warrnambool),-38.386396,142.538873,regional,3600,,,,,,,,,,,Sherwood Park,Warrnambool,False
FY23-24,43469,Wendouree Railway Station (Wendouree),-37.539713,143.820062,regional,162450,,,,,,,,,,,Wendouree,Wendouree,False
FY23-24,44951,Creswick Railway Station (Creswick),-37.424605,143.888122,regional,1300,,,,,,,,,,,Creswick,Creswick,False
FY23-24,44952,Clunes Railway Station (Clunes),-37.303143,143.781574,regional,1850,,,,,,,,,,,Clunes,Clunes,False
FY23-24,44953,Maryborough Railway Station (Maryborough),-37.050912,143.742399,regional,9450,,,,,,,,,,,Maryborough,Maryborough,False
FY23-24,47482,Talbot Railway Station (Talbot),-37.172902,143.705635,regional,850,,,,,,,,,,,Talbot,Talbot,False
FY23-24,47641,Waurn Ponds Railway Station (Waurn Ponds),-38.21581,144.30682,regional,230950,,,,,,,,,,,Waurn Ponds,Waurn Ponds,False
FY23-24,47642,Epsom Railway Station (Epsom),-36.706343,144.321036,regional,6600,,,,,,,,,,,Epsom,Epsom,False
FY23-24,47647,Wyndham Vale Railway Station (Manor Lakes),-37.872884,144.608734,regional,919500,,,,,,,,,,,Wyndham Vale,Manor Lakes,False
FY23-24,47648,Tarneit Railway Station (Tarneit),-37.832169,144.694716,regional,1495450,,,,,,,,,,,Tarneit,Tarneit,False
FY23-24,48804,Cobblebank Railway Station (Cobblebank),-37.712542,144.604103,regional,278050,,,,,,,,,,,Cobblebank,Cobblebank,False
FY23-24,49295,Raywood Railway Station (Raywood),-36.531956,144.201158,regional,850,,,,,,,,,,,Raywood,Raywood,False
FY23-24,49296,Huntly Railway Station (Huntly),-36.665847,144.369821,regional,1000,,,,,,,,,,,Huntly,Huntly,False
FY23-24,51809,Goornong Railway Station (Goornong),-36.615181,144.503478,regional,2150,,,,,,,,,,,Goornong,Goornong,False
FY23-24,52011,Caroline Springs Railway Station (Ravenhall),-37.766144,144.735748,regional,282150,,,,,,,,,,,Caroline Springs,Ravenhall,False
FY23-24,64408,Southern Cross Railway Station (Melbourne City),-37.818245,144.951691,regional,5925200,,,,,,,,,,,Southern Cross,Melbourne City,False
FY24-25,19980,Melton,-37.703289,144.572525,regional,806050,,,,,,,,,,,Melton,,False
FY24-25,19981,Rockbank,-37.729258,144.65063,regional,399800,,,,,,,,,,,Rockbank,,False
FY24-25,19982,Deer Park,-37.77776,144.772307,regional,636300,,,,,,,,,,,Deer Park,,False
FY24-25,20020,Ardeer,-37.783063,144.802193,regional,88250,,,,,,,,,,,Ardeer,,False
FY24-25,20287,Albury,-36.084262,146.924515,regional,84300,,,,,,,,,,,Albury,,False
FY24-25,20288,Ararat,-37.282205,142.936914,regional,60700,,,,,,,,,,,Ararat,,False
FY24-25,20289,Avenel,-36.893648,145.229515,regional,1950,,,,,,,,,,,Avenel,,False
FY24-25,20290,Bacchus Marsh,-37.687582,144.436788,regional,346950,,,,,,,,,,,Bacchus Marsh,,False
FY24-25,20291,Bairnsdale,-37.82872,147.627614,regional,67800,,,,,,,,,,,Bairnsdale,,False
FY24-25,20292,Ballan,-37.6043,144.225443,regional,93700,,,,,,,,,,,Ballan,,False
FY24-25,20293,Ballarat,-37.55879,143.859452,regional,684050,,,,,,,,,,,Ballarat,,False
FY24-25,20294,Beaufort,-37.427875,143.382234,regional,9700,,,,,,,,,,,Beaufort,,False
FY24-25,20295,Benalla,-36.54455,145.983915,regional,28900,,,,,,,,,,,Benalla,,False
FY24-25,20296,Bendigo,-36.765673,144.283012,regional,489350,,,,,,,,,,,Bendigo,,False
FY24-25,20297,Birregurra,-38.328808,143.783625,regional,3250,,,,,,,,,,,Birregurra,,False
FY24-25,20298,Broadford,-37.207202,145.043009,regional,47750,,,,,,,,,,,Broadford,,False
FY24-25,20299,Bunyip,-38.09911,145.720762,regional,19650,,,,,,,,,,,Bunyip,,False
FY24-25,20300,Camperdown,-38.228901,143.150928,regional,16050,,,,,,,,,,,Camperdown,,False
FY24-25,20301,Castlemaine,-37.062836,144.213801,regional,225300,,,,,,,,,,,Castlemaine,,False
FY24-25,20302,Chiltern,-36.155637,146.611375,regional,5700,,,,,,,,,,,Chiltern,,False
FY24-25,20303,Clarkefield,-37.483497,144.745368,regional,40100,,,,,,,,,,,Clarkefield,,False
FY24-25,20304,Colac,-38.343378,143.586653,regional,31500,,,,,,,,,,,Colac,,False
FY24-25,20305,Corio,-38.072835,144.37977,regional,31600,,,,,,,,,,,Corio,,False
FY24-25,20306,Dingee,-36.369233,144.23112,regional,550,,,,,,,,,,,Dingee,,False
FY24-25,20307,Donnybrook,-37.542592,144.969865,regional,191400,,,,,,,,,,,Donnybrook,,False
FY24-25,20308,Drouin,-38.136453,145.855943,regional,111250,,,,,,,,,,,Drouin,,False
FY24-25,20309,Eaglehawk,-36.718528,144.248382,regional,3250,,,,,,,,,,,Eaglehawk,,False
FY24-25,20310,Echuca,-36.130982,144.753459,regional,35200,,,,,,,,,,,Echuca,,False
FY24-25,20311,Elmore,-36.49502,144.607758,regional,2300,,,,,,,,,,,Elmore,,False
FY24-25,20312,Euroa,-36.749146,145.567864,regional,7350,,,,,,,,,,,Euroa,,False
FY24-25,20313,Garfield,-38.09103,145.67422,regional,24850,,,,,,,,,,,Garfield,,False
FY24-25,20314,Geelong,-38.144241,144.354992,regional,974250,,,,,,,,,,,Geelong,,False
FY24-25,20315,Gisborne,-37.458825,144.598718,regional,134450,,,,,,,,,,,Gisborne,,False
FY24-25,20316,Heathcote Junction,-37.367732,145.026305,regional,6400,,,,,,,,,,,Heathcote Junction,,False
FY24-25,20317,Kangaroo Flat,-36.794838,144.248993,regional,86900,,,,,,,,,,,Kangaroo Flat,,False
FY24-25,20318,Kerang,-35.733122,143.924425,regional,7350,,,,,,,,,,,Kerang,,False
FY24-25,20319,Kilmore East,-37.293208,144.983565,regional,66350,,,,,,,,,,,Kilmore East,,False
FY24-25,20320,Kyneton,-37.258277,144.450602,regional,131650,,,,,,,,,,,Kyneton,,False
FY24-25,20321,Lara,-38.022428,144.414402,regional,333400,,,,,,,,,,,Lara,,False
FY24-25,20323,Little River,-37.962928,144.498485,regional,18550,,,,,,,,,,,Little River,,False
FY24-25,20324,Longwarry,-38.110992,145.76686,regional,18950,,,,,,,,,,,Longwarry,,False
FY24-25,20325,Macedon,-37.423577,144.561397,regional,41400,,,,,,,,,,,Macedon,,False
FY24-25,20326,Malmsbury,-37.189744,144.375325,regional,19650,,,,,,,,,,,Malmsbury,,False
FY24-25,20327,Marshall,-38.19855,144.355055,regional,186750,,,,,,,,,,,Marshall,,False
FY24-25,20328,Moe,-38.176713,146.262698,regional,123900,,,,,,,,,,,Moe,,False
FY24-25,20329,Mooroopna,-36.399128,145.358215,regional,9600,,,,,,,,,,,Mooroopna,,False
FY24-25,20330,Morwell,-38.236723,146.396752,regional,112950,,,,,,,,,,,Morwell,,False
FY24-25,20331,Murchison East,-36.613148,145.240636,regional,11900,,,,,,,,,,,Murchison East,,False
FY24-25,20332,Nagambie,-36.785464,145.160357,regional,6650,,,,,,,,,,,Nagambie,,False
FY24-25,20333,Nar Nar Goon,-38.08159,145.57167,regional,9500,,,,,,,,,,,Nar Nar Goon,,False
FY24-25,20334,North Geelong,-38.122836,144.352277,regional,336000,,,,,,,,,,,North Geelong,,False
FY24-25,20335,North Shore,-38.098373,144.365323,regional,96300,,,,,,,,,,,North Shore,,False
FY24-25,20336,Pyramid,-36.053113,144.113133,regional,3000,,,,,,,,,,,Pyramid,,False
FY24-25,20337,Riddells Creek,-37.465127,144.679828,regional,58650,,,,,,,,,,,Riddells Creek,,False
FY24-25,20338,Rochester,-36.36236,144.698681,regional,5700,,,,,,,,,,,Rochester,,False
FY24-25,20339,Rosedale,-38.156404,146.786966,regional,3400,,,,,,,,,,,Rosedale,,False
FY24-25,20341,Sale,-38.103103,147.054805,regional,35350,,,,,,,,,,,Sale,,False
FY24-25,20342,Seymour,-37.024725,145.137733,regional,166250,,,,,,,,,,,Seymour,,False
FY24-25,20343,Shepparton,-36.383791,145.406498,regional,116000,,,,,,,,,,,Shepparton,,False
FY24-25,20344,South Geelong,-38.15866,144.358987,regional,356100,,,,,,,,,,,South Geelong,,False
FY24-25,20345,Springhurst,-36.185893,146.470417,regional,3000,,,,,,,,,,,Springhurst,,False
FY24-25,20346,Stratford,-37.967047,147.081469,regional,5700,,,,,,,,,,,Stratford,,False
FY24-25,20347,Swan Hill,-35.341114,143.562343,regional,50950,,,,,,,,,,,Swan Hill,,False
FY24-25,20348,Tallarook,-37.092332,145.103002,regional,7400,,,,,,,,,,,Tallarook,,False
FY24-25,20349,Terang,-38.236212,142.911472,regional,9800,,,,,,,,,,,Terang,,False
FY24-25,20350,Trafalgar,-38.207239,146.15477,regional,51150,,,,,,,,,,,Trafalgar,,False
FY24-25,20351,Traralgon,-38.198889,146.537884,regional,184250,,,,,,,,,,,Traralgon,,False
FY24-25,20352,Tynong,-38.084994,145.628231,regional,7300,,,,,,,,,,,Tynong,,False
FY24-25,20353,Violet Town,-36.638816,145.715923,regional,3000,,,,,,,,,,,Violet Town,,False
FY24-25,20354,Wallan,-37.416534,145.005354,regional,145550,,,,,,,,,,,Wallan,,False
FY24-25,20355,Wandong,-37.354676,145.026414,regional,19000,,,,,,,,,,,Wandong,,False
FY24-25,20356,Wangaratta,-36.355101,146.317038,regional,50500,,,,,,,,,,,Wangaratta,,False
FY24-25,20357,Warragul,-38.165227,145.93309,regional,172500,,,,,,,,,,,Warragul,,False
FY24-25,20358,Warrnambool,-38.385014,142.475545,regional,112500,,,,,,,,,,,Warrnambool,,False
FY24-25,20359,Winchelsea,-38.240135,143.984134,regional,5400,,,,,,,,,,,Winchelsea,,False
FY24-25,20360,Wodonga,-36.105827,146.871266,regional,60400,,,,,,,,,,,Wodonga,,False
FY24-25,20361,Woodend,-37.358803,144.525893,regional,143700,,,,,,,,,,,Woodend,,False
FY24-25,20362,Yarragon,-38.203155,146.063065,regional,16600,,,,,,,,,,,Yarragon,,False
FY24-25,22257,Sherwood Park,-38.386392,142.538871,regional,4450,,,,,,,,,,,Sherwood Park,,False
FY24-25,43469,Wendouree,-37.539713,143.820062,regional,198950,,,,,,,,,,,Wendouree,,False
FY24-25,44951,Creswick,-37.424605,143.888124,regional,2500,,,,,,,,,,,Creswick,,False
FY24-25,44952,Clunes,-37.303141,143.781577,regional,2050,,,,,,,,,,,Clunes,,False
FY24-25,44953,Maryborough,-37.050908,143.742402,regional,10650,,,,,,,,,,,Maryborough,,False
FY24-25,47482,Talbot,-37.172899,143.70564,regional,900,,,,,,,,,,,Talbot,,False
FY24-25,47641,Waurn Ponds,-38.21581,144.30682,regional,260250,,,,,,,,,,,Waurn Ponds,,False
FY24-25,47642,Epsom,-36.706343,144.321036,regional,7150,,,,,,,,,,,Epsom,,False
FY24-25,47647,Wyndham Vale,-37.871783,144.608477,regional,1128400,,,,,,,,,,,Wyndham Vale,,False
FY24-25,47648,Tarneit,-37.832169,144.694716,regional,1717700,,,,,,,,,,,Tarneit,,False
FY24-25,48804,Cobblebank,-37.712542,144.604103,regional,325300,,,,,,,,,,,Cobblebank,,False
FY24-25,49295,Raywood,-36.531477,144.200922,regional,1050,,,,,,,,,,,Raywood,,False
FY24-25,49296,Huntly,-36.664864,144.369789,regional,1500,,,,,,,,,,,Huntly,,False
FY24-25,51809,Goornong,-36.615183,144.503474,regional,1900,,,,,,,,,,,Goornong,,False
FY24-25,52011,Caroline Springs,-37.767153,144.738023,regional,290700,,,,,,,,,,,Caroline Springs,,False
FY24-25,64408,Southern Cross Railway Station (Melbourne City),-37.818245,144.951691,regional,6506100,,,,,,,,,,,Southern Cross,Melbourne City,False
