year,month,day_of_week,day_type,mode_canonical,pax_daily
2018,1,Friday,School Holiday Weekday,metro_bus,268350
2018,1,Friday,School Holiday Weekday,metro_train,570700
2018,1,Friday,School Holiday Weekday,regional_bus,21550
2018,1,Friday,School Holiday Weekday,regional_train,43700
2018,1,Friday,School Holiday Weekday,metro_tram,529250
2018,1,Monday,Normal Weekday,metro_bus,308450
2018,1,Monday,Normal Weekday,metro_train,638350
2018,1,Monday,Normal Weekday,regional_bus,22600
2018,1,Monday,Normal Weekday,regional_train,47700
2018,1,Monday,Normal Weekday,metro_tram,534800
2018,1,Monday,School Holiday Weekday,metro_bus,298500
2018,1,Monday,School Holiday Weekday,metro_train,636150
2018,1,Monday,School Holiday Weekday,regional_bus,23150
2018,1,Monday,School Holiday Weekday,regional_train,49650
2018,1,Monday,School Holiday Weekday,metro_tram,562150
2018,1,Saturday,Weekend,metro_bus,154100
2018,1,Saturday,Weekend,metro_train,333700
2018,1,Saturday,Weekend,regional_bus,13100
2018,1,Saturday,Weekend,regional_train,20600
2018,1,Saturday,Weekend,metro_tram,393050
2018,1,Sunday,Weekend,metro_bus,105100
2018,1,Sunday,Weekend,metro_train,249600
2018,1,Sunday,Weekend,regional_bus,8600
2018,1,Sunday,Weekend,regional_train,18350
2018,1,Sunday,Weekend,metro_tram,325900
2018,1,Thursday,School Holiday Weekday,metro_bus,298100
2018,1,Thursday,School Holiday Weekday,metro_train,617350
2018,1,Thursday,School Holiday Weekday,regional_bus,24400
2018,1,Thursday,School Holiday Weekday,regional_train,47450
2018,1,Thursday,School Holiday Weekday,metro_tram,563600
2018,1,Tuesday,Normal Weekday,metro_bus,359800
2018,1,Tuesday,Normal Weekday,metro_train,729400
2018,1,Tuesday,Normal Weekday,regional_bus,26950
2018,1,Tuesday,Normal Weekday,regional_train,52550
2018,1,Tuesday,Normal Weekday,metro_tram,610600
2018,1,Tuesday,School Holiday Weekday,metro_bus,295500
2018,1,Tuesday,School Holiday Weekday,metro_train,618050
2018,1,Tuesday,School Holiday Weekday,regional_bus,23300
2018,1,Tuesday,School Holiday Weekday,regional_train,48050
2018,1,Tuesday,School Holiday Weekday,metro_tram,558300
2018,1,Wednesday,Normal Weekday,metro_bus,400250
2018,1,Wednesday,Normal Weekday,metro_train,716600
2018,1,Wednesday,Normal Weekday,regional_bus,31300
2018,1,Wednesday,Normal Weekday,regional_train,48600
2018,1,Wednesday,Normal Weekday,metro_tram,611100
2018,1,Wednesday,School Holiday Weekday,metro_bus,299950
2018,1,Wednesday,School Holiday Weekday,metro_train,630400
2018,1,Wednesday,School Holiday Weekday,regional_bus,24400
2018,1,Wednesday,School Holiday Weekday,regional_train,48750
2018,1,Wednesday,School Holiday Weekday,metro_tram,570050
2018,2,Friday,Normal Weekday,metro_bus,449650
2018,2,Friday,Normal Weekday,metro_train,784400
2018,2,Friday,Normal Weekday,regional_bus,39800
2018,2,Friday,Normal Weekday,regional_train,54050
2018,2,Friday,Normal Weekday,metro_tram,691500
2018,2,Monday,Normal Weekday,metro_bus,462750
2018,2,Monday,Normal Weekday,metro_train,770350
2018,2,Monday,Normal Weekday,regional_bus,40150
2018,2,Monday,Normal Weekday,regional_train,52950
2018,2,Monday,Normal Weekday,metro_tram,657250
2018,2,Saturday,Weekend,metro_bus,186950
2018,2,Saturday,Weekend,metro_train,428750
2018,2,Saturday,Weekend,regional_bus,15700
2018,2,Saturday,Weekend,regional_train,26000
2018,2,Saturday,Weekend,metro_tram,469550
2018,2,Sunday,Weekend,metro_bus,117350
2018,2,Sunday,Weekend,metro_train,284150
2018,2,Sunday,Weekend,regional_bus,9950
2018,2,Sunday,Weekend,regional_train,19050
2018,2,Sunday,Weekend,metro_tram,375550
2018,2,Thursday,Normal Weekday,metro_bus,460750
2018,2,Thursday,Normal Weekday,metro_train,777800
2018,2,Thursday,Normal Weekday,regional_bus,40400
2018,2,Thursday,Normal Weekday,regional_train,53800
2018,2,Thursday,Normal Weekday,metro_tram,672900
2018,2,Tuesday,Normal Weekday,metro_bus,475950
2018,2,Tuesday,Normal Weekday,metro_train,806800
2018,2,Tuesday,Normal Weekday,regional_bus,41750
2018,2,Tuesday,Normal Weekday,regional_train,56150
2018,2,Tuesday,Normal Weekday,metro_tram,686050
2018,2,Wednesday,Normal Weekday,metro_bus,468400
2018,2,Wednesday,Normal Weekday,metro_train,803550
2018,2,Wednesday,Normal Weekday,regional_bus,40800
2018,2,Wednesday,Normal Weekday,regional_train,58800
2018,2,Wednesday,Normal Weekday,metro_tram,692450
2018,3,Friday,Normal Weekday,metro_bus,484100
2018,3,Friday,Normal Weekday,metro_train,894550
2018,3,Friday,Normal Weekday,regional_bus,41950
2018,3,Friday,Normal Weekday,regional_train,59800
2018,3,Friday,Normal Weekday,metro_tram,792550
2018,3,Monday,Normal Weekday,metro_bus,478600
2018,3,Monday,Normal Weekday,metro_train,827100
2018,3,Monday,Normal Weekday,regional_bus,40500
2018,3,Monday,Normal Weekday,regional_train,58650
2018,3,Monday,Normal Weekday,metro_tram,718900
2018,3,Saturday,Weekend,metro_bus,192850
2018,3,Saturday,Weekend,metro_train,436850
2018,3,Saturday,Weekend,regional_bus,15600
2018,3,Saturday,Weekend,regional_train,29750
2018,3,Saturday,Weekend,metro_tram,493250
2018,3,Sunday,Weekend,metro_bus,132150
2018,3,Sunday,Weekend,metro_train,337300
2018,3,Sunday,Weekend,regional_bus,9750
2018,3,Sunday,Weekend,regional_train,24350
2018,3,Sunday,Weekend,metro_tram,377700
2018,3,Thursday,Normal Weekday,metro_bus,494500
2018,3,Thursday,Normal Weekday,metro_train,887300
2018,3,Thursday,Normal Weekday,regional_bus,43500
2018,3,Thursday,Normal Weekday,regional_train,62800
2018,3,Thursday,Normal Weekday,metro_tram,766750
2018,3,Tuesday,Normal Weekday,metro_bus,493050
2018,3,Tuesday,Normal Weekday,metro_train,860600
2018,3,Tuesday,Normal Weekday,regional_bus,43250
2018,3,Tuesday,Normal Weekday,regional_train,61050
2018,3,Tuesday,Normal Weekday,metro_tram,748800
2018,3,Wednesday,Normal Weekday,metro_bus,496900
2018,3,Wednesday,Normal Weekday,metro_train,865850
2018,3,Wednesday,Normal Weekday,regional_bus,43350
2018,3,Wednesday,Normal Weekday,regional_train,62250
2018,3,Wednesday,Normal Weekday,metro_tram,757900
2018,4,Friday,Normal Weekday,metro_bus,465700
2018,4,Friday,Normal Weekday,metro_train,856050
2018,4,Friday,Normal Weekday,regional_bus,40500
2018,4,Friday,Normal Weekday,regional_train,59350
2018,4,Friday,Normal Weekday,metro_tram,731500
2018,4,Friday,School Holiday Weekday,metro_bus,367100
2018,4,Friday,School Holiday Weekday,metro_train,807850
2018,4,Friday,School Holiday Weekday,regional_bus,27550
2018,4,Friday,School Holiday Weekday,regional_train,55400
2018,4,Friday,School Holiday Weekday,metro_tram,652150
2018,4,Monday,Normal Weekday,metro_bus,454600
2018,4,Monday,Normal Weekday,metro_train,797300
2018,4,Monday,Normal Weekday,regional_bus,39150
2018,4,Monday,Normal Weekday,regional_train,56250
2018,4,Monday,Normal Weekday,metro_tram,639350
2018,4,Monday,School Holiday Weekday,metro_bus,372550
2018,4,Monday,School Holiday Weekday,metro_train,757200
2018,4,Monday,School Holiday Weekday,regional_bus,26350
2018,4,Monday,School Holiday Weekday,regional_train,54600
2018,4,Monday,School Holiday Weekday,metro_tram,611850
2018,4,Saturday,Weekend,metro_bus,184300
2018,4,Saturday,Weekend,metro_train,407550
2018,4,Saturday,Weekend,regional_bus,13750
2018,4,Saturday,Weekend,regional_train,25200
2018,4,Saturday,Weekend,metro_tram,457600
2018,4,Sunday,Weekend,metro_bus,124850
2018,4,Sunday,Weekend,metro_train,344000
2018,4,Sunday,Weekend,regional_bus,8700
2018,4,Sunday,Weekend,regional_train,25000
2018,4,Sunday,Weekend,metro_tram,360450
2018,4,Thursday,Normal Weekday,metro_bus,479050
2018,4,Thursday,Normal Weekday,metro_train,845900
2018,4,Thursday,Normal Weekday,regional_bus,43800
2018,4,Thursday,Normal Weekday,regional_train,62050
2018,4,Thursday,Normal Weekday,metro_tram,715450
2018,4,Thursday,School Holiday Weekday,metro_bus,375100
2018,4,Thursday,School Holiday Weekday,metro_train,778400
2018,4,Thursday,School Holiday Weekday,regional_bus,28250
2018,4,Thursday,School Holiday Weekday,regional_train,58600
2018,4,Thursday,School Holiday Weekday,metro_tram,650600
2018,4,Tuesday,Normal Weekday,metro_bus,473250
2018,4,Tuesday,Normal Weekday,metro_train,886700
2018,4,Tuesday,Normal Weekday,regional_bus,42100
2018,4,Tuesday,Normal Weekday,regional_train,60950
2018,4,Tuesday,Normal Weekday,metro_tram,684300
2018,4,Tuesday,School Holiday Weekday,metro_bus,356550
2018,4,Tuesday,School Holiday Weekday,metro_train,736050
2018,4,Tuesday,School Holiday Weekday,regional_bus,26450
2018,4,Tuesday,School Holiday Weekday,regional_train,54000
2018,4,Tuesday,School Holiday Weekday,metro_tram,619750
2018,4,Wednesday,Normal Weekday,metro_bus,480350
2018,4,Wednesday,Normal Weekday,metro_train,854900
2018,4,Wednesday,Normal Weekday,regional_bus,42150
2018,4,Wednesday,Normal Weekday,regional_train,60750
2018,4,Wednesday,Normal Weekday,metro_tram,702850
2018,4,Wednesday,School Holiday Weekday,metro_bus,371100
2018,4,Wednesday,School Holiday Weekday,metro_train,762900
2018,4,Wednesday,School Holiday Weekday,regional_bus,27250
2018,4,Wednesday,School Holiday Weekday,regional_train,55750
2018,4,Wednesday,School Holiday Weekday,metro_tram,646200
2018,5,Friday,Normal Weekday,metro_bus,408450
2018,5,Friday,Normal Weekday,metro_train,828750
2018,5,Friday,Normal Weekday,regional_bus,36700
2018,5,Friday,Normal Weekday,regional_train,58750
2018,5,Friday,Normal Weekday,metro_tram,652250
2018,5,Monday,Normal Weekday,metro_bus,423800
2018,5,Monday,Normal Weekday,metro_train,789250
2018,5,Monday,Normal Weekday,regional_bus,38300
2018,5,Monday,Normal Weekday,regional_train,55800
2018,5,Monday,Normal Weekday,metro_tram,597750
2018,5,Saturday,Weekend,metro_bus,197400
2018,5,Saturday,Weekend,metro_train,418950
2018,5,Saturday,Weekend,regional_bus,14550
2018,5,Saturday,Weekend,regional_train,28950
2018,5,Saturday,Weekend,metro_tram,449850
2018,5,Sunday,Weekend,metro_bus,136700
2018,5,Sunday,Weekend,metro_train,309750
2018,5,Sunday,Weekend,regional_bus,8450
2018,5,Sunday,Weekend,regional_train,22700
2018,5,Sunday,Weekend,metro_tram,326350
2018,5,Thursday,Normal Weekday,metro_bus,437800
2018,5,Thursday,Normal Weekday,metro_train,814200
2018,5,Thursday,Normal Weekday,regional_bus,40550
2018,5,Thursday,Normal Weekday,regional_train,59150
2018,5,Thursday,Normal Weekday,metro_tram,647850
2018,5,Tuesday,Normal Weekday,metro_bus,438950
2018,5,Tuesday,Normal Weekday,metro_train,823150
2018,5,Tuesday,Normal Weekday,regional_bus,40250
2018,5,Tuesday,Normal Weekday,regional_train,56850
2018,5,Tuesday,Normal Weekday,metro_tram,630450
2018,5,Wednesday,Normal Weekday,metro_bus,442900
2018,5,Wednesday,Normal Weekday,metro_train,822200
2018,5,Wednesday,Normal Weekday,regional_bus,39750
2018,5,Wednesday,Normal Weekday,regional_train,58500
2018,5,Wednesday,Normal Weekday,metro_tram,639050
2018,6,Friday,Normal Weekday,metro_bus,386150
2018,6,Friday,Normal Weekday,metro_train,756000
2018,6,Friday,Normal Weekday,regional_bus,36350
2018,6,Friday,Normal Weekday,regional_train,54750
2018,6,Friday,Normal Weekday,metro_tram,628200
2018,6,Monday,Normal Weekday,metro_bus,393000
2018,6,Monday,Normal Weekday,metro_train,734850
2018,6,Monday,Normal Weekday,regional_bus,36900
2018,6,Monday,Normal Weekday,regional_train,52950
2018,6,Monday,Normal Weekday,metro_tram,585250
2018,6,Saturday,Weekend,metro_bus,183600
2018,6,Saturday,Weekend,metro_train,347300
2018,6,Saturday,Weekend,regional_bus,13250
2018,6,Saturday,Weekend,regional_train,24750
2018,6,Saturday,Weekend,metro_tram,406900
2018,6,Sunday,Weekend,metro_bus,117650
2018,6,Sunday,Weekend,metro_train,270250
2018,6,Sunday,Weekend,regional_bus,8000
2018,6,Sunday,Weekend,regional_train,20400
2018,6,Sunday,Weekend,metro_tram,294400
2018,6,Thursday,Normal Weekday,metro_bus,410350
2018,6,Thursday,Normal Weekday,metro_train,775350
2018,6,Thursday,Normal Weekday,regional_bus,39400
2018,6,Thursday,Normal Weekday,regional_train,58900
2018,6,Thursday,Normal Weekday,metro_tram,624850
2018,6,Tuesday,Normal Weekday,metro_bus,405600
2018,6,Tuesday,Normal Weekday,metro_train,756450
2018,6,Tuesday,Normal Weekday,regional_bus,38350
2018,6,Tuesday,Normal Weekday,regional_train,54450
2018,6,Tuesday,Normal Weekday,metro_tram,610350
2018,6,Wednesday,Normal Weekday,metro_bus,409200
2018,6,Wednesday,Normal Weekday,metro_train,776950
2018,6,Wednesday,Normal Weekday,regional_bus,38300
2018,6,Wednesday,Normal Weekday,regional_train,57900
2018,6,Wednesday,Normal Weekday,metro_tram,623650
2018,7,Friday,Normal Weekday,metro_bus,420400
2018,7,Friday,Normal Weekday,metro_train,830300
2018,7,Friday,Normal Weekday,regional_bus,39100
2018,7,Friday,Normal Weekday,regional_train,61450
2018,7,Friday,Normal Weekday,metro_tram,685200
2018,7,Friday,School Holiday Weekday,metro_bus,322450
2018,7,Friday,School Holiday Weekday,metro_train,744650
2018,7,Friday,School Holiday Weekday,regional_bus,23950
2018,7,Friday,School Holiday Weekday,regional_train,56250
2018,7,Friday,School Holiday Weekday,metro_tram,634650
2018,7,Monday,Normal Weekday,metro_bus,405050
2018,7,Monday,Normal Weekday,metro_train,765600
2018,7,Monday,Normal Weekday,regional_bus,36600
2018,7,Monday,Normal Weekday,regional_train,55750
2018,7,Monday,Normal Weekday,metro_tram,622050
2018,7,Monday,School Holiday Weekday,metro_bus,318950
2018,7,Monday,School Holiday Weekday,metro_train,679150
2018,7,Monday,School Holiday Weekday,regional_bus,24900
2018,7,Monday,School Holiday Weekday,regional_train,50500
2018,7,Monday,School Holiday Weekday,metro_tram,577400
2018,7,Saturday,Weekend,metro_bus,177600
2018,7,Saturday,Weekend,metro_train,388200
2018,7,Saturday,Weekend,regional_bus,12900
2018,7,Saturday,Weekend,regional_train,30550
2018,7,Saturday,Weekend,metro_tram,424450
2018,7,Sunday,Weekend,metro_bus,133000
2018,7,Sunday,Weekend,metro_train,298500
2018,7,Sunday,Weekend,regional_bus,8150
2018,7,Sunday,Weekend,regional_train,22650
2018,7,Sunday,Weekend,metro_tram,319650
2018,7,Thursday,Normal Weekday,metro_bus,436250
2018,7,Thursday,Normal Weekday,metro_train,800950
2018,7,Thursday,Normal Weekday,regional_bus,40450
2018,7,Thursday,Normal Weekday,regional_train,58650
2018,7,Thursday,Normal Weekday,metro_tram,660750
2018,7,Thursday,School Holiday Weekday,metro_bus,335250
2018,7,Thursday,School Holiday Weekday,metro_train,716650
2018,7,Thursday,School Holiday Weekday,regional_bus,26350
2018,7,Thursday,School Holiday Weekday,regional_train,53500
2018,7,Thursday,School Holiday Weekday,metro_tram,617200
2018,7,Tuesday,Normal Weekday,metro_bus,419250
2018,7,Tuesday,Normal Weekday,metro_train,800300
2018,7,Tuesday,Normal Weekday,regional_bus,36300
2018,7,Tuesday,Normal Weekday,regional_train,57450
2018,7,Tuesday,Normal Weekday,metro_tram,635850
2018,7,Tuesday,School Holiday Weekday,metro_bus,305500
2018,7,Tuesday,School Holiday Weekday,metro_train,712500
2018,7,Tuesday,School Holiday Weekday,regional_bus,20750
2018,7,Tuesday,School Holiday Weekday,regional_train,54000
2018,7,Tuesday,School Holiday Weekday,metro_tram,609650
2018,7,Wednesday,Normal Weekday,metro_bus,437450
2018,7,Wednesday,Normal Weekday,metro_train,803000
2018,7,Wednesday,Normal Weekday,regional_bus,39550
2018,7,Wednesday,Normal Weekday,regional_train,57700
2018,7,Wednesday,Normal Weekday,metro_tram,657200
2018,7,Wednesday,School Holiday Weekday,metro_bus,328250
2018,7,Wednesday,School Holiday Weekday,metro_train,713800
2018,7,Wednesday,School Holiday Weekday,regional_bus,24900
2018,7,Wednesday,School Holiday Weekday,regional_train,53550
2018,7,Wednesday,School Holiday Weekday,metro_tram,607700
2018,8,Friday,Normal Weekday,metro_bus,443850
2018,8,Friday,Normal Weekday,metro_train,833600
2018,8,Friday,Normal Weekday,regional_bus,39250
2018,8,Friday,Normal Weekday,regional_train,59050
2018,8,Friday,Normal Weekday,metro_tram,689300
2018,8,Monday,Normal Weekday,metro_bus,445500
2018,8,Monday,Normal Weekday,metro_train,764150
2018,8,Monday,Normal Weekday,regional_bus,39550
2018,8,Monday,Normal Weekday,regional_train,54400
2018,8,Monday,Normal Weekday,metro_tram,634900
2018,8,Saturday,Weekend,metro_bus,188600
2018,8,Saturday,Weekend,metro_train,416900
2018,8,Saturday,Weekend,regional_bus,13200
2018,8,Saturday,Weekend,regional_train,29450
2018,8,Saturday,Weekend,metro_tram,435900
2018,8,Sunday,Weekend,metro_bus,128950
2018,8,Sunday,Weekend,metro_train,317250
2018,8,Sunday,Weekend,regional_bus,8250
2018,8,Sunday,Weekend,regional_train,21900
2018,8,Sunday,Weekend,metro_tram,338350
2018,8,Thursday,Normal Weekday,metro_bus,460350
2018,8,Thursday,Normal Weekday,metro_train,811150
2018,8,Thursday,Normal Weekday,regional_bus,41500
2018,8,Thursday,Normal Weekday,regional_train,56900
2018,8,Thursday,Normal Weekday,metro_tram,668700
2018,8,Tuesday,Normal Weekday,metro_bus,463400
2018,8,Tuesday,Normal Weekday,metro_train,801850
2018,8,Tuesday,Normal Weekday,regional_bus,41200
2018,8,Tuesday,Normal Weekday,regional_train,56550
2018,8,Tuesday,Normal Weekday,metro_tram,656900
2018,8,Wednesday,Normal Weekday,metro_bus,465950
2018,8,Wednesday,Normal Weekday,metro_train,813600
2018,8,Wednesday,Normal Weekday,regional_bus,41200
2018,8,Wednesday,Normal Weekday,regional_train,57400
2018,8,Wednesday,Normal Weekday,metro_tram,672250
2018,9,Friday,Normal Weekday,metro_bus,445650
2018,9,Friday,Normal Weekday,metro_train,902000
2018,9,Friday,Normal Weekday,regional_bus,39850
2018,9,Friday,Normal Weekday,regional_train,62050
2018,9,Friday,Normal Weekday,metro_tram,653350
2018,9,Monday,Normal Weekday,metro_bus,439500
2018,9,Monday,Normal Weekday,metro_train,761450
2018,9,Monday,Normal Weekday,regional_bus,40100
2018,9,Monday,Normal Weekday,regional_train,53850
2018,9,Monday,Normal Weekday,metro_tram,588000
2018,9,Monday,School Holiday Weekday,metro_bus,343800
2018,9,Monday,School Holiday Weekday,metro_train,744550
2018,9,Monday,School Holiday Weekday,regional_bus,26050
2018,9,Monday,School Holiday Weekday,regional_train,54800
2018,9,Monday,School Holiday Weekday,metro_tram,581500
2018,9,Saturday,Weekend,metro_bus,185500
2018,9,Saturday,Weekend,metro_train,393250
2018,9,Saturday,Weekend,regional_bus,13500
2018,9,Saturday,Weekend,regional_train,25000
2018,9,Saturday,Weekend,metro_tram,423450
2018,9,Sunday,Weekend,metro_bus,124350
2018,9,Sunday,Weekend,metro_train,256350
2018,9,Sunday,Weekend,regional_bus,8550
2018,9,Sunday,Weekend,regional_train,18750
2018,9,Sunday,Weekend,metro_tram,325150
2018,9,Thursday,Normal Weekday,metro_bus,457400
2018,9,Thursday,Normal Weekday,metro_train,833250
2018,9,Thursday,Normal Weekday,regional_bus,41800
2018,9,Thursday,Normal Weekday,regional_train,57750
2018,9,Thursday,Normal Weekday,metro_tram,622100
2018,9,Thursday,School Holiday Weekday,metro_bus,368950
2018,9,Thursday,School Holiday Weekday,metro_train,820400
2018,9,Thursday,School Holiday Weekday,regional_bus,29150
2018,9,Thursday,School Holiday Weekday,regional_train,60050
2018,9,Thursday,School Holiday Weekday,metro_tram,666100
2018,9,Tuesday,Normal Weekday,metro_bus,454400
2018,9,Tuesday,Normal Weekday,metro_train,801750
2018,9,Tuesday,Normal Weekday,regional_bus,41750
2018,9,Tuesday,Normal Weekday,regional_train,56750
2018,9,Tuesday,Normal Weekday,metro_tram,611650
2018,9,Tuesday,School Holiday Weekday,metro_bus,349700
2018,9,Tuesday,School Holiday Weekday,metro_train,777100
2018,9,Tuesday,School Holiday Weekday,regional_bus,26800
2018,9,Tuesday,School Holiday Weekday,regional_train,58200
2018,9,Tuesday,School Holiday Weekday,metro_tram,620850
2018,9,Wednesday,Normal Weekday,metro_bus,457200
2018,9,Wednesday,Normal Weekday,metro_train,803500
2018,9,Wednesday,Normal Weekday,regional_bus,41900
2018,9,Wednesday,Normal Weekday,regional_train,55900
2018,9,Wednesday,Normal Weekday,metro_tram,614750
2018,9,Wednesday,School Holiday Weekday,metro_bus,364600
2018,9,Wednesday,School Holiday Weekday,metro_train,801050
2018,9,Wednesday,School Holiday Weekday,regional_bus,28000
2018,9,Wednesday,School Holiday Weekday,regional_train,58900
2018,9,Wednesday,School Holiday Weekday,metro_tram,643800
2018,10,Friday,Normal Weekday,metro_bus,448800
2018,10,Friday,Normal Weekday,metro_train,834350
2018,10,Friday,Normal Weekday,regional_bus,41900
2018,10,Friday,Normal Weekday,regional_train,60200
2018,10,Friday,Normal Weekday,metro_tram,719350
2018,10,Friday,School Holiday Weekday,metro_bus,385100
2018,10,Friday,School Holiday Weekday,metro_train,790350
2018,10,Friday,School Holiday Weekday,regional_bus,28950
2018,10,Friday,School Holiday Weekday,regional_train,59100
2018,10,Friday,School Holiday Weekday,metro_tram,707000
2018,10,Monday,Normal Weekday,metro_bus,434900
2018,10,Monday,Normal Weekday,metro_train,778500
2018,10,Monday,Normal Weekday,regional_bus,40750
2018,10,Monday,Normal Weekday,regional_train,53500
2018,10,Monday,Normal Weekday,metro_tram,639150
2018,10,Monday,School Holiday Weekday,metro_bus,361950
2018,10,Monday,School Holiday Weekday,metro_train,765050
2018,10,Monday,School Holiday Weekday,regional_bus,26800
2018,10,Monday,School Holiday Weekday,regional_train,54950
2018,10,Monday,School Holiday Weekday,metro_tram,654500
2018,10,Saturday,Weekend,metro_bus,198950
2018,10,Saturday,Weekend,metro_train,391500
2018,10,Saturday,Weekend,regional_bus,19350
2018,10,Saturday,Weekend,regional_train,27300
2018,10,Saturday,Weekend,metro_tram,450800
2018,10,Sunday,Weekend,metro_bus,133200
2018,10,Sunday,Weekend,metro_train,289950
2018,10,Sunday,Weekend,regional_bus,12500
2018,10,Sunday,Weekend,regional_train,18850
2018,10,Sunday,Weekend,metro_tram,338900
2018,10,Thursday,Normal Weekday,metro_bus,457550
2018,10,Thursday,Normal Weekday,metro_train,826050
2018,10,Thursday,Normal Weekday,regional_bus,43650
2018,10,Thursday,Normal Weekday,regional_train,58700
2018,10,Thursday,Normal Weekday,metro_tram,693550
2018,10,Thursday,School Holiday Weekday,metro_bus,389150
2018,10,Thursday,School Holiday Weekday,metro_train,798400
2018,10,Thursday,School Holiday Weekday,regional_bus,28300
2018,10,Thursday,School Holiday Weekday,regional_train,58550
2018,10,Thursday,School Holiday Weekday,metro_tram,684000
2018,10,Tuesday,Normal Weekday,metro_bus,438250
2018,10,Tuesday,Normal Weekday,metro_train,803750
2018,10,Tuesday,Normal Weekday,regional_bus,41800
2018,10,Tuesday,Normal Weekday,regional_train,57650
2018,10,Tuesday,Normal Weekday,metro_tram,652250
2018,10,Tuesday,School Holiday Weekday,metro_bus,377000
2018,10,Tuesday,School Holiday Weekday,metro_train,803100
2018,10,Tuesday,School Holiday Weekday,regional_bus,27500
2018,10,Tuesday,School Holiday Weekday,regional_train,58900
2018,10,Tuesday,School Holiday Weekday,metro_tram,689600
2018,10,Wednesday,Normal Weekday,metro_bus,450400
2018,10,Wednesday,Normal Weekday,metro_train,812350
2018,10,Wednesday,Normal Weekday,regional_bus,39700
2018,10,Wednesday,Normal Weekday,regional_train,58300
2018,10,Wednesday,Normal Weekday,metro_tram,676550
2018,10,Wednesday,School Holiday Weekday,metro_bus,378750
2018,10,Wednesday,School Holiday Weekday,metro_train,795450
2018,10,Wednesday,School Holiday Weekday,regional_bus,27150
2018,10,Wednesday,School Holiday Weekday,regional_train,58200
2018,10,Wednesday,School Holiday Weekday,metro_tram,673050
2018,11,Friday,Normal Weekday,metro_bus,417050
2018,11,Friday,Normal Weekday,metro_train,818400
2018,11,Friday,Normal Weekday,regional_bus,39000
2018,11,Friday,Normal Weekday,regional_train,57800
2018,11,Friday,Normal Weekday,metro_tram,692300
2018,11,Monday,Normal Weekday,metro_bus,398800
2018,11,Monday,Normal Weekday,metro_train,733000
2018,11,Monday,Normal Weekday,regional_bus,38200
2018,11,Monday,Normal Weekday,regional_train,52150
2018,11,Monday,Normal Weekday,metro_tram,634800
2018,11,Saturday,Weekend,metro_bus,202750
2018,11,Saturday,Weekend,metro_train,413900
2018,11,Saturday,Weekend,regional_bus,15050
2018,11,Saturday,Weekend,regional_train,30250
2018,11,Saturday,Weekend,metro_tram,413500
2018,11,Sunday,Weekend,metro_bus,138250
2018,11,Sunday,Weekend,metro_train,295450
2018,11,Sunday,Weekend,regional_bus,9650
2018,11,Sunday,Weekend,regional_train,20850
2018,11,Sunday,Weekend,metro_tram,315650
2018,11,Thursday,Normal Weekday,metro_bus,440050
2018,11,Thursday,Normal Weekday,metro_train,816150
2018,11,Thursday,Normal Weekday,regional_bus,41900
2018,11,Thursday,Normal Weekday,regional_train,57800
2018,11,Thursday,Normal Weekday,metro_tram,696800
2018,11,Tuesday,Normal Weekday,metro_bus,425650
2018,11,Tuesday,Normal Weekday,metro_train,796550
2018,11,Tuesday,Normal Weekday,regional_bus,39750
2018,11,Tuesday,Normal Weekday,regional_train,57500
2018,11,Tuesday,Normal Weekday,metro_tram,667800
2018,11,Wednesday,Normal Weekday,metro_bus,432450
2018,11,Wednesday,Normal Weekday,metro_train,795750
2018,11,Wednesday,Normal Weekday,regional_bus,40650
2018,11,Wednesday,Normal Weekday,regional_train,57050
2018,11,Wednesday,Normal Weekday,metro_tram,688200
2018,12,Friday,Normal Weekday,metro_bus,338300
2018,12,Friday,Normal Weekday,metro_train,708900
2018,12,Friday,Normal Weekday,regional_bus,31100
2018,12,Friday,Normal Weekday,regional_train,48900
2018,12,Friday,Normal Weekday,metro_tram,662750
2018,12,Friday,School Holiday Weekday,metro_bus,200850
2018,12,Friday,School Holiday Weekday,metro_train,399800
2018,12,Friday,School Holiday Weekday,regional_bus,20850
2018,12,Friday,School Holiday Weekday,regional_train,31200
2018,12,Friday,School Holiday Weekday,metro_tram,423500
2018,12,Monday,Normal Weekday,metro_bus,373400
2018,12,Monday,Normal Weekday,metro_train,710850
2018,12,Monday,Normal Weekday,regional_bus,34950
2018,12,Monday,Normal Weekday,regional_train,49050
2018,12,Monday,Normal Weekday,metro_tram,655150
2018,12,Monday,School Holiday Weekday,metro_bus,184400
2018,12,Monday,School Holiday Weekday,metro_train,332900
2018,12,Monday,School Holiday Weekday,regional_bus,19850
2018,12,Monday,School Holiday Weekday,regional_train,27200
2018,12,Monday,School Holiday Weekday,metro_tram,349950
2018,12,Saturday,Weekend,metro_bus,183300
2018,12,Saturday,Weekend,metro_train,354050
2018,12,Saturday,Weekend,regional_bus,14700
2018,12,Saturday,Weekend,regional_train,23650
2018,12,Saturday,Weekend,metro_tram,389500
2018,12,Sunday,Weekend,metro_bus,124150
2018,12,Sunday,Weekend,metro_train,269700
2018,12,Sunday,Weekend,regional_bus,9000
2018,12,Sunday,Weekend,regional_train,17050
2018,12,Sunday,Weekend,metro_tram,301150
2018,12,Thursday,Normal Weekday,metro_bus,353550
2018,12,Thursday,Normal Weekday,metro_train,715800
2018,12,Thursday,Normal Weekday,regional_bus,33550
2018,12,Thursday,Normal Weekday,regional_train,51800
2018,12,Thursday,Normal Weekday,metro_tram,665400
2018,12,Thursday,School Holiday Weekday,metro_bus,190400
2018,12,Thursday,School Holiday Weekday,metro_train,373100
2018,12,Thursday,School Holiday Weekday,regional_bus,19700
2018,12,Thursday,School Holiday Weekday,regional_train,30850
2018,12,Thursday,School Holiday Weekday,metro_tram,385400
2018,12,Tuesday,Normal Weekday,metro_bus,382300
2018,12,Tuesday,Normal Weekday,metro_train,731950
2018,12,Tuesday,Normal Weekday,regional_bus,35450
2018,12,Tuesday,Normal Weekday,regional_train,51400
2018,12,Tuesday,Normal Weekday,metro_tram,688900
2018,12,Wednesday,Normal Weekday,metro_bus,376650
2018,12,Wednesday,Normal Weekday,metro_train,739550
2018,12,Wednesday,Normal Weekday,regional_bus,36000
2018,12,Wednesday,Normal Weekday,regional_train,52450
2018,12,Wednesday,Normal Weekday,metro_tram,692200
2019,1,Friday,School Holiday Weekday,metro_bus,267050
2019,1,Friday,School Holiday Weekday,metro_train,571400
2019,1,Friday,School Holiday Weekday,regional_bus,22500
2019,1,Friday,School Holiday Weekday,regional_train,42600
2019,1,Friday,School Holiday Weekday,metro_tram,546950
2019,1,Monday,School Holiday Weekday,metro_bus,303700
2019,1,Monday,School Holiday Weekday,metro_train,661500
2019,1,Monday,School Holiday Weekday,regional_bus,24350
2019,1,Monday,School Holiday Weekday,regional_train,48950
2019,1,Monday,School Holiday Weekday,metro_tram,583800
2019,1,Saturday,Weekend,metro_bus,172950
2019,1,Saturday,Weekend,metro_train,331950
2019,1,Saturday,Weekend,regional_bus,12150
2019,1,Saturday,Weekend,regional_train,21650
2019,1,Saturday,Weekend,metro_tram,392950
2019,1,Sunday,Weekend,metro_bus,118950
2019,1,Sunday,Weekend,metro_train,264800
2019,1,Sunday,Weekend,regional_bus,8000
2019,1,Sunday,Weekend,regional_train,18200
2019,1,Sunday,Weekend,metro_tram,317200
2019,1,Thursday,Normal Weekday,metro_bus,422050
2019,1,Thursday,Normal Weekday,metro_train,758700
2019,1,Thursday,Normal Weekday,regional_bus,37100
2019,1,Thursday,Normal Weekday,regional_train,47900
2019,1,Thursday,Normal Weekday,metro_tram,655150
2019,1,Thursday,School Holiday Weekday,metro_bus,303450
2019,1,Thursday,School Holiday Weekday,metro_train,608050
2019,1,Thursday,School Holiday Weekday,regional_bus,25450
2019,1,Thursday,School Holiday Weekday,regional_train,46200
2019,1,Thursday,School Holiday Weekday,metro_tram,592600
2019,1,Tuesday,School Holiday Weekday,metro_bus,324500
2019,1,Tuesday,School Holiday Weekday,metro_train,683100
2019,1,Tuesday,School Holiday Weekday,regional_bus,25450
2019,1,Tuesday,School Holiday Weekday,regional_train,50050
2019,1,Tuesday,School Holiday Weekday,metro_tram,604700
2019,1,Wednesday,Normal Weekday,metro_bus,361500
2019,1,Wednesday,Normal Weekday,metro_train,724000
2019,1,Wednesday,Normal Weekday,regional_bus,29300
2019,1,Wednesday,Normal Weekday,regional_train,53050
2019,1,Wednesday,Normal Weekday,metro_tram,592150
2019,1,Wednesday,School Holiday Weekday,metro_bus,302450
2019,1,Wednesday,School Holiday Weekday,metro_train,621700
2019,1,Wednesday,School Holiday Weekday,regional_bus,25200
2019,1,Wednesday,School Holiday Weekday,regional_train,47300
2019,1,Wednesday,School Holiday Weekday,metro_tram,603250
2019,2,Friday,Normal Weekday,metro_bus,432850
2019,2,Friday,Normal Weekday,metro_train,819200
2019,2,Friday,Normal Weekday,regional_bus,43250
2019,2,Friday,Normal Weekday,regional_train,58250
2019,2,Friday,Normal Weekday,metro_tram,665950
2019,2,Monday,Normal Weekday,metro_bus,436150
2019,2,Monday,Normal Weekday,metro_train,785750
2019,2,Monday,Normal Weekday,regional_bus,42700
2019,2,Monday,Normal Weekday,regional_train,57200
2019,2,Monday,Normal Weekday,metro_tram,614650
2019,2,Saturday,Weekend,metro_bus,187950
2019,2,Saturday,Weekend,metro_train,389400
2019,2,Saturday,Weekend,regional_bus,15700
2019,2,Saturday,Weekend,regional_train,27950
2019,2,Saturday,Weekend,metro_tram,492550
2019,2,Sunday,Weekend,metro_bus,123800
2019,2,Sunday,Weekend,metro_train,303350
2019,2,Sunday,Weekend,regional_bus,9850
2019,2,Sunday,Weekend,regional_train,23700
2019,2,Sunday,Weekend,metro_tram,393300
2019,2,Thursday,Normal Weekday,metro_bus,451100
2019,2,Thursday,Normal Weekday,metro_train,829350
2019,2,Thursday,Normal Weekday,regional_bus,44350
2019,2,Thursday,Normal Weekday,regional_train,59700
2019,2,Thursday,Normal Weekday,metro_tram,656450
2019,2,Tuesday,Normal Weekday,metro_bus,443550
2019,2,Tuesday,Normal Weekday,metro_train,816000
2019,2,Tuesday,Normal Weekday,regional_bus,43700
2019,2,Tuesday,Normal Weekday,regional_train,59650
2019,2,Tuesday,Normal Weekday,metro_tram,642400
2019,2,Wednesday,Normal Weekday,metro_bus,451000
2019,2,Wednesday,Normal Weekday,metro_train,821600
2019,2,Wednesday,Normal Weekday,regional_bus,44000
2019,2,Wednesday,Normal Weekday,regional_train,60250
2019,2,Wednesday,Normal Weekday,metro_tram,655950
2019,3,Friday,Normal Weekday,metro_bus,473250
2019,3,Friday,Normal Weekday,metro_train,875950
2019,3,Friday,Normal Weekday,regional_bus,43500
2019,3,Friday,Normal Weekday,regional_train,63550
2019,3,Friday,Normal Weekday,metro_tram,714200
2019,3,Monday,Normal Weekday,metro_bus,485150
2019,3,Monday,Normal Weekday,metro_train,858500
2019,3,Monday,Normal Weekday,regional_bus,43100
2019,3,Monday,Normal Weekday,regional_train,60050
2019,3,Monday,Normal Weekday,metro_tram,675100
2019,3,Saturday,Weekend,metro_bus,215650
2019,3,Saturday,Weekend,metro_train,353800
2019,3,Saturday,Weekend,regional_bus,16600
2019,3,Saturday,Weekend,regional_train,31000
2019,3,Saturday,Weekend,metro_tram,545100
2019,3,Sunday,Weekend,metro_bus,138800
2019,3,Sunday,Weekend,metro_train,256300
2019,3,Sunday,Weekend,regional_bus,10500
2019,3,Sunday,Weekend,regional_train,22850
2019,3,Sunday,Weekend,metro_tram,418750
2019,3,Thursday,Normal Weekday,metro_bus,503750
2019,3,Thursday,Normal Weekday,metro_train,927650
2019,3,Thursday,Normal Weekday,regional_bus,46900
2019,3,Thursday,Normal Weekday,regional_train,64500
2019,3,Thursday,Normal Weekday,metro_tram,721900
2019,3,Tuesday,Normal Weekday,metro_bus,496500
2019,3,Tuesday,Normal Weekday,metro_train,892850
2019,3,Tuesday,Normal Weekday,regional_bus,45250
2019,3,Tuesday,Normal Weekday,regional_train,63300
2019,3,Tuesday,Normal Weekday,metro_tram,700650
2019,3,Wednesday,Normal Weekday,metro_bus,498900
2019,3,Wednesday,Normal Weekday,metro_train,884500
2019,3,Wednesday,Normal Weekday,regional_bus,45550
2019,3,Wednesday,Normal Weekday,regional_train,64450
2019,3,Wednesday,Normal Weekday,metro_tram,713900
2019,4,Friday,Normal Weekday,metro_bus,408950
2019,4,Friday,Normal Weekday,metro_train,753100
2019,4,Friday,Normal Weekday,regional_bus,37350
2019,4,Friday,Normal Weekday,regional_train,54900
2019,4,Friday,Normal Weekday,metro_tram,656500
2019,4,Friday,School Holiday Weekday,metro_bus,392300
2019,4,Friday,School Holiday Weekday,metro_train,809400
2019,4,Friday,School Holiday Weekday,regional_bus,30600
2019,4,Friday,School Holiday Weekday,regional_train,61550
2019,4,Friday,School Holiday Weekday,metro_tram,731000
2019,4,Monday,Normal Weekday,metro_bus,461100
2019,4,Monday,Normal Weekday,metro_train,815250
2019,4,Monday,Normal Weekday,regional_bus,43300
2019,4,Monday,Normal Weekday,regional_train,56800
2019,4,Monday,Normal Weekday,metro_tram,640150
2019,4,Monday,School Holiday Weekday,metro_bus,381950
2019,4,Monday,School Holiday Weekday,metro_train,722450
2019,4,Monday,School Holiday Weekday,regional_bus,27900
2019,4,Monday,School Holiday Weekday,regional_train,56100
2019,4,Monday,School Holiday Weekday,metro_tram,653500
2019,4,Saturday,Weekend,metro_bus,208500
2019,4,Saturday,Weekend,metro_train,347400
2019,4,Saturday,Weekend,regional_bus,14850
2019,4,Saturday,Weekend,regional_train,30050
2019,4,Saturday,Weekend,metro_tram,531850
2019,4,Sunday,Weekend,metro_bus,133950
2019,4,Sunday,Weekend,metro_train,245600
2019,4,Sunday,Weekend,regional_bus,9450
2019,4,Sunday,Weekend,regional_train,22800
2019,4,Sunday,Weekend,metro_tram,393950
2019,4,Thursday,Normal Weekday,metro_bus,485500
2019,4,Thursday,Normal Weekday,metro_train,850050
2019,4,Thursday,Normal Weekday,regional_bus,44300
2019,4,Thursday,Normal Weekday,regional_train,51800
2019,4,Thursday,Normal Weekday,metro_tram,705850
2019,4,Thursday,School Holiday Weekday,metro_bus,401100
2019,4,Thursday,School Holiday Weekday,metro_train,746900
2019,4,Thursday,School Holiday Weekday,regional_bus,30200
2019,4,Thursday,School Holiday Weekday,regional_train,48700
2019,4,Thursday,School Holiday Weekday,metro_tram,703200
2019,4,Tuesday,Normal Weekday,metro_bus,448100
2019,4,Tuesday,Normal Weekday,metro_train,778500
2019,4,Tuesday,Normal Weekday,regional_bus,43200
2019,4,Tuesday,Normal Weekday,regional_train,54050
2019,4,Tuesday,Normal Weekday,metro_tram,642050
2019,4,Tuesday,School Holiday Weekday,metro_bus,392200
2019,4,Tuesday,School Holiday Weekday,metro_train,750650
2019,4,Tuesday,School Holiday Weekday,regional_bus,28250
2019,4,Tuesday,School Holiday Weekday,regional_train,48000
2019,4,Tuesday,School Holiday Weekday,metro_tram,700100
2019,4,Wednesday,Normal Weekday,metro_bus,446050
2019,4,Wednesday,Normal Weekday,metro_train,803600
2019,4,Wednesday,Normal Weekday,regional_bus,41900
2019,4,Wednesday,Normal Weekday,regional_train,59050
2019,4,Wednesday,Normal Weekday,metro_tram,658600
2019,4,Wednesday,School Holiday Weekday,metro_bus,395350
2019,4,Wednesday,School Holiday Weekday,metro_train,753400
2019,4,Wednesday,School Holiday Weekday,regional_bus,28850
2019,4,Wednesday,School Holiday Weekday,regional_train,49200
2019,4,Wednesday,School Holiday Weekday,metro_tram,697550
2019,5,Friday,Normal Weekday,metro_bus,451600
2019,5,Friday,Normal Weekday,metro_train,833550
2019,5,Friday,Normal Weekday,regional_bus,39700
2019,5,Friday,Normal Weekday,regional_train,62050
2019,5,Friday,Normal Weekday,metro_tram,673150
2019,5,Monday,Normal Weekday,metro_bus,456500
2019,5,Monday,Normal Weekday,metro_train,799800
2019,5,Monday,Normal Weekday,regional_bus,40050
2019,5,Monday,Normal Weekday,regional_train,59000
2019,5,Monday,Normal Weekday,metro_tram,622150
2019,5,Saturday,Weekend,metro_bus,209050
2019,5,Saturday,Weekend,metro_train,420300
2019,5,Saturday,Weekend,regional_bus,14150
2019,5,Saturday,Weekend,regional_train,34800
2019,5,Saturday,Weekend,metro_tram,465700
2019,5,Sunday,Weekend,metro_bus,126600
2019,5,Sunday,Weekend,metro_train,300850
2019,5,Sunday,Weekend,regional_bus,8800
2019,5,Sunday,Weekend,regional_train,25350
2019,5,Sunday,Weekend,metro_tram,348400
2019,5,Thursday,Normal Weekday,metro_bus,476350
2019,5,Thursday,Normal Weekday,metro_train,835150
2019,5,Thursday,Normal Weekday,regional_bus,42850
2019,5,Thursday,Normal Weekday,regional_train,61800
2019,5,Thursday,Normal Weekday,metro_tram,671950
2019,5,Tuesday,Normal Weekday,metro_bus,477400
2019,5,Tuesday,Normal Weekday,metro_train,840550
2019,5,Tuesday,Normal Weekday,regional_bus,41700
2019,5,Tuesday,Normal Weekday,regional_train,61450
2019,5,Tuesday,Normal Weekday,metro_tram,652850
2019,5,Wednesday,Normal Weekday,metro_bus,472800
2019,5,Wednesday,Normal Weekday,metro_train,831700
2019,5,Wednesday,Normal Weekday,regional_bus,41700
2019,5,Wednesday,Normal Weekday,regional_train,62050
2019,5,Wednesday,Normal Weekday,metro_tram,665800
2019,6,Friday,Normal Weekday,metro_bus,408550
2019,6,Friday,Normal Weekday,metro_train,795200
2019,6,Friday,Normal Weekday,regional_bus,37800
2019,6,Friday,Normal Weekday,regional_train,59750
2019,6,Friday,Normal Weekday,metro_tram,632350
2019,6,Monday,Normal Weekday,metro_bus,400650
2019,6,Monday,Normal Weekday,metro_train,745100
2019,6,Monday,Normal Weekday,regional_bus,36700
2019,6,Monday,Normal Weekday,regional_train,54350
2019,6,Monday,Normal Weekday,metro_tram,582500
2019,6,Saturday,Weekend,metro_bus,175750
2019,6,Saturday,Weekend,metro_train,357500
2019,6,Saturday,Weekend,regional_bus,13850
2019,6,Saturday,Weekend,regional_train,28150
2019,6,Saturday,Weekend,metro_tram,362800
2019,6,Sunday,Weekend,metro_bus,125600
2019,6,Sunday,Weekend,metro_train,268950
2019,6,Sunday,Weekend,regional_bus,9000
2019,6,Sunday,Weekend,regional_train,21550
2019,6,Sunday,Weekend,metro_tram,277150
2019,6,Thursday,Normal Weekday,metro_bus,425250
2019,6,Thursday,Normal Weekday,metro_train,786600
2019,6,Thursday,Normal Weekday,regional_bus,40100
2019,6,Thursday,Normal Weekday,regional_train,56950
2019,6,Thursday,Normal Weekday,metro_tram,615900
2019,6,Tuesday,Normal Weekday,metro_bus,422150
2019,6,Tuesday,Normal Weekday,metro_train,776500
2019,6,Tuesday,Normal Weekday,regional_bus,39950
2019,6,Tuesday,Normal Weekday,regional_train,57050
2019,6,Tuesday,Normal Weekday,metro_tram,605700
2019,6,Wednesday,Normal Weekday,metro_bus,414050
2019,6,Wednesday,Normal Weekday,metro_train,771100
2019,6,Wednesday,Normal Weekday,regional_bus,38200
2019,6,Wednesday,Normal Weekday,regional_train,56900
2019,6,Wednesday,Normal Weekday,metro_tram,605800
2019,7,Friday,Normal Weekday,metro_bus,438450
2019,7,Friday,Normal Weekday,metro_train,810350
2019,7,Friday,Normal Weekday,regional_bus,42800
2019,7,Friday,Normal Weekday,regional_train,61900
2019,7,Friday,Normal Weekday,metro_tram,635000
2019,7,Friday,School Holiday Weekday,metro_bus,330100
2019,7,Friday,School Holiday Weekday,metro_train,715550
2019,7,Friday,School Holiday Weekday,regional_bus,26800
2019,7,Friday,School Holiday Weekday,regional_train,53400
2019,7,Friday,School Holiday Weekday,metro_tram,612500
2019,7,Monday,Normal Weekday,metro_bus,438800
2019,7,Monday,Normal Weekday,metro_train,760150
2019,7,Monday,Normal Weekday,regional_bus,41250
2019,7,Monday,Normal Weekday,regional_train,56850
2019,7,Monday,Normal Weekday,metro_tram,603600
2019,7,Monday,School Holiday Weekday,metro_bus,332100
2019,7,Monday,School Holiday Weekday,metro_train,676350
2019,7,Monday,School Holiday Weekday,regional_bus,26050
2019,7,Monday,School Holiday Weekday,regional_train,49900
2019,7,Monday,School Holiday Weekday,metro_tram,579950
2019,7,Saturday,Weekend,metro_bus,173150
2019,7,Saturday,Weekend,metro_train,372850
2019,7,Saturday,Weekend,regional_bus,14150
2019,7,Saturday,Weekend,regional_train,29150
2019,7,Saturday,Weekend,metro_tram,383850
2019,7,Sunday,Weekend,metro_bus,128650
2019,7,Sunday,Weekend,metro_train,270650
2019,7,Sunday,Weekend,regional_bus,8900
2019,7,Sunday,Weekend,regional_train,22100
2019,7,Sunday,Weekend,metro_tram,277800
2019,7,Thursday,Normal Weekday,metro_bus,455700
2019,7,Thursday,Normal Weekday,metro_train,789050
2019,7,Thursday,Normal Weekday,regional_bus,44350
2019,7,Thursday,Normal Weekday,regional_train,60000
2019,7,Thursday,Normal Weekday,metro_tram,631850
2019,7,Thursday,School Holiday Weekday,metro_bus,341650
2019,7,Thursday,School Holiday Weekday,metro_train,694200
2019,7,Thursday,School Holiday Weekday,regional_bus,27500
2019,7,Thursday,School Holiday Weekday,regional_train,52550
2019,7,Thursday,School Holiday Weekday,metro_tram,604750
2019,7,Tuesday,Normal Weekday,metro_bus,449950
2019,7,Tuesday,Normal Weekday,metro_train,788900
2019,7,Tuesday,Normal Weekday,regional_bus,42900
2019,7,Tuesday,Normal Weekday,regional_train,59450
2019,7,Tuesday,Normal Weekday,metro_tram,623200
2019,7,Tuesday,School Holiday Weekday,metro_bus,342550
2019,7,Tuesday,School Holiday Weekday,metro_train,700350
2019,7,Tuesday,School Holiday Weekday,regional_bus,27900
2019,7,Tuesday,School Holiday Weekday,regional_train,52150
2019,7,Tuesday,School Holiday Weekday,metro_tram,598950
2019,7,Wednesday,Normal Weekday,metro_bus,458500
2019,7,Wednesday,Normal Weekday,metro_train,795700
2019,7,Wednesday,Normal Weekday,regional_bus,43650
2019,7,Wednesday,Normal Weekday,regional_train,59900
2019,7,Wednesday,Normal Weekday,metro_tram,637650
2019,7,Wednesday,School Holiday Weekday,metro_bus,343650
2019,7,Wednesday,School Holiday Weekday,metro_train,701200
2019,7,Wednesday,School Holiday Weekday,regional_bus,27900
2019,7,Wednesday,School Holiday Weekday,regional_train,52650
2019,7,Wednesday,School Holiday Weekday,metro_tram,609350
2019,8,Friday,Normal Weekday,metro_bus,435850
2019,8,Friday,Normal Weekday,metro_train,840500
2019,8,Friday,Normal Weekday,regional_bus,40800
2019,8,Friday,Normal Weekday,regional_train,61700
2019,8,Friday,Normal Weekday,metro_tram,645150
2019,8,Monday,Normal Weekday,metro_bus,447450
2019,8,Monday,Normal Weekday,metro_train,798600
2019,8,Monday,Normal Weekday,regional_bus,42250
2019,8,Monday,Normal Weekday,regional_train,58600
2019,8,Monday,Normal Weekday,metro_tram,638200
2019,8,Saturday,Weekend,metro_bus,185850
2019,8,Saturday,Weekend,metro_train,394950
2019,8,Saturday,Weekend,regional_bus,15000
2019,8,Saturday,Weekend,regional_train,31950
2019,8,Saturday,Weekend,metro_tram,388350
2019,8,Sunday,Weekend,metro_bus,146450
2019,8,Sunday,Weekend,metro_train,326550
2019,8,Sunday,Weekend,regional_bus,9300
2019,8,Sunday,Weekend,regional_train,26900
2019,8,Sunday,Weekend,metro_tram,289950
2019,8,Thursday,Normal Weekday,metro_bus,464850
2019,8,Thursday,Normal Weekday,metro_train,841150
2019,8,Thursday,Normal Weekday,regional_bus,44400
2019,8,Thursday,Normal Weekday,regional_train,61250
2019,8,Thursday,Normal Weekday,metro_tram,677850
2019,8,Tuesday,Normal Weekday,metro_bus,460550
2019,8,Tuesday,Normal Weekday,metro_train,832300
2019,8,Tuesday,Normal Weekday,regional_bus,44200
2019,8,Tuesday,Normal Weekday,regional_train,61100
2019,8,Tuesday,Normal Weekday,metro_tram,659750
2019,8,Wednesday,Normal Weekday,metro_bus,458650
2019,8,Wednesday,Normal Weekday,metro_train,832050
2019,8,Wednesday,Normal Weekday,regional_bus,44100
2019,8,Wednesday,Normal Weekday,regional_train,61800
2019,8,Wednesday,Normal Weekday,metro_tram,667650
2019,9,Friday,Normal Weekday,metro_bus,440450
2019,9,Friday,Normal Weekday,metro_train,905250
2019,9,Friday,Normal Weekday,regional_bus,42250
2019,9,Friday,Normal Weekday,regional_train,66550
2019,9,Friday,Normal Weekday,metro_tram,674650
2019,9,Monday,Normal Weekday,metro_bus,433100
2019,9,Monday,Normal Weekday,metro_train,784000
2019,9,Monday,Normal Weekday,regional_bus,42700
2019,9,Monday,Normal Weekday,regional_train,57950
2019,9,Monday,Normal Weekday,metro_tram,612000
2019,9,Monday,School Holiday Weekday,metro_bus,355200
2019,9,Monday,School Holiday Weekday,metro_train,734500
2019,9,Monday,School Holiday Weekday,regional_bus,27600
2019,9,Monday,School Holiday Weekday,regional_train,44350
2019,9,Monday,School Holiday Weekday,metro_tram,591050
2019,9,Saturday,Weekend,metro_bus,191950
2019,9,Saturday,Weekend,metro_train,418550
2019,9,Saturday,Weekend,regional_bus,14500
2019,9,Saturday,Weekend,regional_train,29100
2019,9,Saturday,Weekend,metro_tram,350550
2019,9,Sunday,Weekend,metro_bus,134950
2019,9,Sunday,Weekend,metro_train,222450
2019,9,Sunday,Weekend,regional_bus,8950
2019,9,Sunday,Weekend,regional_train,17200
2019,9,Sunday,Weekend,metro_tram,268300
2019,9,Thursday,Normal Weekday,metro_bus,458050
2019,9,Thursday,Normal Weekday,metro_train,827000
2019,9,Thursday,Normal Weekday,regional_bus,46050
2019,9,Thursday,Normal Weekday,regional_train,61350
2019,9,Thursday,Normal Weekday,metro_tram,658350
2019,9,Thursday,School Holiday Weekday,metro_bus,409700
2019,9,Thursday,School Holiday Weekday,metro_train,861800
2019,9,Thursday,School Holiday Weekday,regional_bus,31600
2019,9,Thursday,School Holiday Weekday,regional_train,64000
2019,9,Thursday,School Holiday Weekday,metro_tram,471500
2019,9,Tuesday,Normal Weekday,metro_bus,456200
2019,9,Tuesday,Normal Weekday,metro_train,826650
2019,9,Tuesday,Normal Weekday,regional_bus,45850
2019,9,Tuesday,Normal Weekday,regional_train,61200
2019,9,Tuesday,Normal Weekday,metro_tram,642050
2019,9,Tuesday,School Holiday Weekday,metro_bus,382200
2019,9,Tuesday,School Holiday Weekday,metro_train,786850
2019,9,Tuesday,School Holiday Weekday,regional_bus,29300
2019,9,Tuesday,School Holiday Weekday,regional_train,57400
2019,9,Tuesday,School Holiday Weekday,metro_tram,645950
2019,9,Wednesday,Normal Weekday,metro_bus,460050
2019,9,Wednesday,Normal Weekday,metro_train,830550
2019,9,Wednesday,Normal Weekday,regional_bus,45550
2019,9,Wednesday,Normal Weekday,regional_train,60850
2019,9,Wednesday,Normal Weekday,metro_tram,656500
2019,9,Wednesday,School Holiday Weekday,metro_bus,390300
2019,9,Wednesday,School Holiday Weekday,metro_train,806150
2019,9,Wednesday,School Holiday Weekday,regional_bus,30300
2019,9,Wednesday,School Holiday Weekday,regional_train,59500
2019,9,Wednesday,School Holiday Weekday,metro_tram,661950
2019,10,Friday,Normal Weekday,metro_bus,441050
2019,10,Friday,Normal Weekday,metro_train,831000
2019,10,Friday,Normal Weekday,regional_bus,39850
2019,10,Friday,Normal Weekday,regional_train,63300
2019,10,Friday,Normal Weekday,metro_tram,632900
2019,10,Friday,School Holiday Weekday,metro_bus,354200
2019,10,Friday,School Holiday Weekday,metro_train,742350
2019,10,Friday,School Holiday Weekday,regional_bus,26000
2019,10,Friday,School Holiday Weekday,regional_train,33650
2019,10,Friday,School Holiday Weekday,metro_tram,617750
2019,10,Monday,Normal Weekday,metro_bus,435250
2019,10,Monday,Normal Weekday,metro_train,798600
2019,10,Monday,Normal Weekday,regional_bus,39250
2019,10,Monday,Normal Weekday,regional_train,58000
2019,10,Monday,Normal Weekday,metro_tram,588350
2019,10,Saturday,Weekend,metro_bus,218250
2019,10,Saturday,Weekend,metro_train,383350
2019,10,Saturday,Weekend,regional_bus,15050
2019,10,Saturday,Weekend,regional_train,29150
2019,10,Saturday,Weekend,metro_tram,395100
2019,10,Sunday,Weekend,metro_bus,131250
2019,10,Sunday,Weekend,metro_train,262700
2019,10,Sunday,Weekend,regional_bus,9450
2019,10,Sunday,Weekend,regional_train,22300
2019,10,Sunday,Weekend,metro_tram,305450
2019,10,Thursday,Normal Weekday,metro_bus,443250
2019,10,Thursday,Normal Weekday,metro_train,831300
2019,10,Thursday,Normal Weekday,regional_bus,40700
2019,10,Thursday,Normal Weekday,regional_train,61050
2019,10,Thursday,Normal Weekday,metro_tram,617550
2019,10,Thursday,School Holiday Weekday,metro_bus,381700
2019,10,Thursday,School Holiday Weekday,metro_train,792250
2019,10,Thursday,School Holiday Weekday,regional_bus,28000
2019,10,Thursday,School Holiday Weekday,regional_train,34700
2019,10,Thursday,School Holiday Weekday,metro_tram,626900
2019,10,Tuesday,Normal Weekday,metro_bus,446700
2019,10,Tuesday,Normal Weekday,metro_train,830950
2019,10,Tuesday,Normal Weekday,regional_bus,40550
2019,10,Tuesday,Normal Weekday,regional_train,61250
2019,10,Tuesday,Normal Weekday,metro_tram,604100
2019,10,Tuesday,School Holiday Weekday,metro_bus,368950
2019,10,Tuesday,School Holiday Weekday,metro_train,785100
2019,10,Tuesday,School Holiday Weekday,regional_bus,26400
2019,10,Tuesday,School Holiday Weekday,regional_train,35900
2019,10,Tuesday,School Holiday Weekday,metro_tram,610150
2019,10,Wednesday,Normal Weekday,metro_bus,449350
2019,10,Wednesday,Normal Weekday,metro_train,835900
2019,10,Wednesday,Normal Weekday,regional_bus,37900
2019,10,Wednesday,Normal Weekday,regional_train,62050
2019,10,Wednesday,Normal Weekday,metro_tram,624950
2019,10,Wednesday,School Holiday Weekday,metro_bus,371100
2019,10,Wednesday,School Holiday Weekday,metro_train,777650
2019,10,Wednesday,School Holiday Weekday,regional_bus,27850
2019,10,Wednesday,School Holiday Weekday,regional_train,35300
2019,10,Wednesday,School Holiday Weekday,metro_tram,622000
2019,11,Friday,Normal Weekday,metro_bus,435700
2019,11,Friday,Normal Weekday,metro_train,829150
2019,11,Friday,Normal Weekday,regional_bus,37250
2019,11,Friday,Normal Weekday,regional_train,59050
2019,11,Friday,Normal Weekday,metro_tram,624950
2019,11,Monday,Normal Weekday,metro_bus,405800
2019,11,Monday,Normal Weekday,metro_train,751350
2019,11,Monday,Normal Weekday,regional_bus,36600
2019,11,Monday,Normal Weekday,regional_train,51350
2019,11,Monday,Normal Weekday,metro_tram,554050
2019,11,Saturday,Weekend,metro_bus,196200
2019,11,Saturday,Weekend,metro_train,370350
2019,11,Saturday,Weekend,regional_bus,14800
2019,11,Saturday,Weekend,regional_train,28900
2019,11,Saturday,Weekend,metro_tram,400700
2019,11,Sunday,Weekend,metro_bus,148700
2019,11,Sunday,Weekend,metro_train,260750
2019,11,Sunday,Weekend,regional_bus,9400
2019,11,Sunday,Weekend,regional_train,19150
2019,11,Sunday,Weekend,metro_tram,312200
2019,11,Thursday,Normal Weekday,metro_bus,437250
2019,11,Thursday,Normal Weekday,metro_train,824850
2019,11,Thursday,Normal Weekday,regional_bus,37900
2019,11,Thursday,Normal Weekday,regional_train,56650
2019,11,Thursday,Normal Weekday,metro_tram,558750
2019,11,Tuesday,Normal Weekday,metro_bus,437950
2019,11,Tuesday,Normal Weekday,metro_train,822850
2019,11,Tuesday,Normal Weekday,regional_bus,38500
2019,11,Tuesday,Normal Weekday,regional_train,54000
2019,11,Tuesday,Normal Weekday,metro_tram,593300
2019,11,Wednesday,Normal Weekday,metro_bus,449650
2019,11,Wednesday,Normal Weekday,metro_train,818800
2019,11,Wednesday,Normal Weekday,regional_bus,39200
2019,11,Wednesday,Normal Weekday,regional_train,55900
2019,11,Wednesday,Normal Weekday,metro_tram,608650
2019,12,Friday,Normal Weekday,metro_bus,374250
2019,12,Friday,Normal Weekday,metro_train,752950
2019,12,Friday,Normal Weekday,regional_bus,30000
2019,12,Friday,Normal Weekday,regional_train,57800
2019,12,Friday,Normal Weekday,metro_tram,566950
2019,12,Friday,School Holiday Weekday,metro_bus,220250
2019,12,Friday,School Holiday Weekday,metro_train,415600
2019,12,Friday,School Holiday Weekday,regional_bus,19950
2019,12,Friday,School Holiday Weekday,regional_train,36900
2019,12,Friday,School Holiday Weekday,metro_tram,358900
2019,12,Monday,Normal Weekday,metro_bus,391800
2019,12,Monday,Normal Weekday,metro_train,752600
2019,12,Monday,Normal Weekday,regional_bus,32100
2019,12,Monday,Normal Weekday,regional_train,58950
2019,12,Monday,Normal Weekday,metro_tram,542400
2019,12,Monday,School Holiday Weekday,metro_bus,226700
2019,12,Monday,School Holiday Weekday,metro_train,403350
2019,12,Monday,School Holiday Weekday,regional_bus,19750
2019,12,Monday,School Holiday Weekday,regional_train,32400
2019,12,Monday,School Holiday Weekday,metro_tram,353250
2019,12,Saturday,Weekend,metro_bus,200250
2019,12,Saturday,Weekend,metro_train,375550
2019,12,Saturday,Weekend,regional_bus,15600
2019,12,Saturday,Weekend,regional_train,29450
2019,12,Saturday,Weekend,metro_tram,398950
2019,12,Sunday,Weekend,metro_bus,144100
2019,12,Sunday,Weekend,metro_train,287650
2019,12,Sunday,Weekend,regional_bus,10000
2019,12,Sunday,Weekend,regional_train,22550
2019,12,Sunday,Weekend,metro_tram,318150
2019,12,Thursday,Normal Weekday,metro_bus,423850
2019,12,Thursday,Normal Weekday,metro_train,802300
2019,12,Thursday,Normal Weekday,regional_bus,34250
2019,12,Thursday,Normal Weekday,regional_train,49350
2019,12,Thursday,Normal Weekday,metro_tram,556700
2019,12,Tuesday,Normal Weekday,metro_bus,416550
2019,12,Tuesday,Normal Weekday,metro_train,789800
2019,12,Tuesday,Normal Weekday,regional_bus,33350
2019,12,Tuesday,Normal Weekday,regional_train,59950
2019,12,Tuesday,Normal Weekday,metro_tram,589050
2019,12,Tuesday,School Holiday Weekday,metro_bus,216150
2019,12,Tuesday,School Holiday Weekday,metro_train,385450
2019,12,Tuesday,School Holiday Weekday,regional_bus,20050
2019,12,Tuesday,School Holiday Weekday,regional_train,34850
2019,12,Tuesday,School Holiday Weekday,metro_tram,316400
2019,12,Wednesday,Normal Weekday,metro_bus,403200
2019,12,Wednesday,Normal Weekday,metro_train,777450
2019,12,Wednesday,Normal Weekday,regional_bus,33450
2019,12,Wednesday,Normal Weekday,regional_train,58750
2019,12,Wednesday,Normal Weekday,metro_tram,580800
2020,1,Friday,Normal Weekday,metro_bus,351950
2020,1,Friday,Normal Weekday,metro_train,679150
2020,1,Friday,Normal Weekday,regional_bus,35950
2020,1,Friday,Normal Weekday,regional_train,54150
2020,1,Friday,Normal Weekday,metro_tram,459250
2020,1,Friday,School Holiday Weekday,metro_bus,305050
2020,1,Friday,School Holiday Weekday,metro_train,596000
2020,1,Friday,School Holiday Weekday,regional_bus,24750
2020,1,Friday,School Holiday Weekday,regional_train,50100
2020,1,Friday,School Holiday Weekday,metro_tram,496550
2020,1,Monday,School Holiday Weekday,metro_bus,308650
2020,1,Monday,School Holiday Weekday,metro_train,621850
2020,1,Monday,School Holiday Weekday,regional_bus,23350
2020,1,Monday,School Holiday Weekday,regional_train,51300
2020,1,Monday,School Holiday Weekday,metro_tram,484100
2020,1,Saturday,Weekend,metro_bus,178950
2020,1,Saturday,Weekend,metro_train,324000
2020,1,Saturday,Weekend,regional_bus,14600
2020,1,Saturday,Weekend,regional_train,24450
2020,1,Saturday,Weekend,metro_tram,367500
2020,1,Sunday,Weekend,metro_bus,141400
2020,1,Sunday,Weekend,metro_train,246000
2020,1,Sunday,Weekend,regional_bus,9150
2020,1,Sunday,Weekend,regional_train,19400
2020,1,Sunday,Weekend,metro_tram,271600
2020,1,Thursday,Normal Weekday,metro_bus,392100
2020,1,Thursday,Normal Weekday,metro_train,741650
2020,1,Thursday,Normal Weekday,regional_bus,34250
2020,1,Thursday,Normal Weekday,regional_train,58550
2020,1,Thursday,Normal Weekday,metro_tram,389050
2020,1,Thursday,School Holiday Weekday,metro_bus,310900
2020,1,Thursday,School Holiday Weekday,metro_train,592150
2020,1,Thursday,School Holiday Weekday,regional_bus,24350
2020,1,Thursday,School Holiday Weekday,regional_train,49750
2020,1,Thursday,School Holiday Weekday,metro_tram,503500
2020,1,Tuesday,School Holiday Weekday,metro_bus,340100
2020,1,Tuesday,School Holiday Weekday,metro_train,677800
2020,1,Tuesday,School Holiday Weekday,regional_bus,26100
2020,1,Tuesday,School Holiday Weekday,regional_train,55650
2020,1,Tuesday,School Holiday Weekday,metro_tram,488950
2020,1,Wednesday,Normal Weekday,metro_bus,381650
2020,1,Wednesday,Normal Weekday,metro_train,744100
2020,1,Wednesday,Normal Weekday,regional_bus,29350
2020,1,Wednesday,Normal Weekday,regional_train,37500
2020,1,Wednesday,Normal Weekday,metro_tram,551000
2020,1,Wednesday,School Holiday Weekday,metro_bus,322600
2020,1,Wednesday,School Holiday Weekday,metro_train,655250
2020,1,Wednesday,School Holiday Weekday,regional_bus,25150
2020,1,Wednesday,School Holiday Weekday,regional_train,54550
2020,1,Wednesday,School Holiday Weekday,metro_tram,525250
2020,2,Friday,Normal Weekday,metro_bus,430250
2020,2,Friday,Normal Weekday,metro_train,810450
2020,2,Friday,Normal Weekday,regional_bus,44800
2020,2,Friday,Normal Weekday,regional_train,62200
2020,2,Friday,Normal Weekday,metro_tram,598550
2020,2,Monday,Normal Weekday,metro_bus,437150
2020,2,Monday,Normal Weekday,metro_train,782050
2020,2,Monday,Normal Weekday,regional_bus,44750
2020,2,Monday,Normal Weekday,regional_train,59950
2020,2,Monday,Normal Weekday,metro_tram,523500
2020,2,Saturday,Weekend,metro_bus,194350
2020,2,Saturday,Weekend,metro_train,336050
2020,2,Saturday,Weekend,regional_bus,14600
2020,2,Saturday,Weekend,regional_train,27200
2020,2,Saturday,Weekend,metro_tram,392550
2020,2,Sunday,Weekend,metro_bus,148200
2020,2,Sunday,Weekend,metro_train,258900
2020,2,Sunday,Weekend,regional_bus,9350
2020,2,Sunday,Weekend,regional_train,22050
2020,2,Sunday,Weekend,metro_tram,328250
2020,2,Thursday,Normal Weekday,metro_bus,459650
2020,2,Thursday,Normal Weekday,metro_train,824950
2020,2,Thursday,Normal Weekday,regional_bus,47200
2020,2,Thursday,Normal Weekday,regional_train,62600
2020,2,Thursday,Normal Weekday,metro_tram,556950
2020,2,Tuesday,Normal Weekday,metro_bus,439550
2020,2,Tuesday,Normal Weekday,metro_train,806850
2020,2,Tuesday,Normal Weekday,regional_bus,46100
2020,2,Tuesday,Normal Weekday,regional_train,60250
2020,2,Tuesday,Normal Weekday,metro_tram,575150
2020,2,Wednesday,Normal Weekday,metro_bus,444250
2020,2,Wednesday,Normal Weekday,metro_train,813800
2020,2,Wednesday,Normal Weekday,regional_bus,45950
2020,2,Wednesday,Normal Weekday,regional_train,62950
2020,2,Wednesday,Normal Weekday,metro_tram,591100
2020,3,Friday,Normal Weekday,metro_bus,375350
2020,3,Friday,Normal Weekday,metro_train,656100
2020,3,Friday,Normal Weekday,regional_bus,40600
2020,3,Friday,Normal Weekday,regional_train,49750
2020,3,Friday,Normal Weekday,metro_tram,459650
2020,3,Friday,School Holiday Weekday,metro_bus,84600
2020,3,Friday,School Holiday Weekday,metro_train,120750
2020,3,Friday,School Holiday Weekday,regional_bus,8300
2020,3,Friday,School Holiday Weekday,regional_train,10950
2020,3,Friday,School Holiday Weekday,metro_tram,74850
2020,3,Monday,Normal Weekday,metro_bus,345450
2020,3,Monday,Normal Weekday,metro_train,584150
2020,3,Monday,Normal Weekday,regional_bus,36600
2020,3,Monday,Normal Weekday,regional_train,44000
2020,3,Monday,Normal Weekday,metro_tram,388650
2020,3,Monday,School Holiday Weekday,metro_bus,64700
2020,3,Monday,School Holiday Weekday,metro_train,95850
2020,3,Monday,School Holiday Weekday,regional_bus,6700
2020,3,Monday,School Holiday Weekday,regional_train,8900
2020,3,Monday,School Holiday Weekday,metro_tram,62300
2020,3,Saturday,Weekend,metro_bus,137450
2020,3,Saturday,Weekend,metro_train,214600
2020,3,Saturday,Weekend,regional_bus,10250
2020,3,Saturday,Weekend,regional_train,14650
2020,3,Saturday,Weekend,metro_tram,212100
2020,3,Sunday,Weekend,metro_bus,97850
2020,3,Sunday,Weekend,metro_train,182850
2020,3,Sunday,Weekend,regional_bus,7100
2020,3,Sunday,Weekend,regional_train,13800
2020,3,Sunday,Weekend,metro_tram,186150
2020,3,Thursday,Normal Weekday,metro_bus,389700
2020,3,Thursday,Normal Weekday,metro_train,694700
2020,3,Thursday,Normal Weekday,regional_bus,43100
2020,3,Thursday,Normal Weekday,regional_train,52250
2020,3,Thursday,Normal Weekday,metro_tram,471750
2020,3,Thursday,School Holiday Weekday,metro_bus,89700
2020,3,Thursday,School Holiday Weekday,metro_train,131000
2020,3,Thursday,School Holiday Weekday,regional_bus,8550
2020,3,Thursday,School Holiday Weekday,regional_train,10800
2020,3,Thursday,School Holiday Weekday,metro_tram,80350
2020,3,Tuesday,Normal Weekday,metro_bus,431700
2020,3,Tuesday,Normal Weekday,metro_train,759450
2020,3,Tuesday,Normal Weekday,regional_bus,45700
2020,3,Tuesday,Normal Weekday,regional_train,56450
2020,3,Tuesday,Normal Weekday,metro_tram,523300
2020,3,Tuesday,School Holiday Weekday,metro_bus,87100
2020,3,Tuesday,School Holiday Weekday,metro_train,131300
2020,3,Tuesday,School Holiday Weekday,regional_bus,8700
2020,3,Tuesday,School Holiday Weekday,regional_train,11200
2020,3,Tuesday,School Holiday Weekday,metro_tram,81500
2020,3,Wednesday,Normal Weekday,metro_bus,418550
2020,3,Wednesday,Normal Weekday,metro_train,727800
2020,3,Wednesday,Normal Weekday,regional_bus,43800
2020,3,Wednesday,Normal Weekday,regional_train,54600
2020,3,Wednesday,Normal Weekday,metro_tram,502700
2020,3,Wednesday,School Holiday Weekday,metro_bus,95650
2020,3,Wednesday,School Holiday Weekday,metro_train,147300
2020,3,Wednesday,School Holiday Weekday,regional_bus,9500
2020,3,Wednesday,School Holiday Weekday,regional_train,12800
2020,3,Wednesday,School Holiday Weekday,metro_tram,89000
2020,4,Friday,Normal Weekday,metro_bus,63050
2020,4,Friday,Normal Weekday,metro_train,88300
2020,4,Friday,Normal Weekday,regional_bus,7550
2020,4,Friday,Normal Weekday,regional_train,6950
2020,4,Friday,Normal Weekday,metro_tram,58150
2020,4,Friday,School Holiday Weekday,metro_bus,65050
2020,4,Friday,School Holiday Weekday,metro_train,84700
2020,4,Friday,School Holiday Weekday,regional_bus,6900
2020,4,Friday,School Holiday Weekday,regional_train,5400
2020,4,Friday,School Holiday Weekday,metro_tram,60050
2020,4,Monday,Normal Weekday,metro_bus,60250
2020,4,Monday,Normal Weekday,metro_train,85050
2020,4,Monday,Normal Weekday,regional_bus,7250
2020,4,Monday,Normal Weekday,regional_train,6850
2020,4,Monday,Normal Weekday,metro_tram,55250
2020,4,Monday,School Holiday Weekday,metro_bus,62250
2020,4,Monday,School Holiday Weekday,metro_train,83750
2020,4,Monday,School Holiday Weekday,regional_bus,6700
2020,4,Monday,School Holiday Weekday,regional_train,4850
2020,4,Monday,School Holiday Weekday,metro_tram,50000
2020,4,Saturday,Weekend,metro_bus,40150
2020,4,Saturday,Weekend,metro_train,43250
2020,4,Saturday,Weekend,regional_bus,3700
2020,4,Saturday,Weekend,regional_train,2550
2020,4,Saturday,Weekend,metro_tram,31750
2020,4,Sunday,Weekend,metro_bus,22750
2020,4,Sunday,Weekend,metro_train,31950
2020,4,Sunday,Weekend,regional_bus,2350
2020,4,Sunday,Weekend,regional_train,2000
2020,4,Sunday,Weekend,metro_tram,24950
2020,4,Thursday,Normal Weekday,metro_bus,62600
2020,4,Thursday,Normal Weekday,metro_train,89400
2020,4,Thursday,Normal Weekday,regional_bus,7650
2020,4,Thursday,Normal Weekday,regional_train,6800
2020,4,Thursday,Normal Weekday,metro_tram,59000
2020,4,Thursday,School Holiday Weekday,metro_bus,62450
2020,4,Thursday,School Holiday Weekday,metro_train,83500
2020,4,Thursday,School Holiday Weekday,regional_bus,7050
2020,4,Thursday,School Holiday Weekday,regional_train,4950
2020,4,Thursday,School Holiday Weekday,metro_tram,55650
2020,4,Tuesday,Normal Weekday,metro_bus,63450
2020,4,Tuesday,Normal Weekday,metro_train,89550
2020,4,Tuesday,Normal Weekday,regional_bus,7750
2020,4,Tuesday,Normal Weekday,regional_train,7150
2020,4,Tuesday,Normal Weekday,metro_tram,58850
2020,4,Tuesday,School Holiday Weekday,metro_bus,60050
2020,4,Tuesday,School Holiday Weekday,metro_train,81500
2020,4,Tuesday,School Holiday Weekday,regional_bus,6750
2020,4,Tuesday,School Holiday Weekday,regional_train,5700
2020,4,Tuesday,School Holiday Weekday,metro_tram,51600
2020,4,Wednesday,Normal Weekday,metro_bus,59200
2020,4,Wednesday,Normal Weekday,metro_train,85650
2020,4,Wednesday,Normal Weekday,regional_bus,7050
2020,4,Wednesday,Normal Weekday,regional_train,6500
2020,4,Wednesday,Normal Weekday,metro_tram,55450
2020,4,Wednesday,School Holiday Weekday,metro_bus,63200
2020,4,Wednesday,School Holiday Weekday,metro_train,85700
2020,4,Wednesday,School Holiday Weekday,regional_bus,7050
2020,4,Wednesday,School Holiday Weekday,regional_train,5100
2020,4,Wednesday,School Holiday Weekday,metro_tram,54750
2020,5,Friday,Normal Weekday,metro_bus,96050
2020,5,Friday,Normal Weekday,metro_train,132800
2020,5,Friday,Normal Weekday,regional_bus,11200
2020,5,Friday,Normal Weekday,regional_train,10950
2020,5,Friday,Normal Weekday,metro_tram,98500
2020,5,Monday,Normal Weekday,metro_bus,89550
2020,5,Monday,Normal Weekday,metro_train,122000
2020,5,Monday,Normal Weekday,regional_bus,10100
2020,5,Monday,Normal Weekday,regional_train,10200
2020,5,Monday,Normal Weekday,metro_tram,87750
2020,5,Saturday,Weekend,metro_bus,63300
2020,5,Saturday,Weekend,metro_train,86650
2020,5,Saturday,Weekend,regional_bus,6500
2020,5,Saturday,Weekend,regional_train,6050
2020,5,Saturday,Weekend,metro_tram,66850
2020,5,Sunday,Weekend,metro_bus,43900
2020,5,Sunday,Weekend,metro_train,61250
2020,5,Sunday,Weekend,regional_bus,4150
2020,5,Sunday,Weekend,regional_train,4750
2020,5,Sunday,Weekend,metro_tram,50650
2020,5,Thursday,Normal Weekday,metro_bus,98350
2020,5,Thursday,Normal Weekday,metro_train,135450
2020,5,Thursday,Normal Weekday,regional_bus,11700
2020,5,Thursday,Normal Weekday,regional_train,11250
2020,5,Thursday,Normal Weekday,metro_tram,97950
2020,5,Tuesday,Normal Weekday,metro_bus,96300
2020,5,Tuesday,Normal Weekday,metro_train,131650
2020,5,Tuesday,Normal Weekday,regional_bus,11050
2020,5,Tuesday,Normal Weekday,regional_train,10900
2020,5,Tuesday,Normal Weekday,metro_tram,94550
2020,5,Wednesday,Normal Weekday,metro_bus,96550
2020,5,Wednesday,Normal Weekday,metro_train,133900
2020,5,Wednesday,Normal Weekday,regional_bus,11300
2020,5,Wednesday,Normal Weekday,regional_train,11150
2020,5,Wednesday,Normal Weekday,metro_tram,96600
2020,6,Friday,Normal Weekday,metro_bus,198250
2020,6,Friday,Normal Weekday,metro_train,252150
2020,6,Friday,Normal Weekday,regional_bus,24700
2020,6,Friday,Normal Weekday,regional_train,18600
2020,6,Friday,Normal Weekday,metro_tram,167850
2020,6,Monday,Normal Weekday,metro_bus,172650
2020,6,Monday,Normal Weekday,metro_train,214200
2020,6,Monday,Normal Weekday,regional_bus,22800
2020,6,Monday,Normal Weekday,regional_train,16550
2020,6,Monday,Normal Weekday,metro_tram,135250
2020,6,Monday,School Holiday Weekday,metro_bus,151500
2020,6,Monday,School Holiday Weekday,metro_train,195150
2020,6,Monday,School Holiday Weekday,regional_bus,14050
2020,6,Monday,School Holiday Weekday,regional_train,15000
2020,6,Monday,School Holiday Weekday,metro_tram,137950
2020,6,Saturday,Weekend,metro_bus,112950
2020,6,Saturday,Weekend,metro_train,160800
2020,6,Saturday,Weekend,regional_bus,10050
2020,6,Saturday,Weekend,regional_train,10750
2020,6,Saturday,Weekend,metro_tram,118150
2020,6,Sunday,Weekend,metro_bus,68100
2020,6,Sunday,Weekend,metro_train,118600
2020,6,Sunday,Weekend,regional_bus,6250
2020,6,Sunday,Weekend,regional_train,7900
2020,6,Sunday,Weekend,metro_tram,84950
2020,6,Thursday,Normal Weekday,metro_bus,200250
2020,6,Thursday,Normal Weekday,metro_train,244100
2020,6,Thursday,Normal Weekday,regional_bus,26650
2020,6,Thursday,Normal Weekday,regional_train,17650
2020,6,Thursday,Normal Weekday,metro_tram,158500
2020,6,Tuesday,Normal Weekday,metro_bus,190850
2020,6,Tuesday,Normal Weekday,metro_train,229900
2020,6,Tuesday,Normal Weekday,regional_bus,25450
2020,6,Tuesday,Normal Weekday,regional_train,17200
2020,6,Tuesday,Normal Weekday,metro_tram,148050
2020,6,Tuesday,School Holiday Weekday,metro_bus,149850
2020,6,Tuesday,School Holiday Weekday,metro_train,197700
2020,6,Tuesday,School Holiday Weekday,regional_bus,14200
2020,6,Tuesday,School Holiday Weekday,regional_train,15300
2020,6,Tuesday,School Holiday Weekday,metro_tram,139450
2020,6,Wednesday,Normal Weekday,metro_bus,195450
2020,6,Wednesday,Normal Weekday,metro_train,237500
2020,6,Wednesday,Normal Weekday,regional_bus,26100
2020,6,Wednesday,Normal Weekday,regional_train,17600
2020,6,Wednesday,Normal Weekday,metro_tram,153450
2020,7,Friday,Normal Weekday,metro_bus,110800
2020,7,Friday,Normal Weekday,metro_train,126200
2020,7,Friday,Normal Weekday,regional_bus,26600
2020,7,Friday,Normal Weekday,regional_train,11200
2020,7,Friday,Normal Weekday,metro_tram,76900
2020,7,Friday,School Holiday Weekday,metro_bus,119650
2020,7,Friday,School Holiday Weekday,metro_train,151400
2020,7,Friday,School Holiday Weekday,regional_bus,14100
2020,7,Friday,School Holiday Weekday,regional_train,13000
2020,7,Friday,School Holiday Weekday,metro_tram,106250
2020,7,Monday,Normal Weekday,metro_bus,108700
2020,7,Monday,Normal Weekday,metro_train,124500
2020,7,Monday,Normal Weekday,regional_bus,26250
2020,7,Monday,Normal Weekday,regional_train,11000
2020,7,Monday,Normal Weekday,metro_tram,73800
2020,7,Monday,School Holiday Weekday,metro_bus,135100
2020,7,Monday,School Holiday Weekday,metro_train,167850
2020,7,Monday,School Holiday Weekday,regional_bus,14100
2020,7,Monday,School Holiday Weekday,regional_train,13800
2020,7,Monday,School Holiday Weekday,metro_tram,115700
2020,7,Saturday,Weekend,metro_bus,63550
2020,7,Saturday,Weekend,metro_train,73850
2020,7,Saturday,Weekend,regional_bus,9700
2020,7,Saturday,Weekend,regional_train,5150
2020,7,Saturday,Weekend,metro_tram,57500
2020,7,Sunday,Weekend,metro_bus,38800
2020,7,Sunday,Weekend,metro_train,56750
2020,7,Sunday,Weekend,regional_bus,6050
2020,7,Sunday,Weekend,regional_train,4000
2020,7,Sunday,Weekend,metro_tram,41150
2020,7,Thursday,Normal Weekday,metro_bus,113100
2020,7,Thursday,Normal Weekday,metro_train,128100
2020,7,Thursday,Normal Weekday,regional_bus,27550
2020,7,Thursday,Normal Weekday,regional_train,11100
2020,7,Thursday,Normal Weekday,metro_tram,77400
2020,7,Thursday,School Holiday Weekday,metro_bus,130350
2020,7,Thursday,School Holiday Weekday,metro_train,157000
2020,7,Thursday,School Holiday Weekday,regional_bus,15550
2020,7,Thursday,School Holiday Weekday,regional_train,12700
2020,7,Thursday,School Holiday Weekday,metro_tram,110000
2020,7,Tuesday,Normal Weekday,metro_bus,112350
2020,7,Tuesday,Normal Weekday,metro_train,129350
2020,7,Tuesday,Normal Weekday,regional_bus,27600
2020,7,Tuesday,Normal Weekday,regional_train,11550
2020,7,Tuesday,Normal Weekday,metro_tram,78700
2020,7,Tuesday,School Holiday Weekday,metro_bus,137800
2020,7,Tuesday,School Holiday Weekday,metro_train,177100
2020,7,Tuesday,School Holiday Weekday,regional_bus,13900
2020,7,Tuesday,School Holiday Weekday,regional_train,14850
2020,7,Tuesday,School Holiday Weekday,metro_tram,122550
2020,7,Wednesday,Normal Weekday,metro_bus,114600
2020,7,Wednesday,Normal Weekday,metro_train,129750
2020,7,Wednesday,Normal Weekday,regional_bus,27900
2020,7,Wednesday,Normal Weekday,regional_train,11550
2020,7,Wednesday,Normal Weekday,metro_tram,78800
2020,7,Wednesday,School Holiday Weekday,metro_bus,154900
2020,7,Wednesday,School Holiday Weekday,metro_train,188700
2020,7,Wednesday,School Holiday Weekday,regional_bus,15350
2020,7,Wednesday,School Holiday Weekday,regional_train,14700
2020,7,Wednesday,School Holiday Weekday,metro_tram,141400
2020,8,Friday,Normal Weekday,metro_bus,67500
2020,8,Friday,Normal Weekday,metro_train,65300
2020,8,Friday,Normal Weekday,regional_bus,10350
2020,8,Friday,Normal Weekday,regional_train,5750
2020,8,Friday,Normal Weekday,metro_tram,43950
2020,8,Monday,Normal Weekday,metro_bus,71600
2020,8,Monday,Normal Weekday,metro_train,69400
2020,8,Monday,Normal Weekday,regional_bus,12100
2020,8,Monday,Normal Weekday,regional_train,6050
2020,8,Monday,Normal Weekday,metro_tram,45500
2020,8,Saturday,Weekend,metro_bus,41600
2020,8,Saturday,Weekend,metro_train,39250
2020,8,Saturday,Weekend,regional_bus,6450
2020,8,Saturday,Weekend,regional_train,2900
2020,8,Saturday,Weekend,metro_tram,30600
2020,8,Sunday,Weekend,metro_bus,25600
2020,8,Sunday,Weekend,metro_train,32100
2020,8,Sunday,Weekend,regional_bus,4150
2020,8,Sunday,Weekend,regional_train,2250
2020,8,Sunday,Weekend,metro_tram,22750
2020,8,Thursday,Normal Weekday,metro_bus,68100
2020,8,Thursday,Normal Weekday,metro_train,66500
2020,8,Thursday,Normal Weekday,regional_bus,10300
2020,8,Thursday,Normal Weekday,regional_train,5950
2020,8,Thursday,Normal Weekday,metro_tram,44400
2020,8,Tuesday,Normal Weekday,metro_bus,69200
2020,8,Tuesday,Normal Weekday,metro_train,70800
2020,8,Tuesday,Normal Weekday,regional_bus,10100
2020,8,Tuesday,Normal Weekday,regional_train,6200
2020,8,Tuesday,Normal Weekday,metro_tram,46600
2020,8,Wednesday,Normal Weekday,metro_bus,70200
2020,8,Wednesday,Normal Weekday,metro_train,70850
2020,8,Wednesday,Normal Weekday,regional_bus,10400
2020,8,Wednesday,Normal Weekday,regional_train,6300
2020,8,Wednesday,Normal Weekday,metro_tram,47450
2020,9,Friday,Normal Weekday,metro_bus,81550
2020,9,Friday,Normal Weekday,metro_train,70200
2020,9,Friday,Normal Weekday,regional_bus,12550
2020,9,Friday,Normal Weekday,regional_train,6750
2020,9,Friday,Normal Weekday,metro_tram,45600
2020,9,Friday,School Holiday Weekday,metro_bus,72600
2020,9,Friday,School Holiday Weekday,metro_train,71550
2020,9,Friday,School Holiday Weekday,regional_bus,11650
2020,9,Friday,School Holiday Weekday,regional_train,7300
2020,9,Friday,School Holiday Weekday,metro_tram,44850
2020,9,Monday,Normal Weekday,metro_bus,76800
2020,9,Monday,Normal Weekday,metro_train,65900
2020,9,Monday,Normal Weekday,regional_bus,11200
2020,9,Monday,Normal Weekday,regional_train,6250
2020,9,Monday,Normal Weekday,metro_tram,41550
2020,9,Monday,School Holiday Weekday,metro_bus,83900
2020,9,Monday,School Holiday Weekday,metro_train,73650
2020,9,Monday,School Holiday Weekday,regional_bus,13050
2020,9,Monday,School Holiday Weekday,regional_train,7500
2020,9,Monday,School Holiday Weekday,metro_tram,46250
2020,9,Saturday,Weekend,metro_bus,40700
2020,9,Saturday,Weekend,metro_train,37800
2020,9,Saturday,Weekend,regional_bus,5900
2020,9,Saturday,Weekend,regional_train,3050
2020,9,Saturday,Weekend,metro_tram,35400
2020,9,Sunday,Weekend,metro_bus,27400
2020,9,Sunday,Weekend,metro_train,32450
2020,9,Sunday,Weekend,regional_bus,3800
2020,9,Sunday,Weekend,regional_train,2550
2020,9,Sunday,Weekend,metro_tram,29600
2020,9,Thursday,Normal Weekday,metro_bus,79900
2020,9,Thursday,Normal Weekday,metro_train,68600
2020,9,Thursday,Normal Weekday,regional_bus,12200
2020,9,Thursday,Normal Weekday,regional_train,6600
2020,9,Thursday,Normal Weekday,metro_tram,43750
2020,9,Thursday,School Holiday Weekday,metro_bus,84700
2020,9,Thursday,School Holiday Weekday,metro_train,75600
2020,9,Thursday,School Holiday Weekday,regional_bus,13800
2020,9,Thursday,School Holiday Weekday,regional_train,7600
2020,9,Thursday,School Holiday Weekday,metro_tram,46550
2020,9,Tuesday,Normal Weekday,metro_bus,75600
2020,9,Tuesday,Normal Weekday,metro_train,66850
2020,9,Tuesday,Normal Weekday,regional_bus,11050
2020,9,Tuesday,Normal Weekday,regional_train,6150
2020,9,Tuesday,Normal Weekday,metro_tram,42250
2020,9,Tuesday,School Holiday Weekday,metro_bus,85200
2020,9,Tuesday,School Holiday Weekday,metro_train,77550
2020,9,Tuesday,School Holiday Weekday,regional_bus,12800
2020,9,Tuesday,School Holiday Weekday,regional_train,7700
2020,9,Tuesday,School Holiday Weekday,metro_tram,49450
2020,9,Wednesday,Normal Weekday,metro_bus,79200
2020,9,Wednesday,Normal Weekday,metro_train,67900
2020,9,Wednesday,Normal Weekday,regional_bus,11750
2020,9,Wednesday,Normal Weekday,regional_train,6450
2020,9,Wednesday,Normal Weekday,metro_tram,43250
2020,9,Wednesday,School Holiday Weekday,metro_bus,84300
2020,9,Wednesday,School Holiday Weekday,metro_train,78200
2020,9,Wednesday,School Holiday Weekday,regional_bus,13000
2020,9,Wednesday,School Holiday Weekday,regional_train,7950
2020,9,Wednesday,School Holiday Weekday,metro_tram,47750
2020,10,Friday,Normal Weekday,metro_bus,160950
2020,10,Friday,Normal Weekday,metro_train,136550
2020,10,Friday,Normal Weekday,regional_bus,29650
2020,10,Friday,Normal Weekday,regional_train,11000
2020,10,Friday,Normal Weekday,metro_tram,79250
2020,10,Friday,School Holiday Weekday,metro_bus,103750
2020,10,Friday,School Holiday Weekday,metro_train,89650
2020,10,Friday,School Holiday Weekday,regional_bus,18500
2020,10,Friday,School Holiday Weekday,regional_train,8800
2020,10,Friday,School Holiday Weekday,metro_tram,56050
2020,10,Monday,Normal Weekday,metro_bus,143050
2020,10,Monday,Normal Weekday,metro_train,115200
2020,10,Monday,Normal Weekday,regional_bus,28750
2020,10,Monday,Normal Weekday,regional_train,9950
2020,10,Monday,Normal Weekday,metro_tram,62350
2020,10,Saturday,Weekend,metro_bus,70150
2020,10,Saturday,Weekend,metro_train,69850
2020,10,Saturday,Weekend,regional_bus,9800
2020,10,Saturday,Weekend,regional_train,4400
2020,10,Saturday,Weekend,metro_tram,82000
2020,10,Sunday,Weekend,metro_bus,46600
2020,10,Sunday,Weekend,metro_train,45350
2020,10,Sunday,Weekend,regional_bus,5800
2020,10,Sunday,Weekend,regional_train,3600
2020,10,Sunday,Weekend,metro_tram,47550
2020,10,Thursday,Normal Weekday,metro_bus,161300
2020,10,Thursday,Normal Weekday,metro_train,132600
2020,10,Thursday,Normal Weekday,regional_bus,31350
2020,10,Thursday,Normal Weekday,regional_train,11000
2020,10,Thursday,Normal Weekday,metro_tram,74950
2020,10,Thursday,School Holiday Weekday,metro_bus,106350
2020,10,Thursday,School Holiday Weekday,metro_train,88550
2020,10,Thursday,School Holiday Weekday,regional_bus,18200
2020,10,Thursday,School Holiday Weekday,regional_train,8800
2020,10,Thursday,School Holiday Weekday,metro_tram,53200
2020,10,Tuesday,Normal Weekday,metro_bus,149000
2020,10,Tuesday,Normal Weekday,metro_train,122150
2020,10,Tuesday,Normal Weekday,regional_bus,31050
2020,10,Tuesday,Normal Weekday,regional_train,10550
2020,10,Tuesday,Normal Weekday,metro_tram,66250
2020,10,Wednesday,Normal Weekday,metro_bus,163150
2020,10,Wednesday,Normal Weekday,metro_train,135000
2020,10,Wednesday,Normal Weekday,regional_bus,29000
2020,10,Wednesday,Normal Weekday,regional_train,11100
2020,10,Wednesday,Normal Weekday,metro_tram,75000
2020,11,Friday,Normal Weekday,metro_bus,250550
2020,11,Friday,Normal Weekday,metro_train,256700
2020,11,Friday,Normal Weekday,regional_bus,31200
2020,11,Friday,Normal Weekday,regional_train,19200
2020,11,Friday,Normal Weekday,metro_tram,179900
2020,11,Monday,Normal Weekday,metro_bus,222050
2020,11,Monday,Normal Weekday,metro_train,209250
2020,11,Monday,Normal Weekday,regional_bus,28650
2020,11,Monday,Normal Weekday,regional_train,16750
2020,11,Monday,Normal Weekday,metro_tram,147650
2020,11,Saturday,Weekend,metro_bus,132800
2020,11,Saturday,Weekend,metro_train,197950
2020,11,Saturday,Weekend,regional_bus,10900
2020,11,Saturday,Weekend,regional_train,10800
2020,11,Saturday,Weekend,metro_tram,167950
2020,11,Sunday,Weekend,metro_bus,85400
2020,11,Sunday,Weekend,metro_train,126600
2020,11,Sunday,Weekend,regional_bus,6350
2020,11,Sunday,Weekend,regional_train,7950
2020,11,Sunday,Weekend,metro_tram,108850
2020,11,Thursday,Normal Weekday,metro_bus,244000
2020,11,Thursday,Normal Weekday,metro_train,232600
2020,11,Thursday,Normal Weekday,regional_bus,31800
2020,11,Thursday,Normal Weekday,regional_train,17700
2020,11,Thursday,Normal Weekday,metro_tram,162950
2020,11,Tuesday,Normal Weekday,metro_bus,243050
2020,11,Tuesday,Normal Weekday,metro_train,228000
2020,11,Tuesday,Normal Weekday,regional_bus,32150
2020,11,Tuesday,Normal Weekday,regional_train,18050
2020,11,Tuesday,Normal Weekday,metro_tram,158350
2020,11,Wednesday,Normal Weekday,metro_bus,234100
2020,11,Wednesday,Normal Weekday,metro_train,221300
2020,11,Wednesday,Normal Weekday,regional_bus,30800
2020,11,Wednesday,Normal Weekday,regional_train,17250
2020,11,Wednesday,Normal Weekday,metro_tram,153250
2020,12,Friday,Normal Weekday,metro_bus,263850
2020,12,Friday,Normal Weekday,metro_train,333150
2020,12,Friday,Normal Weekday,regional_bus,24800
2020,12,Friday,Normal Weekday,regional_train,28300
2020,12,Friday,Normal Weekday,metro_tram,271850
2020,12,Monday,Normal Weekday,metro_bus,228450
2020,12,Monday,Normal Weekday,metro_train,245600
2020,12,Monday,Normal Weekday,regional_bus,22050
2020,12,Monday,Normal Weekday,regional_train,22500
2020,12,Monday,Normal Weekday,metro_tram,198500
2020,12,Monday,School Holiday Weekday,metro_bus,211050
2020,12,Monday,School Holiday Weekday,metro_train,258900
2020,12,Monday,School Holiday Weekday,regional_bus,18300
2020,12,Monday,School Holiday Weekday,regional_train,22650
2020,12,Monday,School Holiday Weekday,metro_tram,216650
2020,12,Saturday,Weekend,metro_bus,147000
2020,12,Saturday,Weekend,metro_train,231700
2020,12,Saturday,Weekend,regional_bus,11500
2020,12,Saturday,Weekend,regional_train,17500
2020,12,Saturday,Weekend,metro_tram,190100
2020,12,Sunday,Weekend,metro_bus,98100
2020,12,Sunday,Weekend,metro_train,166400
2020,12,Sunday,Weekend,regional_bus,7150
2020,12,Sunday,Weekend,regional_train,13550
2020,12,Sunday,Weekend,metro_tram,131350
2020,12,Thursday,Normal Weekday,metro_bus,256650
2020,12,Thursday,Normal Weekday,metro_train,298400
2020,12,Thursday,Normal Weekday,regional_bus,25300
2020,12,Thursday,Normal Weekday,regional_train,25700
2020,12,Thursday,Normal Weekday,metro_tram,244250
2020,12,Thursday,School Holiday Weekday,metro_bus,155600
2020,12,Thursday,School Holiday Weekday,metro_train,189700
2020,12,Thursday,School Holiday Weekday,regional_bus,15300
2020,12,Thursday,School Holiday Weekday,regional_train,18000
2020,12,Thursday,School Holiday Weekday,metro_tram,151850
2020,12,Tuesday,Normal Weekday,metro_bus,238950
2020,12,Tuesday,Normal Weekday,metro_train,264600
2020,12,Tuesday,Normal Weekday,regional_bus,24350
2020,12,Tuesday,Normal Weekday,regional_train,23150
2020,12,Tuesday,Normal Weekday,metro_tram,211200
2020,12,Tuesday,School Holiday Weekday,metro_bus,179550
2020,12,Tuesday,School Holiday Weekday,metro_train,236500
2020,12,Tuesday,School Holiday Weekday,regional_bus,15800
2020,12,Tuesday,School Holiday Weekday,regional_train,19650
2020,12,Tuesday,School Holiday Weekday,metro_tram,197700
2020,12,Wednesday,Normal Weekday,metro_bus,262050
2020,12,Wednesday,Normal Weekday,metro_train,290700
2020,12,Wednesday,Normal Weekday,regional_bus,25400
2020,12,Wednesday,Normal Weekday,regional_train,24350
2020,12,Wednesday,Normal Weekday,metro_tram,237000
2020,12,Wednesday,School Holiday Weekday,metro_bus,194000
2020,12,Wednesday,School Holiday Weekday,metro_train,242850
2020,12,Wednesday,School Holiday Weekday,regional_bus,17800
2020,12,Wednesday,School Holiday Weekday,regional_train,21000
2020,12,Wednesday,School Holiday Weekday,metro_tram,207200
2021,1,Friday,Normal Weekday,metro_bus,194300
2021,1,Friday,Normal Weekday,metro_train,294400
2021,1,Friday,Normal Weekday,regional_bus,18900
2021,1,Friday,Normal Weekday,regional_train,19600
2021,1,Friday,Normal Weekday,metro_tram,232100
2021,1,Friday,School Holiday Weekday,metro_bus,194650
2021,1,Friday,School Holiday Weekday,metro_train,265250
2021,1,Friday,School Holiday Weekday,regional_bus,16700
2021,1,Friday,School Holiday Weekday,regional_train,22400
2021,1,Friday,School Holiday Weekday,metro_tram,222250
2021,1,Monday,School Holiday Weekday,metro_bus,160700
2021,1,Monday,School Holiday Weekday,metro_train,210350
2021,1,Monday,School Holiday Weekday,regional_bus,14050
2021,1,Monday,School Holiday Weekday,regional_train,18300
2021,1,Monday,School Holiday Weekday,metro_tram,168150
2021,1,Saturday,Weekend,metro_bus,122150
2021,1,Saturday,Weekend,metro_train,207750
2021,1,Saturday,Weekend,regional_bus,9900
2021,1,Saturday,Weekend,regional_train,14800
2021,1,Saturday,Weekend,metro_tram,166500
2021,1,Sunday,Weekend,metro_bus,86050
2021,1,Sunday,Weekend,metro_train,151700
2021,1,Sunday,Weekend,regional_bus,6200
2021,1,Sunday,Weekend,regional_train,12000
2021,1,Sunday,Weekend,metro_tram,122100
2021,1,Thursday,Normal Weekday,metro_bus,239800
2021,1,Thursday,Normal Weekday,metro_train,322600
2021,1,Thursday,Normal Weekday,regional_bus,19900
2021,1,Thursday,Normal Weekday,regional_train,22550
2021,1,Thursday,Normal Weekday,metro_tram,268350
2021,1,Thursday,School Holiday Weekday,metro_bus,200600
2021,1,Thursday,School Holiday Weekday,metro_train,255200
2021,1,Thursday,School Holiday Weekday,regional_bus,17100
2021,1,Thursday,School Holiday Weekday,regional_train,22150
2021,1,Thursday,School Holiday Weekday,metro_tram,209300
2021,1,Tuesday,School Holiday Weekday,metro_bus,184500
2021,1,Tuesday,School Holiday Weekday,metro_train,235200
2021,1,Tuesday,School Holiday Weekday,regional_bus,15850
2021,1,Tuesday,School Holiday Weekday,regional_train,19700
2021,1,Tuesday,School Holiday Weekday,metro_tram,196200
2021,1,Wednesday,School Holiday Weekday,metro_bus,202550
2021,1,Wednesday,School Holiday Weekday,metro_train,266800
2021,1,Wednesday,School Holiday Weekday,regional_bus,17050
2021,1,Wednesday,School Holiday Weekday,regional_train,21950
2021,1,Wednesday,School Holiday Weekday,metro_tram,218700
2021,2,Friday,Normal Weekday,metro_bus,259950
2021,2,Friday,Normal Weekday,metro_train,354450
2021,2,Friday,Normal Weekday,regional_bus,30750
2021,2,Friday,Normal Weekday,regional_train,29350
2021,2,Friday,Normal Weekday,metro_tram,270150
2021,2,Monday,Normal Weekday,metro_bus,219250
2021,2,Monday,Normal Weekday,metro_train,265800
2021,2,Monday,Normal Weekday,regional_bus,24800
2021,2,Monday,Normal Weekday,regional_train,21900
2021,2,Monday,Normal Weekday,metro_tram,201950
2021,2,Saturday,Weekend,metro_bus,112500
2021,2,Saturday,Weekend,metro_train,181150
2021,2,Saturday,Weekend,regional_bus,8700
2021,2,Saturday,Weekend,regional_train,12250
2021,2,Saturday,Weekend,metro_tram,170250
2021,2,Sunday,Weekend,metro_bus,77750
2021,2,Sunday,Weekend,metro_train,127800
2021,2,Sunday,Weekend,regional_bus,5550
2021,2,Sunday,Weekend,regional_train,9250
2021,2,Sunday,Weekend,metro_tram,120550
2021,2,Thursday,Normal Weekday,metro_bus,272000
2021,2,Thursday,Normal Weekday,metro_train,348250
2021,2,Thursday,Normal Weekday,regional_bus,31850
2021,2,Thursday,Normal Weekday,regional_train,27800
2021,2,Thursday,Normal Weekday,metro_tram,265500
2021,2,Tuesday,Normal Weekday,metro_bus,227550
2021,2,Tuesday,Normal Weekday,metro_train,287050
2021,2,Tuesday,Normal Weekday,regional_bus,25900
2021,2,Tuesday,Normal Weekday,regional_train,23000
2021,2,Tuesday,Normal Weekday,metro_tram,213950
2021,2,Wednesday,Normal Weekday,metro_bus,235450
2021,2,Wednesday,Normal Weekday,metro_train,298050
2021,2,Wednesday,Normal Weekday,regional_bus,25350
2021,2,Wednesday,Normal Weekday,regional_train,24700
2021,2,Wednesday,Normal Weekday,metro_tram,228200
2021,3,Friday,Normal Weekday,metro_bus,299900
2021,3,Friday,Normal Weekday,metro_train,446400
2021,3,Friday,Normal Weekday,regional_bus,30950
2021,3,Friday,Normal Weekday,regional_train,37950
2021,3,Friday,Normal Weekday,metro_tram,329450
2021,3,Monday,Normal Weekday,metro_bus,285950
2021,3,Monday,Normal Weekday,metro_train,383500
2021,3,Monday,Normal Weekday,regional_bus,29950
2021,3,Monday,Normal Weekday,regional_train,32300
2021,3,Monday,Normal Weekday,metro_tram,288500
2021,3,Saturday,Weekend,metro_bus,136400
2021,3,Saturday,Weekend,metro_train,245100
2021,3,Saturday,Weekend,regional_bus,9700
2021,3,Saturday,Weekend,regional_train,22200
2021,3,Saturday,Weekend,metro_tram,241500
2021,3,Sunday,Weekend,metro_bus,97950
2021,3,Sunday,Weekend,metro_train,186350
2021,3,Sunday,Weekend,regional_bus,6450
2021,3,Sunday,Weekend,regional_train,16800
2021,3,Sunday,Weekend,metro_tram,178350
2021,3,Thursday,Normal Weekday,metro_bus,308800
2021,3,Thursday,Normal Weekday,metro_train,458100
2021,3,Thursday,Normal Weekday,regional_bus,31900
2021,3,Thursday,Normal Weekday,regional_train,36300
2021,3,Thursday,Normal Weekday,metro_tram,324600
2021,3,Tuesday,Normal Weekday,metro_bus,298300
2021,3,Tuesday,Normal Weekday,metro_train,415800
2021,3,Tuesday,Normal Weekday,regional_bus,31500
2021,3,Tuesday,Normal Weekday,regional_train,34250
2021,3,Tuesday,Normal Weekday,metro_tram,308200
2021,3,Wednesday,Normal Weekday,metro_bus,309000
2021,3,Wednesday,Normal Weekday,metro_train,434650
2021,3,Wednesday,Normal Weekday,regional_bus,31350
2021,3,Wednesday,Normal Weekday,regional_train,35350
2021,3,Wednesday,Normal Weekday,metro_tram,325200
2021,4,Friday,Normal Weekday,metro_bus,302400
2021,4,Friday,Normal Weekday,metro_train,491900
2021,4,Friday,Normal Weekday,regional_bus,31150
2021,4,Friday,Normal Weekday,regional_train,38600
2021,4,Friday,Normal Weekday,metro_tram,375200
2021,4,Friday,School Holiday Weekday,metro_bus,242950
2021,4,Friday,School Holiday Weekday,metro_train,417700
2021,4,Friday,School Holiday Weekday,regional_bus,18800
2021,4,Friday,School Holiday Weekday,regional_train,38150
2021,4,Friday,School Holiday Weekday,metro_tram,362350
2021,4,Monday,Normal Weekday,metro_bus,282900
2021,4,Monday,Normal Weekday,metro_train,406000
2021,4,Monday,Normal Weekday,regional_bus,28550
2021,4,Monday,Normal Weekday,regional_train,36050
2021,4,Monday,Normal Weekday,metro_tram,312100
2021,4,Monday,School Holiday Weekday,metro_bus,231700
2021,4,Monday,School Holiday Weekday,metro_train,366650
2021,4,Monday,School Holiday Weekday,regional_bus,17000
2021,4,Monday,School Holiday Weekday,regional_train,34400
2021,4,Monday,School Holiday Weekday,metro_tram,316000
2021,4,Saturday,Weekend,metro_bus,137900
2021,4,Saturday,Weekend,metro_train,293050
2021,4,Saturday,Weekend,regional_bus,9900
2021,4,Saturday,Weekend,regional_train,25800
2021,4,Saturday,Weekend,metro_tram,269700
2021,4,Sunday,Weekend,metro_bus,88850
2021,4,Sunday,Weekend,metro_train,192450
2021,4,Sunday,Weekend,regional_bus,5850
2021,4,Sunday,Weekend,regional_train,18150
2021,4,Sunday,Weekend,metro_tram,185250
2021,4,Thursday,Normal Weekday,metro_bus,313150
2021,4,Thursday,Normal Weekday,metro_train,475900
2021,4,Thursday,Normal Weekday,regional_bus,31450
2021,4,Thursday,Normal Weekday,regional_train,39450
2021,4,Thursday,Normal Weekday,metro_tram,367050
2021,4,Thursday,School Holiday Weekday,metro_bus,258300
2021,4,Thursday,School Holiday Weekday,metro_train,432950
2021,4,Thursday,School Holiday Weekday,regional_bus,19750
2021,4,Thursday,School Holiday Weekday,regional_train,39950
2021,4,Thursday,School Holiday Weekday,metro_tram,365900
2021,4,Tuesday,Normal Weekday,metro_bus,297800
2021,4,Tuesday,Normal Weekday,metro_train,454950
2021,4,Tuesday,Normal Weekday,regional_bus,31700
2021,4,Tuesday,Normal Weekday,regional_train,35900
2021,4,Tuesday,Normal Weekday,metro_tram,341250
2021,4,Tuesday,School Holiday Weekday,metro_bus,242050
2021,4,Tuesday,School Holiday Weekday,metro_train,392200
2021,4,Tuesday,School Holiday Weekday,regional_bus,18350
2021,4,Tuesday,School Holiday Weekday,regional_train,37050
2021,4,Tuesday,School Holiday Weekday,metro_tram,327700
2021,4,Wednesday,Normal Weekday,metro_bus,317000
2021,4,Wednesday,Normal Weekday,metro_train,479750
2021,4,Wednesday,Normal Weekday,regional_bus,32000
2021,4,Wednesday,Normal Weekday,regional_train,37600
2021,4,Wednesday,Normal Weekday,metro_tram,374100
2021,4,Wednesday,School Holiday Weekday,metro_bus,254700
2021,4,Wednesday,School Holiday Weekday,metro_train,407500
2021,4,Wednesday,School Holiday Weekday,regional_bus,18700
2021,4,Wednesday,School Holiday Weekday,regional_train,37250
2021,4,Wednesday,School Holiday Weekday,metro_tram,354700
2021,5,Friday,Normal Weekday,metro_bus,252600
2021,5,Friday,Normal Weekday,metro_train,392450
2021,5,Friday,Normal Weekday,regional_bus,25000
2021,5,Friday,Normal Weekday,regional_train,28850
2021,5,Friday,Normal Weekday,metro_tram,296100
2021,5,Monday,Normal Weekday,metro_bus,248750
2021,5,Monday,Normal Weekday,metro_train,349450
2021,5,Monday,Normal Weekday,regional_bus,25050
2021,5,Monday,Normal Weekday,regional_train,29700
2021,5,Monday,Normal Weekday,metro_tram,268650
2021,5,Saturday,Weekend,metro_bus,130800
2021,5,Saturday,Weekend,metro_train,241750
2021,5,Saturday,Weekend,regional_bus,9050
2021,5,Saturday,Weekend,regional_train,20200
2021,5,Saturday,Weekend,metro_tram,248000
2021,5,Sunday,Weekend,metro_bus,86300
2021,5,Sunday,Weekend,metro_train,177550
2021,5,Sunday,Weekend,regional_bus,5350
2021,5,Sunday,Weekend,regional_train,15050
2021,5,Sunday,Weekend,metro_tram,176700
2021,5,Thursday,Normal Weekday,metro_bus,296700
2021,5,Thursday,Normal Weekday,metro_train,439450
2021,5,Thursday,Normal Weekday,regional_bus,30650
2021,5,Thursday,Normal Weekday,regional_train,35450
2021,5,Thursday,Normal Weekday,metro_tram,335900
2021,5,Tuesday,Normal Weekday,metro_bus,298000
2021,5,Tuesday,Normal Weekday,metro_train,460450
2021,5,Tuesday,Normal Weekday,regional_bus,28700
2021,5,Tuesday,Normal Weekday,regional_train,37200
2021,5,Tuesday,Normal Weekday,metro_tram,345800
2021,5,Wednesday,Normal Weekday,metro_bus,311050
2021,5,Wednesday,Normal Weekday,metro_train,455150
2021,5,Wednesday,Normal Weekday,regional_bus,30500
2021,5,Wednesday,Normal Weekday,regional_train,36350
2021,5,Wednesday,Normal Weekday,metro_tram,345850
2021,6,Friday,Normal Weekday,metro_bus,184100
2021,6,Friday,Normal Weekday,metro_train,249300
2021,6,Friday,Normal Weekday,regional_bus,26500
2021,6,Friday,Normal Weekday,regional_train,22650
2021,6,Friday,Normal Weekday,metro_tram,176300
2021,6,Monday,Normal Weekday,metro_bus,170650
2021,6,Monday,Normal Weekday,metro_train,206300
2021,6,Monday,Normal Weekday,regional_bus,28300
2021,6,Monday,Normal Weekday,regional_train,20600
2021,6,Monday,Normal Weekday,metro_tram,140450
2021,6,Monday,School Holiday Weekday,metro_bus,210700
2021,6,Monday,School Holiday Weekday,metro_train,310100
2021,6,Monday,School Holiday Weekday,regional_bus,18100
2021,6,Monday,School Holiday Weekday,regional_train,26350
2021,6,Monday,School Holiday Weekday,metro_tram,211550
2021,6,Saturday,Weekend,metro_bus,100850
2021,6,Saturday,Weekend,metro_train,150750
2021,6,Saturday,Weekend,regional_bus,9300
2021,6,Saturday,Weekend,regional_train,11500
2021,6,Saturday,Weekend,metro_tram,160200
2021,6,Sunday,Weekend,metro_bus,69700
2021,6,Sunday,Weekend,metro_train,115950
2021,6,Sunday,Weekend,regional_bus,5750
2021,6,Sunday,Weekend,regional_train,8550
2021,6,Sunday,Weekend,metro_tram,115300
2021,6,Thursday,Normal Weekday,metro_bus,168550
2021,6,Thursday,Normal Weekday,metro_train,208300
2021,6,Thursday,Normal Weekday,regional_bus,23300
2021,6,Thursday,Normal Weekday,regional_train,19150
2021,6,Thursday,Normal Weekday,metro_tram,145050
2021,6,Tuesday,Normal Weekday,metro_bus,163150
2021,6,Tuesday,Normal Weekday,metro_train,198950
2021,6,Tuesday,Normal Weekday,regional_bus,23550
2021,6,Tuesday,Normal Weekday,regional_train,19100
2021,6,Tuesday,Normal Weekday,metro_tram,138950
2021,6,Tuesday,School Holiday Weekday,metro_bus,222000
2021,6,Tuesday,School Holiday Weekday,metro_train,345600
2021,6,Tuesday,School Holiday Weekday,regional_bus,19550
2021,6,Tuesday,School Holiday Weekday,regional_train,28300
2021,6,Tuesday,School Holiday Weekday,metro_tram,230300
2021,6,Wednesday,Normal Weekday,metro_bus,159050
2021,6,Wednesday,Normal Weekday,metro_train,200550
2021,6,Wednesday,Normal Weekday,regional_bus,22950
2021,6,Wednesday,Normal Weekday,regional_train,19300
2021,6,Wednesday,Normal Weekday,metro_tram,137550
2021,6,Wednesday,School Holiday Weekday,metro_bus,228600
2021,6,Wednesday,School Holiday Weekday,metro_train,358550
2021,6,Wednesday,School Holiday Weekday,regional_bus,19050
2021,6,Wednesday,School Holiday Weekday,regional_train,30450
2021,6,Wednesday,School Holiday Weekday,metro_tram,241050
2021,7,Friday,Normal Weekday,metro_bus,140500
2021,7,Friday,Normal Weekday,metro_train,175750
2021,7,Friday,Normal Weekday,regional_bus,17350
2021,7,Friday,Normal Weekday,regional_train,14300
2021,7,Friday,Normal Weekday,metro_tram,121250
2021,7,Friday,School Holiday Weekday,metro_bus,218600
2021,7,Friday,School Holiday Weekday,metro_train,379850
2021,7,Friday,School Holiday Weekday,regional_bus,20100
2021,7,Friday,School Holiday Weekday,regional_train,32500
2021,7,Friday,School Holiday Weekday,metro_tram,254150
2021,7,Monday,Normal Weekday,metro_bus,145600
2021,7,Monday,Normal Weekday,metro_train,191450
2021,7,Monday,Normal Weekday,regional_bus,16100
2021,7,Monday,Normal Weekday,regional_train,16150
2021,7,Monday,Normal Weekday,metro_tram,129450
2021,7,Monday,School Holiday Weekday,metro_bus,202750
2021,7,Monday,School Holiday Weekday,metro_train,313850
2021,7,Monday,School Holiday Weekday,regional_bus,17750
2021,7,Monday,School Holiday Weekday,regional_train,29350
2021,7,Monday,School Holiday Weekday,metro_tram,213900
2021,7,Saturday,Weekend,metro_bus,93000
2021,7,Saturday,Weekend,metro_train,166800
2021,7,Saturday,Weekend,regional_bus,7950
2021,7,Saturday,Weekend,regional_train,10500
2021,7,Saturday,Weekend,metro_tram,147950
2021,7,Sunday,Weekend,metro_bus,56750
2021,7,Sunday,Weekend,metro_train,117400
2021,7,Sunday,Weekend,regional_bus,4500
2021,7,Sunday,Weekend,regional_train,7300
2021,7,Sunday,Weekend,metro_tram,97650
2021,7,Thursday,Normal Weekday,metro_bus,199800
2021,7,Thursday,Normal Weekday,metro_train,263450
2021,7,Thursday,Normal Weekday,regional_bus,25500
2021,7,Thursday,Normal Weekday,regional_train,20950
2021,7,Thursday,Normal Weekday,metro_tram,179400
2021,7,Thursday,School Holiday Weekday,metro_bus,228600
2021,7,Thursday,School Holiday Weekday,metro_train,367700
2021,7,Thursday,School Holiday Weekday,regional_bus,21000
2021,7,Thursday,School Holiday Weekday,regional_train,32050
2021,7,Thursday,School Holiday Weekday,metro_tram,249950
2021,7,Tuesday,Normal Weekday,metro_bus,152750
2021,7,Tuesday,Normal Weekday,metro_train,217800
2021,7,Tuesday,Normal Weekday,regional_bus,17400
2021,7,Tuesday,Normal Weekday,regional_train,17550
2021,7,Tuesday,Normal Weekday,metro_tram,142950
2021,7,Tuesday,School Holiday Weekday,metro_bus,219300
2021,7,Tuesday,School Holiday Weekday,metro_train,353050
2021,7,Tuesday,School Holiday Weekday,regional_bus,18600
2021,7,Tuesday,School Holiday Weekday,regional_train,31150
2021,7,Tuesday,School Holiday Weekday,metro_tram,238350
2021,7,Wednesday,Normal Weekday,metro_bus,191350
2021,7,Wednesday,Normal Weekday,metro_train,260050
2021,7,Wednesday,Normal Weekday,regional_bus,23350
2021,7,Wednesday,Normal Weekday,regional_train,17750
2021,7,Wednesday,Normal Weekday,metro_tram,177400
2021,7,Wednesday,School Holiday Weekday,metro_bus,224000
2021,7,Wednesday,School Holiday Weekday,metro_train,363500
2021,7,Wednesday,School Holiday Weekday,regional_bus,20650
2021,7,Wednesday,School Holiday Weekday,regional_train,33050
2021,7,Wednesday,School Holiday Weekday,metro_tram,251850
2021,8,Friday,Normal Weekday,metro_bus,95550
2021,8,Friday,Normal Weekday,metro_train,111050
2021,8,Friday,Normal Weekday,regional_bus,21600
2021,8,Friday,Normal Weekday,regional_train,11600
2021,8,Friday,Normal Weekday,metro_tram,72800
2021,8,Monday,Normal Weekday,metro_bus,122150
2021,8,Monday,Normal Weekday,metro_train,144700
2021,8,Monday,Normal Weekday,regional_bus,18550
2021,8,Monday,Normal Weekday,regional_train,13650
2021,8,Monday,Normal Weekday,metro_tram,97350
2021,8,Saturday,Weekend,metro_bus,49600
2021,8,Saturday,Weekend,metro_train,55100
2021,8,Saturday,Weekend,regional_bus,7950
2021,8,Saturday,Weekend,regional_train,4950
2021,8,Saturday,Weekend,metro_tram,51050
2021,8,Sunday,Weekend,metro_bus,40800
2021,8,Sunday,Weekend,metro_train,61550
2021,8,Sunday,Weekend,regional_bus,4650
2021,8,Sunday,Weekend,regional_train,5350
2021,8,Sunday,Weekend,metro_tram,60700
2021,8,Thursday,Normal Weekday,metro_bus,138400
2021,8,Thursday,Normal Weekday,metro_train,165800
2021,8,Thursday,Normal Weekday,regional_bus,27650
2021,8,Thursday,Normal Weekday,regional_train,15750
2021,8,Thursday,Normal Weekday,metro_tram,110100
2021,8,Tuesday,Normal Weekday,metro_bus,123650
2021,8,Tuesday,Normal Weekday,metro_train,150050
2021,8,Tuesday,Normal Weekday,regional_bus,23350
2021,8,Tuesday,Normal Weekday,regional_train,14200
2021,8,Tuesday,Normal Weekday,metro_tram,102200
2021,8,Wednesday,Normal Weekday,metro_bus,133750
2021,8,Wednesday,Normal Weekday,metro_train,164200
2021,8,Wednesday,Normal Weekday,regional_bus,26550
2021,8,Wednesday,Normal Weekday,regional_train,15850
2021,8,Wednesday,Normal Weekday,metro_tram,112300
2021,9,Friday,Normal Weekday,metro_bus,92500
2021,9,Friday,Normal Weekday,metro_train,103400
2021,9,Friday,Normal Weekday,regional_bus,16600
2021,9,Friday,Normal Weekday,regional_train,7500
2021,9,Friday,Normal Weekday,metro_tram,72400
2021,9,Monday,Normal Weekday,metro_bus,92900
2021,9,Monday,Normal Weekday,metro_train,101150
2021,9,Monday,Normal Weekday,regional_bus,15400
2021,9,Monday,Normal Weekday,regional_train,5600
2021,9,Monday,Normal Weekday,metro_tram,68950
2021,9,Monday,School Holiday Weekday,metro_bus,95750
2021,9,Monday,School Holiday Weekday,metro_train,101350
2021,9,Monday,School Holiday Weekday,regional_bus,14400
2021,9,Monday,School Holiday Weekday,regional_train,6300
2021,9,Monday,School Holiday Weekday,metro_tram,72050
2021,9,Saturday,Weekend,metro_bus,51700
2021,9,Saturday,Weekend,metro_train,52400
2021,9,Saturday,Weekend,regional_bus,8250
2021,9,Saturday,Weekend,regional_train,2650
2021,9,Saturday,Weekend,metro_tram,43800
2021,9,Sunday,Weekend,metro_bus,36800
2021,9,Sunday,Weekend,metro_train,45600
2021,9,Sunday,Weekend,regional_bus,4850
2021,9,Sunday,Weekend,regional_train,1900
2021,9,Sunday,Weekend,metro_tram,41000
2021,9,Thursday,Normal Weekday,metro_bus,98050
2021,9,Thursday,Normal Weekday,metro_train,107650
2021,9,Thursday,Normal Weekday,regional_bus,14850
2021,9,Thursday,Normal Weekday,regional_train,7350
2021,9,Thursday,Normal Weekday,metro_tram,74450
2021,9,Thursday,School Holiday Weekday,metro_bus,98050
2021,9,Thursday,School Holiday Weekday,metro_train,105100
2021,9,Thursday,School Holiday Weekday,regional_bus,15400
2021,9,Thursday,School Holiday Weekday,regional_train,6600
2021,9,Thursday,School Holiday Weekday,metro_tram,76300
2021,9,Tuesday,Normal Weekday,metro_bus,94150
2021,9,Tuesday,Normal Weekday,metro_train,103850
2021,9,Tuesday,Normal Weekday,regional_bus,15150
2021,9,Tuesday,Normal Weekday,regional_train,5650
2021,9,Tuesday,Normal Weekday,metro_tram,70050
2021,9,Tuesday,School Holiday Weekday,metro_bus,95900
2021,9,Tuesday,School Holiday Weekday,metro_train,104750
2021,9,Tuesday,School Holiday Weekday,regional_bus,15250
2021,9,Tuesday,School Holiday Weekday,regional_train,6600
2021,9,Tuesday,School Holiday Weekday,metro_tram,74250
2021,9,Wednesday,Normal Weekday,metro_bus,97000
2021,9,Wednesday,Normal Weekday,metro_train,106650
2021,9,Wednesday,Normal Weekday,regional_bus,14600
2021,9,Wednesday,Normal Weekday,regional_train,7350
2021,9,Wednesday,Normal Weekday,metro_tram,74450
2021,9,Wednesday,School Holiday Weekday,metro_bus,95450
2021,9,Wednesday,School Holiday Weekday,metro_train,102800
2021,9,Wednesday,School Holiday Weekday,regional_bus,14250
2021,9,Wednesday,School Holiday Weekday,regional_train,6150
2021,9,Wednesday,School Holiday Weekday,metro_tram,68300
2021,10,Friday,Normal Weekday,metro_bus,142200
2021,10,Friday,Normal Weekday,metro_train,145150
2021,10,Friday,Normal Weekday,regional_bus,23050
2021,10,Friday,Normal Weekday,regional_train,11750
2021,10,Friday,Normal Weekday,metro_tram,129200
2021,10,Friday,School Holiday Weekday,metro_bus,100550
2021,10,Friday,School Holiday Weekday,metro_train,105000
2021,10,Friday,School Holiday Weekday,regional_bus,15250
2021,10,Friday,School Holiday Weekday,regional_train,9050
2021,10,Friday,School Holiday Weekday,metro_tram,77100
2021,10,Monday,Normal Weekday,metro_bus,117850
2021,10,Monday,Normal Weekday,metro_train,124250
2021,10,Monday,Normal Weekday,regional_bus,21050
2021,10,Monday,Normal Weekday,regional_train,11050
2021,10,Monday,Normal Weekday,metro_tram,92800
2021,10,Saturday,Weekend,metro_bus,76400
2021,10,Saturday,Weekend,metro_train,102850
2021,10,Saturday,Weekend,regional_bus,9700
2021,10,Saturday,Weekend,regional_train,6750
2021,10,Saturday,Weekend,metro_tram,95550
2021,10,Sunday,Weekend,metro_bus,65600
2021,10,Sunday,Weekend,metro_train,85500
2021,10,Sunday,Weekend,regional_bus,5750
2021,10,Sunday,Weekend,regional_train,5700
2021,10,Sunday,Weekend,metro_tram,73500
2021,10,Thursday,Normal Weekday,metro_bus,131100
2021,10,Thursday,Normal Weekday,metro_train,139150
2021,10,Thursday,Normal Weekday,regional_bus,24100
2021,10,Thursday,Normal Weekday,regional_train,12000
2021,10,Thursday,Normal Weekday,metro_tram,108050
2021,10,Tuesday,Normal Weekday,metro_bus,129450
2021,10,Tuesday,Normal Weekday,metro_train,138600
2021,10,Tuesday,Normal Weekday,regional_bus,23200
2021,10,Tuesday,Normal Weekday,regional_train,11650
2021,10,Tuesday,Normal Weekday,metro_tram,104450
2021,10,Wednesday,Normal Weekday,metro_bus,135700
2021,10,Wednesday,Normal Weekday,metro_train,142550
2021,10,Wednesday,Normal Weekday,regional_bus,22850
2021,10,Wednesday,Normal Weekday,regional_train,12350
2021,10,Wednesday,Normal Weekday,metro_tram,110600
2021,11,Friday,Normal Weekday,metro_bus,259250
2021,11,Friday,Normal Weekday,metro_train,327900
2021,11,Friday,Normal Weekday,regional_bus,27600
2021,11,Friday,Normal Weekday,regional_train,25050
2021,11,Friday,Normal Weekday,metro_tram,286100
2021,11,Monday,Normal Weekday,metro_bus,241750
2021,11,Monday,Normal Weekday,metro_train,267600
2021,11,Monday,Normal Weekday,regional_bus,26650
2021,11,Monday,Normal Weekday,regional_train,21600
2021,11,Monday,Normal Weekday,metro_tram,232600
2021,11,Saturday,Weekend,metro_bus,136750
2021,11,Saturday,Weekend,metro_train,231700
2021,11,Saturday,Weekend,regional_bus,12050
2021,11,Saturday,Weekend,regional_train,16400
2021,11,Saturday,Weekend,metro_tram,203600
2021,11,Sunday,Weekend,metro_bus,113600
2021,11,Sunday,Weekend,metro_train,154650
2021,11,Sunday,Weekend,regional_bus,7100
2021,11,Sunday,Weekend,regional_train,11900
2021,11,Sunday,Weekend,metro_tram,154700
2021,11,Thursday,Normal Weekday,metro_bus,265550
2021,11,Thursday,Normal Weekday,metro_train,305550
2021,11,Thursday,Normal Weekday,regional_bus,29100
2021,11,Thursday,Normal Weekday,regional_train,23700
2021,11,Thursday,Normal Weekday,metro_tram,268800
2021,11,Tuesday,Normal Weekday,metro_bus,265350
2021,11,Tuesday,Normal Weekday,metro_train,310350
2021,11,Tuesday,Normal Weekday,regional_bus,28850
2021,11,Tuesday,Normal Weekday,regional_train,24550
2021,11,Tuesday,Normal Weekday,metro_tram,273650
2021,11,Wednesday,Normal Weekday,metro_bus,247850
2021,11,Wednesday,Normal Weekday,metro_train,286850
2021,11,Wednesday,Normal Weekday,regional_bus,27450
2021,11,Wednesday,Normal Weekday,regional_train,23050
2021,11,Wednesday,Normal Weekday,metro_tram,252450
2021,12,Friday,Normal Weekday,metro_bus,267250
2021,12,Friday,Normal Weekday,metro_train,392050
2021,12,Friday,Normal Weekday,regional_bus,26300
2021,12,Friday,Normal Weekday,regional_train,33850
2021,12,Friday,Normal Weekday,metro_tram,393450
2021,12,Friday,School Holiday Weekday,metro_bus,132650
2021,12,Friday,School Holiday Weekday,metro_train,199650
2021,12,Friday,School Holiday Weekday,regional_bus,15300
2021,12,Friday,School Holiday Weekday,regional_train,23350
2021,12,Friday,School Holiday Weekday,metro_tram,168650
2021,12,Monday,Normal Weekday,metro_bus,243150
2021,12,Monday,Normal Weekday,metro_train,308450
2021,12,Monday,Normal Weekday,regional_bus,24650
2021,12,Monday,Normal Weekday,regional_train,28150
2021,12,Monday,Normal Weekday,metro_tram,300950
2021,12,Monday,School Holiday Weekday,metro_bus,223100
2021,12,Monday,School Holiday Weekday,metro_train,296650
2021,12,Monday,School Holiday Weekday,regional_bus,21600
2021,12,Monday,School Holiday Weekday,regional_train,25950
2021,12,Monday,School Holiday Weekday,metro_tram,303000
2021,12,Saturday,Weekend,metro_bus,150150
2021,12,Saturday,Weekend,metro_train,240700
2021,12,Saturday,Weekend,regional_bus,13250
2021,12,Saturday,Weekend,regional_train,21350
2021,12,Saturday,Weekend,metro_tram,264300
2021,12,Sunday,Weekend,metro_bus,112000
2021,12,Sunday,Weekend,metro_train,181000
2021,12,Sunday,Weekend,regional_bus,7650
2021,12,Sunday,Weekend,regional_train,15400
2021,12,Sunday,Weekend,metro_tram,197750
2021,12,Thursday,Normal Weekday,metro_bus,266300
2021,12,Thursday,Normal Weekday,metro_train,372450
2021,12,Thursday,Normal Weekday,regional_bus,26700
2021,12,Thursday,Normal Weekday,regional_train,30850
2021,12,Thursday,Normal Weekday,metro_tram,346000
2021,12,Thursday,School Holiday Weekday,metro_bus,178950
2021,12,Thursday,School Holiday Weekday,metro_train,231200
2021,12,Thursday,School Holiday Weekday,regional_bus,19100
2021,12,Thursday,School Holiday Weekday,regional_train,25500
2021,12,Thursday,School Holiday Weekday,metro_tram,242500
2021,12,Tuesday,Normal Weekday,metro_bus,252150
2021,12,Tuesday,Normal Weekday,metro_train,360650
2021,12,Tuesday,Normal Weekday,regional_bus,24800
2021,12,Tuesday,Normal Weekday,regional_train,31100
2021,12,Tuesday,Normal Weekday,metro_tram,322950
2021,12,Tuesday,School Holiday Weekday,metro_bus,224300
2021,12,Tuesday,School Holiday Weekday,metro_train,308950
2021,12,Tuesday,School Holiday Weekday,regional_bus,22250
2021,12,Tuesday,School Holiday Weekday,regional_train,28850
2021,12,Tuesday,School Holiday Weekday,metro_tram,319550
2021,12,Wednesday,Normal Weekday,metro_bus,259550
2021,12,Wednesday,Normal Weekday,metro_train,370450
2021,12,Wednesday,Normal Weekday,regional_bus,26250
2021,12,Wednesday,Normal Weekday,regional_train,30150
2021,12,Wednesday,Normal Weekday,metro_tram,337650
2021,12,Wednesday,School Holiday Weekday,metro_bus,189950
2021,12,Wednesday,School Holiday Weekday,metro_train,258250
2021,12,Wednesday,School Holiday Weekday,regional_bus,20100
2021,12,Wednesday,School Holiday Weekday,regional_train,26200
2021,12,Wednesday,School Holiday Weekday,metro_tram,265850
2022,1,Friday,School Holiday Weekday,metro_bus,154650
2022,1,Friday,School Holiday Weekday,metro_train,200850
2022,1,Friday,School Holiday Weekday,regional_bus,19250
2022,1,Friday,School Holiday Weekday,regional_train,21150
2022,1,Friday,School Holiday Weekday,metro_tram,199400
2022,1,Monday,Normal Weekday,metro_bus,200950
2022,1,Monday,Normal Weekday,metro_train,230200
2022,1,Monday,Normal Weekday,regional_bus,22600
2022,1,Monday,Normal Weekday,regional_train,22950
2022,1,Monday,Normal Weekday,metro_tram,224100
2022,1,Monday,School Holiday Weekday,metro_bus,158250
2022,1,Monday,School Holiday Weekday,metro_train,195450
2022,1,Monday,School Holiday Weekday,regional_bus,18700
2022,1,Monday,School Holiday Weekday,regional_train,19150
2022,1,Monday,School Holiday Weekday,metro_tram,184000
2022,1,Saturday,Weekend,metro_bus,109400
2022,1,Saturday,Weekend,metro_train,168000
2022,1,Saturday,Weekend,regional_bus,11450
2022,1,Saturday,Weekend,regional_train,15250
2022,1,Saturday,Weekend,metro_tram,163650
2022,1,Sunday,Weekend,metro_bus,81600
2022,1,Sunday,Weekend,metro_train,126100
2022,1,Sunday,Weekend,regional_bus,6850
2022,1,Sunday,Weekend,regional_train,11650
2022,1,Sunday,Weekend,metro_tram,125400
2022,1,Thursday,School Holiday Weekday,metro_bus,162450
2022,1,Thursday,School Holiday Weekday,metro_train,204750
2022,1,Thursday,School Holiday Weekday,regional_bus,19800
2022,1,Thursday,School Holiday Weekday,regional_train,20300
2022,1,Thursday,School Holiday Weekday,metro_tram,199250
2022,1,Tuesday,School Holiday Weekday,metro_bus,162550
2022,1,Tuesday,School Holiday Weekday,metro_train,200950
2022,1,Tuesday,School Holiday Weekday,regional_bus,19400
2022,1,Tuesday,School Holiday Weekday,regional_train,20800
2022,1,Tuesday,School Holiday Weekday,metro_tram,199300
2022,1,Wednesday,School Holiday Weekday,metro_bus,156500
2022,1,Wednesday,School Holiday Weekday,metro_train,189450
2022,1,Wednesday,School Holiday Weekday,regional_bus,18450
2022,1,Wednesday,School Holiday Weekday,regional_train,20350
2022,1,Wednesday,School Holiday Weekday,metro_tram,193700
2022,2,Friday,Normal Weekday,metro_bus,264450
2022,2,Friday,Normal Weekday,metro_train,341000
2022,2,Friday,Normal Weekday,regional_bus,36250
2022,2,Friday,Normal Weekday,regional_train,28100
2022,2,Friday,Normal Weekday,metro_tram,331800
2022,2,Monday,Normal Weekday,metro_bus,262600
2022,2,Monday,Normal Weekday,metro_train,315800
2022,2,Monday,Normal Weekday,regional_bus,35800
2022,2,Monday,Normal Weekday,regional_train,27150
2022,2,Monday,Normal Weekday,metro_tram,301600
2022,2,Saturday,Weekend,metro_bus,141900
2022,2,Saturday,Weekend,metro_train,235400
2022,2,Saturday,Weekend,regional_bus,13050
2022,2,Saturday,Weekend,regional_train,19400
2022,2,Saturday,Weekend,metro_tram,262550
2022,2,Sunday,Weekend,metro_bus,105000
2022,2,Sunday,Weekend,metro_train,159850
2022,2,Sunday,Weekend,regional_bus,7500
2022,2,Sunday,Weekend,regional_train,14200
2022,2,Sunday,Weekend,metro_tram,185850
2022,2,Thursday,Normal Weekday,metro_bus,264350
2022,2,Thursday,Normal Weekday,metro_train,323700
2022,2,Thursday,Normal Weekday,regional_bus,37450
2022,2,Thursday,Normal Weekday,regional_train,26250
2022,2,Thursday,Normal Weekday,metro_tram,309700
2022,2,Tuesday,Normal Weekday,metro_bus,253000
2022,2,Tuesday,Normal Weekday,metro_train,303600
2022,2,Tuesday,Normal Weekday,regional_bus,35250
2022,2,Tuesday,Normal Weekday,regional_train,26050
2022,2,Tuesday,Normal Weekday,metro_tram,293850
2022,2,Wednesday,Normal Weekday,metro_bus,260050
2022,2,Wednesday,Normal Weekday,metro_train,316400
2022,2,Wednesday,Normal Weekday,regional_bus,36350
2022,2,Wednesday,Normal Weekday,regional_train,27500
2022,2,Wednesday,Normal Weekday,metro_tram,305150
2022,3,Friday,Normal Weekday,metro_bus,323400
2022,3,Friday,Normal Weekday,metro_train,450750
2022,3,Friday,Normal Weekday,regional_bus,36000
2022,3,Friday,Normal Weekday,regional_train,39750
2022,3,Friday,Normal Weekday,metro_tram,414100
2022,3,Monday,Normal Weekday,metro_bus,319350
2022,3,Monday,Normal Weekday,metro_train,397550
2022,3,Monday,Normal Weekday,regional_bus,35600
2022,3,Monday,Normal Weekday,regional_train,34800
2022,3,Monday,Normal Weekday,metro_tram,362900
2022,3,Saturday,Weekend,metro_bus,147700
2022,3,Saturday,Weekend,metro_train,315000
2022,3,Saturday,Weekend,regional_bus,13950
2022,3,Saturday,Weekend,regional_train,26500
2022,3,Saturday,Weekend,metro_tram,333500
2022,3,Sunday,Weekend,metro_bus,124850
2022,3,Sunday,Weekend,metro_train,226200
2022,3,Sunday,Weekend,regional_bus,8700
2022,3,Sunday,Weekend,regional_train,18750
2022,3,Sunday,Weekend,metro_tram,244000
2022,3,Thursday,Normal Weekday,metro_bus,336850
2022,3,Thursday,Normal Weekday,metro_train,486100
2022,3,Thursday,Normal Weekday,regional_bus,36550
2022,3,Thursday,Normal Weekday,regional_train,40500
2022,3,Thursday,Normal Weekday,metro_tram,432450
2022,3,Tuesday,Normal Weekday,metro_bus,328450
2022,3,Tuesday,Normal Weekday,metro_train,441600
2022,3,Tuesday,Normal Weekday,regional_bus,35600
2022,3,Tuesday,Normal Weekday,regional_train,37700
2022,3,Tuesday,Normal Weekday,metro_tram,404350
2022,3,Wednesday,Normal Weekday,metro_bus,335900
2022,3,Wednesday,Normal Weekday,metro_train,474500
2022,3,Wednesday,Normal Weekday,regional_bus,36050
2022,3,Wednesday,Normal Weekday,regional_train,40050
2022,3,Wednesday,Normal Weekday,metro_tram,427650
2022,4,Friday,Normal Weekday,metro_bus,319050
2022,4,Friday,Normal Weekday,metro_train,478100
2022,4,Friday,Normal Weekday,regional_bus,37050
2022,4,Friday,Normal Weekday,regional_train,35350
2022,4,Friday,Normal Weekday,metro_tram,404700
2022,4,Friday,School Holiday Weekday,metro_bus,254700
2022,4,Friday,School Holiday Weekday,metro_train,394800
2022,4,Friday,School Holiday Weekday,regional_bus,26800
2022,4,Friday,School Holiday Weekday,regional_train,36600
2022,4,Friday,School Holiday Weekday,metro_tram,347550
2022,4,Monday,Normal Weekday,metro_bus,307700
2022,4,Monday,Normal Weekday,metro_train,406150
2022,4,Monday,Normal Weekday,regional_bus,35150
2022,4,Monday,Normal Weekday,regional_train,22750
2022,4,Monday,Normal Weekday,metro_tram,350250
2022,4,Monday,School Holiday Weekday,metro_bus,262900
2022,4,Monday,School Holiday Weekday,metro_train,389750
2022,4,Monday,School Holiday Weekday,regional_bus,26650
2022,4,Monday,School Holiday Weekday,regional_train,33850
2022,4,Monday,School Holiday Weekday,metro_tram,350050
2022,4,Saturday,Weekend,metro_bus,152900
2022,4,Saturday,Weekend,metro_train,342750
2022,4,Saturday,Weekend,regional_bus,14500
2022,4,Saturday,Weekend,regional_train,23700
2022,4,Saturday,Weekend,metro_tram,337050
2022,4,Sunday,Weekend,metro_bus,131100
2022,4,Sunday,Weekend,metro_train,297050
2022,4,Sunday,Weekend,regional_bus,8800
2022,4,Sunday,Weekend,regional_train,21350
2022,4,Sunday,Weekend,metro_tram,257900
2022,4,Thursday,Normal Weekday,metro_bus,341200
2022,4,Thursday,Normal Weekday,metro_train,489050
2022,4,Thursday,Normal Weekday,regional_bus,39400
2022,4,Thursday,Normal Weekday,regional_train,41250
2022,4,Thursday,Normal Weekday,metro_tram,395400
2022,4,Thursday,School Holiday Weekday,metro_bus,275450
2022,4,Thursday,School Holiday Weekday,metro_train,414950
2022,4,Thursday,School Holiday Weekday,regional_bus,27450
2022,4,Thursday,School Holiday Weekday,regional_train,38900
2022,4,Thursday,School Holiday Weekday,metro_tram,368700
2022,4,Tuesday,Normal Weekday,metro_bus,327650
2022,4,Tuesday,Normal Weekday,metro_train,455750
2022,4,Tuesday,Normal Weekday,regional_bus,38050
2022,4,Tuesday,Normal Weekday,regional_train,38450
2022,4,Tuesday,Normal Weekday,metro_tram,382800
2022,4,Tuesday,School Holiday Weekday,metro_bus,248050
2022,4,Tuesday,School Holiday Weekday,metro_train,397000
2022,4,Tuesday,School Holiday Weekday,regional_bus,24750
2022,4,Tuesday,School Holiday Weekday,regional_train,37250
2022,4,Tuesday,School Holiday Weekday,metro_tram,343450
2022,4,Wednesday,Normal Weekday,metro_bus,336150
2022,4,Wednesday,Normal Weekday,metro_train,470850
2022,4,Wednesday,Normal Weekday,regional_bus,39650
2022,4,Wednesday,Normal Weekday,regional_train,40400
2022,4,Wednesday,Normal Weekday,metro_tram,400350
2022,4,Wednesday,School Holiday Weekday,metro_bus,270100
2022,4,Wednesday,School Holiday Weekday,metro_train,417900
2022,4,Wednesday,School Holiday Weekday,regional_bus,27600
2022,4,Wednesday,School Holiday Weekday,regional_train,39600
2022,4,Wednesday,School Holiday Weekday,metro_tram,374100
2022,5,Friday,Normal Weekday,metro_bus,275450
2022,5,Friday,Normal Weekday,metro_train,447700
2022,5,Friday,Normal Weekday,regional_bus,38100
2022,5,Friday,Normal Weekday,regional_train,36250
2022,5,Friday,Normal Weekday,metro_tram,361050
2022,5,Monday,Normal Weekday,metro_bus,286200
2022,5,Monday,Normal Weekday,metro_train,391150
2022,5,Monday,Normal Weekday,regional_bus,37000
2022,5,Monday,Normal Weekday,regional_train,33250
2022,5,Monday,Normal Weekday,metro_tram,309700
2022,5,Saturday,Weekend,metro_bus,149250
2022,5,Saturday,Weekend,metro_train,338050
2022,5,Saturday,Weekend,regional_bus,14050
2022,5,Saturday,Weekend,regional_train,22700
2022,5,Saturday,Weekend,metro_tram,316500
2022,5,Sunday,Weekend,metro_bus,116250
2022,5,Sunday,Weekend,metro_train,220300
2022,5,Sunday,Weekend,regional_bus,8300
2022,5,Sunday,Weekend,regional_train,15750
2022,5,Sunday,Weekend,metro_tram,234100
2022,5,Thursday,Normal Weekday,metro_bus,313650
2022,5,Thursday,Normal Weekday,metro_train,465650
2022,5,Thursday,Normal Weekday,regional_bus,38950
2022,5,Thursday,Normal Weekday,regional_train,36550
2022,5,Thursday,Normal Weekday,metro_tram,368550
2022,5,Tuesday,Normal Weekday,metro_bus,309700
2022,5,Tuesday,Normal Weekday,metro_train,459800
2022,5,Tuesday,Normal Weekday,regional_bus,38700
2022,5,Tuesday,Normal Weekday,regional_train,36950
2022,5,Tuesday,Normal Weekday,metro_tram,353200
2022,5,Wednesday,Normal Weekday,metro_bus,316250
2022,5,Wednesday,Normal Weekday,metro_train,465200
2022,5,Wednesday,Normal Weekday,regional_bus,39050
2022,5,Wednesday,Normal Weekday,regional_train,37600
2022,5,Wednesday,Normal Weekday,metro_tram,370350
2022,6,Friday,Normal Weekday,metro_bus,276700
2022,6,Friday,Normal Weekday,metro_train,453750
2022,6,Friday,Normal Weekday,regional_bus,33200
2022,6,Friday,Normal Weekday,regional_train,40500
2022,6,Friday,Normal Weekday,metro_tram,360450
2022,6,Monday,Normal Weekday,metro_bus,271550
2022,6,Monday,Normal Weekday,metro_train,371850
2022,6,Monday,Normal Weekday,regional_bus,32350
2022,6,Monday,Normal Weekday,regional_train,33550
2022,6,Monday,Normal Weekday,metro_tram,303900
2022,6,Monday,School Holiday Weekday,metro_bus,231700
2022,6,Monday,School Holiday Weekday,metro_train,353500
2022,6,Monday,School Holiday Weekday,regional_bus,24650
2022,6,Monday,School Holiday Weekday,regional_train,32000
2022,6,Monday,School Holiday Weekday,metro_tram,316350
2022,6,Saturday,Weekend,metro_bus,154800
2022,6,Saturday,Weekend,metro_train,302600
2022,6,Saturday,Weekend,regional_bus,13800
2022,6,Saturday,Weekend,regional_train,25300
2022,6,Saturday,Weekend,metro_tram,318150
2022,6,Sunday,Weekend,metro_bus,112150
2022,6,Sunday,Weekend,metro_train,197750
2022,6,Sunday,Weekend,regional_bus,7750
2022,6,Sunday,Weekend,regional_train,18050
2022,6,Sunday,Weekend,metro_tram,218200
2022,6,Thursday,Normal Weekday,metro_bus,293250
2022,6,Thursday,Normal Weekday,metro_train,461300
2022,6,Thursday,Normal Weekday,regional_bus,36250
2022,6,Thursday,Normal Weekday,regional_train,38150
2022,6,Thursday,Normal Weekday,metro_tram,354000
2022,6,Thursday,School Holiday Weekday,metro_bus,261650
2022,6,Thursday,School Holiday Weekday,metro_train,447650
2022,6,Thursday,School Holiday Weekday,regional_bus,27800
2022,6,Thursday,School Holiday Weekday,regional_train,40250
2022,6,Thursday,School Holiday Weekday,metro_tram,381650
2022,6,Tuesday,Normal Weekday,metro_bus,280750
2022,6,Tuesday,Normal Weekday,metro_train,420400
2022,6,Tuesday,Normal Weekday,regional_bus,33300
2022,6,Tuesday,Normal Weekday,regional_train,36750
2022,6,Tuesday,Normal Weekday,metro_tram,335950
2022,6,Tuesday,School Holiday Weekday,metro_bus,256750
2022,6,Tuesday,School Holiday Weekday,metro_train,421150
2022,6,Tuesday,School Holiday Weekday,regional_bus,26000
2022,6,Tuesday,School Holiday Weekday,regional_train,37750
2022,6,Tuesday,School Holiday Weekday,metro_tram,353950
2022,6,Wednesday,Normal Weekday,metro_bus,276250
2022,6,Wednesday,Normal Weekday,metro_train,425950
2022,6,Wednesday,Normal Weekday,regional_bus,33550
2022,6,Wednesday,Normal Weekday,regional_train,36700
2022,6,Wednesday,Normal Weekday,metro_tram,337800
2022,6,Wednesday,School Holiday Weekday,metro_bus,256900
2022,6,Wednesday,School Holiday Weekday,metro_train,434450
2022,6,Wednesday,School Holiday Weekday,regional_bus,26200
2022,6,Wednesday,School Holiday Weekday,regional_train,38750
2022,6,Wednesday,School Holiday Weekday,metro_tram,376450
2022,7,Friday,Normal Weekday,metro_bus,297500
2022,7,Friday,Normal Weekday,metro_train,438600
2022,7,Friday,Normal Weekday,regional_bus,36650
2022,7,Friday,Normal Weekday,regional_train,36750
2022,7,Friday,Normal Weekday,metro_tram,410250
2022,7,Friday,School Holiday Weekday,metro_bus,234800
2022,7,Friday,School Holiday Weekday,metro_train,400050
2022,7,Friday,School Holiday Weekday,regional_bus,24950
2022,7,Friday,School Holiday Weekday,regional_train,34300
2022,7,Friday,School Holiday Weekday,metro_tram,365550
2022,7,Monday,Normal Weekday,metro_bus,279850
2022,7,Monday,Normal Weekday,metro_train,367600
2022,7,Monday,Normal Weekday,regional_bus,33150
2022,7,Monday,Normal Weekday,regional_train,29900
2022,7,Monday,Normal Weekday,metro_tram,350900
2022,7,Monday,School Holiday Weekday,metro_bus,239550
2022,7,Monday,School Holiday Weekday,metro_train,370050
2022,7,Monday,School Holiday Weekday,regional_bus,25200
2022,7,Monday,School Holiday Weekday,regional_train,29100
2022,7,Monday,School Holiday Weekday,metro_tram,332350
2022,7,Saturday,Weekend,metro_bus,155850
2022,7,Saturday,Weekend,metro_train,301450
2022,7,Saturday,Weekend,regional_bus,15150
2022,7,Saturday,Weekend,regional_train,23900
2022,7,Saturday,Weekend,metro_tram,342900
2022,7,Sunday,Weekend,metro_bus,119450
2022,7,Sunday,Weekend,metro_train,234800
2022,7,Sunday,Weekend,regional_bus,9050
2022,7,Sunday,Weekend,regional_train,19050
2022,7,Sunday,Weekend,metro_tram,269450
2022,7,Thursday,Normal Weekday,metro_bus,308450
2022,7,Thursday,Normal Weekday,metro_train,430450
2022,7,Thursday,Normal Weekday,regional_bus,37850
2022,7,Thursday,Normal Weekday,regional_train,34650
2022,7,Thursday,Normal Weekday,metro_tram,405400
2022,7,Thursday,School Holiday Weekday,metro_bus,261850
2022,7,Thursday,School Holiday Weekday,metro_train,422400
2022,7,Thursday,School Holiday Weekday,regional_bus,28050
2022,7,Thursday,School Holiday Weekday,regional_train,32700
2022,7,Thursday,School Holiday Weekday,metro_tram,375350
2022,7,Tuesday,Normal Weekday,metro_bus,297600
2022,7,Tuesday,Normal Weekday,metro_train,439700
2022,7,Tuesday,Normal Weekday,regional_bus,36450
2022,7,Tuesday,Normal Weekday,regional_train,34900
2022,7,Tuesday,Normal Weekday,metro_tram,388600
2022,7,Tuesday,School Holiday Weekday,metro_bus,258450
2022,7,Tuesday,School Holiday Weekday,metro_train,414250
2022,7,Tuesday,School Holiday Weekday,regional_bus,27100
2022,7,Tuesday,School Holiday Weekday,regional_train,31000
2022,7,Tuesday,School Holiday Weekday,metro_tram,371900
2022,7,Wednesday,Normal Weekday,metro_bus,303200
2022,7,Wednesday,Normal Weekday,metro_train,431550
2022,7,Wednesday,Normal Weekday,regional_bus,36650
2022,7,Wednesday,Normal Weekday,regional_train,34150
2022,7,Wednesday,Normal Weekday,metro_tram,400300
2022,7,Wednesday,School Holiday Weekday,metro_bus,267450
2022,7,Wednesday,School Holiday Weekday,metro_train,435750
2022,7,Wednesday,School Holiday Weekday,regional_bus,27500
2022,7,Wednesday,School Holiday Weekday,regional_train,32850
2022,7,Wednesday,School Holiday Weekday,metro_tram,390550
2022,8,Friday,Normal Weekday,metro_bus,306550
2022,8,Friday,Normal Weekday,metro_train,460200
2022,8,Friday,Normal Weekday,regional_bus,34100
2022,8,Friday,Normal Weekday,regional_train,37800
2022,8,Friday,Normal Weekday,metro_tram,436450
2022,8,Monday,Normal Weekday,metro_bus,293200
2022,8,Monday,Normal Weekday,metro_train,395100
2022,8,Monday,Normal Weekday,regional_bus,33000
2022,8,Monday,Normal Weekday,regional_train,34100
2022,8,Monday,Normal Weekday,metro_tram,374500
2022,8,Saturday,Weekend,metro_bus,170450
2022,8,Saturday,Weekend,metro_train,296100
2022,8,Saturday,Weekend,regional_bus,15100
2022,8,Saturday,Weekend,regional_train,26600
2022,8,Saturday,Weekend,metro_tram,383300
2022,8,Sunday,Weekend,metro_bus,130600
2022,8,Sunday,Weekend,metro_train,247750
2022,8,Sunday,Weekend,regional_bus,9250
2022,8,Sunday,Weekend,regional_train,19850
2022,8,Sunday,Weekend,metro_tram,299150
2022,8,Thursday,Normal Weekday,metro_bus,316400
2022,8,Thursday,Normal Weekday,metro_train,464600
2022,8,Thursday,Normal Weekday,regional_bus,35950
2022,8,Thursday,Normal Weekday,regional_train,37650
2022,8,Thursday,Normal Weekday,metro_tram,432500
2022,8,Tuesday,Normal Weekday,metro_bus,314050
2022,8,Tuesday,Normal Weekday,metro_train,456000
2022,8,Tuesday,Normal Weekday,regional_bus,34800
2022,8,Tuesday,Normal Weekday,regional_train,37500
2022,8,Tuesday,Normal Weekday,metro_tram,420800
2022,8,Wednesday,Normal Weekday,metro_bus,321250
2022,8,Wednesday,Normal Weekday,metro_train,468400
2022,8,Wednesday,Normal Weekday,regional_bus,36150
2022,8,Wednesday,Normal Weekday,regional_train,38550
2022,8,Wednesday,Normal Weekday,metro_tram,435800
2022,9,Friday,Normal Weekday,metro_bus,304800
2022,9,Friday,Normal Weekday,metro_train,510450
2022,9,Friday,Normal Weekday,regional_bus,33700
2022,9,Friday,Normal Weekday,regional_train,40350
2022,9,Friday,Normal Weekday,metro_tram,456250
2022,9,Friday,School Holiday Weekday,metro_bus,287900
2022,9,Friday,School Holiday Weekday,metro_train,467400
2022,9,Friday,School Holiday Weekday,regional_bus,29150
2022,9,Friday,School Holiday Weekday,regional_train,41100
2022,9,Friday,School Holiday Weekday,metro_tram,439250
2022,9,Monday,Normal Weekday,metro_bus,299000
2022,9,Monday,Normal Weekday,metro_train,415750
2022,9,Monday,Normal Weekday,regional_bus,34550
2022,9,Monday,Normal Weekday,regional_train,35850
2022,9,Monday,Normal Weekday,metro_tram,395950
2022,9,Monday,School Holiday Weekday,metro_bus,263500
2022,9,Monday,School Holiday Weekday,metro_train,407800
2022,9,Monday,School Holiday Weekday,regional_bus,25850
2022,9,Monday,School Holiday Weekday,regional_train,36600
2022,9,Monday,School Holiday Weekday,metro_tram,383600
2022,9,Saturday,Weekend,metro_bus,171300
2022,9,Saturday,Weekend,metro_train,333100
2022,9,Saturday,Weekend,regional_bus,14850
2022,9,Saturday,Weekend,regional_train,28300
2022,9,Saturday,Weekend,metro_tram,357350
2022,9,Sunday,Weekend,metro_bus,117600
2022,9,Sunday,Weekend,metro_train,201750
2022,9,Sunday,Weekend,regional_bus,8700
2022,9,Sunday,Weekend,regional_train,17700
2022,9,Sunday,Weekend,metro_tram,259000
2022,9,Thursday,Normal Weekday,metro_bus,322250
2022,9,Thursday,Normal Weekday,metro_train,489450
2022,9,Thursday,Normal Weekday,regional_bus,35050
2022,9,Thursday,Normal Weekday,regional_train,39250
2022,9,Thursday,Normal Weekday,metro_tram,458950
2022,9,Thursday,School Holiday Weekday,metro_bus,298300
2022,9,Thursday,School Holiday Weekday,metro_train,511550
2022,9,Thursday,School Holiday Weekday,regional_bus,29950
2022,9,Thursday,School Holiday Weekday,regional_train,44900
2022,9,Thursday,School Holiday Weekday,metro_tram,448400
2022,9,Tuesday,Normal Weekday,metro_bus,323300
2022,9,Tuesday,Normal Weekday,metro_train,486950
2022,9,Tuesday,Normal Weekday,regional_bus,35800
2022,9,Tuesday,Normal Weekday,regional_train,40450
2022,9,Tuesday,Normal Weekday,metro_tram,441000
2022,9,Tuesday,School Holiday Weekday,metro_bus,284500
2022,9,Tuesday,School Holiday Weekday,metro_train,476300
2022,9,Tuesday,School Holiday Weekday,regional_bus,27600
2022,9,Tuesday,School Holiday Weekday,regional_train,43050
2022,9,Tuesday,School Holiday Weekday,metro_tram,429400
2022,9,Wednesday,Normal Weekday,metro_bus,328550
2022,9,Wednesday,Normal Weekday,metro_train,496800
2022,9,Wednesday,Normal Weekday,regional_bus,36300
2022,9,Wednesday,Normal Weekday,regional_train,41700
2022,9,Wednesday,Normal Weekday,metro_tram,456900
2022,9,Wednesday,School Holiday Weekday,metro_bus,290000
2022,9,Wednesday,School Holiday Weekday,metro_train,492950
2022,9,Wednesday,School Holiday Weekday,regional_bus,27850
2022,9,Wednesday,School Holiday Weekday,regional_train,46450
2022,9,Wednesday,School Holiday Weekday,metro_tram,450250
2022,10,Friday,Normal Weekday,metro_bus,296500
2022,10,Friday,Normal Weekday,metro_train,452900
2022,10,Friday,Normal Weekday,regional_bus,33100
2022,10,Friday,Normal Weekday,regional_train,38850
2022,10,Friday,Normal Weekday,metro_tram,432200
2022,10,Monday,Normal Weekday,metro_bus,296250
2022,10,Monday,Normal Weekday,metro_train,400650
2022,10,Monday,Normal Weekday,regional_bus,32650
2022,10,Monday,Normal Weekday,regional_train,33350
2022,10,Monday,Normal Weekday,metro_tram,387450
2022,10,Saturday,Weekend,metro_bus,176650
2022,10,Saturday,Weekend,metro_train,297950
2022,10,Saturday,Weekend,regional_bus,15650
2022,10,Saturday,Weekend,regional_train,26950
2022,10,Saturday,Weekend,metro_tram,348650
2022,10,Sunday,Weekend,metro_bus,150900
2022,10,Sunday,Weekend,metro_train,220700
2022,10,Sunday,Weekend,regional_bus,9550
2022,10,Sunday,Weekend,regional_train,19250
2022,10,Sunday,Weekend,metro_tram,264450
2022,10,Thursday,Normal Weekday,metro_bus,309100
2022,10,Thursday,Normal Weekday,metro_train,471350
2022,10,Thursday,Normal Weekday,regional_bus,33850
2022,10,Thursday,Normal Weekday,regional_train,40750
2022,10,Thursday,Normal Weekday,metro_tram,439200
2022,10,Tuesday,Normal Weekday,metro_bus,333350
2022,10,Tuesday,Normal Weekday,metro_train,502900
2022,10,Tuesday,Normal Weekday,regional_bus,37000
2022,10,Tuesday,Normal Weekday,regional_train,42650
2022,10,Tuesday,Normal Weekday,metro_tram,450150
2022,10,Wednesday,Normal Weekday,metro_bus,320450
2022,10,Wednesday,Normal Weekday,metro_train,497400
2022,10,Wednesday,Normal Weekday,regional_bus,33200
2022,10,Wednesday,Normal Weekday,regional_train,42700
2022,10,Wednesday,Normal Weekday,metro_tram,447800
2022,11,Friday,Normal Weekday,metro_bus,335600
2022,11,Friday,Normal Weekday,metro_train,479900
2022,11,Friday,Normal Weekday,regional_bus,36850
2022,11,Friday,Normal Weekday,regional_train,40150
2022,11,Friday,Normal Weekday,metro_tram,479000
2022,11,Monday,Normal Weekday,metro_bus,302000
2022,11,Monday,Normal Weekday,metro_train,409650
2022,11,Monday,Normal Weekday,regional_bus,33300
2022,11,Monday,Normal Weekday,regional_train,35600
2022,11,Monday,Normal Weekday,metro_tram,397800
2022,11,Saturday,Weekend,metro_bus,179550
2022,11,Saturday,Weekend,metro_train,326050
2022,11,Saturday,Weekend,regional_bus,17350
2022,11,Saturday,Weekend,regional_train,25350
2022,11,Saturday,Weekend,metro_tram,353050
2022,11,Sunday,Weekend,metro_bus,142800
2022,11,Sunday,Weekend,metro_train,237900
2022,11,Sunday,Weekend,regional_bus,9950
2022,11,Sunday,Weekend,regional_train,19150
2022,11,Sunday,Weekend,metro_tram,255200
2022,11,Thursday,Normal Weekday,metro_bus,340550
2022,11,Thursday,Normal Weekday,metro_train,506750
2022,11,Thursday,Normal Weekday,regional_bus,36950
2022,11,Thursday,Normal Weekday,regional_train,41900
2022,11,Thursday,Normal Weekday,metro_tram,470400
2022,11,Tuesday,Normal Weekday,metro_bus,332100
2022,11,Tuesday,Normal Weekday,metro_train,491900
2022,11,Tuesday,Normal Weekday,regional_bus,35950
2022,11,Tuesday,Normal Weekday,regional_train,41450
2022,11,Tuesday,Normal Weekday,metro_tram,451350
2022,11,Wednesday,Normal Weekday,metro_bus,335050
2022,11,Wednesday,Normal Weekday,metro_train,489650
2022,11,Wednesday,Normal Weekday,regional_bus,35950
2022,11,Wednesday,Normal Weekday,regional_train,40950
2022,11,Wednesday,Normal Weekday,metro_tram,462250
2022,12,Friday,Normal Weekday,metro_bus,334350
2022,12,Friday,Normal Weekday,metro_train,499350
2022,12,Friday,Normal Weekday,regional_bus,34000
2022,12,Friday,Normal Weekday,regional_train,43650
2022,12,Friday,Normal Weekday,metro_tram,462500
2022,12,Friday,School Holiday Weekday,metro_bus,232800
2022,12,Friday,School Holiday Weekday,metro_train,323650
2022,12,Friday,School Holiday Weekday,regional_bus,24650
2022,12,Friday,School Holiday Weekday,regional_train,31400
2022,12,Friday,School Holiday Weekday,metro_tram,362800
2022,12,Monday,Normal Weekday,metro_bus,290250
2022,12,Monday,Normal Weekday,metro_train,393950
2022,12,Monday,Normal Weekday,regional_bus,29350
2022,12,Monday,Normal Weekday,regional_train,35700
2022,12,Monday,Normal Weekday,metro_tram,378600
2022,12,Saturday,Weekend,metro_bus,172500
2022,12,Saturday,Weekend,metro_train,286000
2022,12,Saturday,Weekend,regional_bus,18300
2022,12,Saturday,Weekend,regional_train,23750
2022,12,Saturday,Weekend,metro_tram,302500
2022,12,Sunday,Weekend,metro_bus,132750
2022,12,Sunday,Weekend,metro_train,213650
2022,12,Sunday,Weekend,regional_bus,10800
2022,12,Sunday,Weekend,regional_train,17000
2022,12,Sunday,Weekend,metro_tram,248700
2022,12,Thursday,Normal Weekday,metro_bus,334850
2022,12,Thursday,Normal Weekday,metro_train,500250
2022,12,Thursday,Normal Weekday,regional_bus,34050
2022,12,Thursday,Normal Weekday,regional_train,43500
2022,12,Thursday,Normal Weekday,metro_tram,446500
2022,12,Thursday,School Holiday Weekday,metro_bus,238750
2022,12,Thursday,School Holiday Weekday,metro_train,346300
2022,12,Thursday,School Holiday Weekday,regional_bus,25400
2022,12,Thursday,School Holiday Weekday,regional_train,34550
2022,12,Thursday,School Holiday Weekday,metro_tram,375450
2022,12,Tuesday,Normal Weekday,metro_bus,317800
2022,12,Tuesday,Normal Weekday,metro_train,471950
2022,12,Tuesday,Normal Weekday,regional_bus,31450
2022,12,Tuesday,Normal Weekday,regional_train,41750
2022,12,Tuesday,Normal Weekday,metro_tram,425550
2022,12,Wednesday,Normal Weekday,metro_bus,322950
2022,12,Wednesday,Normal Weekday,metro_train,494450
2022,12,Wednesday,Normal Weekday,regional_bus,32000
2022,12,Wednesday,Normal Weekday,regional_train,44000
2022,12,Wednesday,Normal Weekday,metro_tram,424500
2022,12,Wednesday,School Holiday Weekday,metro_bus,239350
2022,12,Wednesday,School Holiday Weekday,metro_train,360000
2022,12,Wednesday,School Holiday Weekday,regional_bus,24800
2022,12,Wednesday,School Holiday Weekday,regional_train,35500
2022,12,Wednesday,School Holiday Weekday,metro_tram,368000
2023,1,Friday,School Holiday Weekday,metro_bus,273300
2023,1,Friday,School Holiday Weekday,metro_train,339700
2023,1,Friday,School Holiday Weekday,regional_bus,29600
2023,1,Friday,School Holiday Weekday,regional_train,33950
2023,1,Friday,School Holiday Weekday,metro_tram,452650
2023,1,Monday,Normal Weekday,metro_bus,311450
2023,1,Monday,Normal Weekday,metro_train,404550
2023,1,Monday,Normal Weekday,regional_bus,33300
2023,1,Monday,Normal Weekday,regional_train,35900
2023,1,Monday,Normal Weekday,metro_tram,416400
2023,1,Monday,School Holiday Weekday,metro_bus,275400
2023,1,Monday,School Holiday Weekday,metro_train,350500
2023,1,Monday,School Holiday Weekday,regional_bus,28300
2023,1,Monday,School Holiday Weekday,regional_train,34550
2023,1,Monday,School Holiday Weekday,metro_tram,430000
2023,1,Saturday,Weekend,metro_bus,164950
2023,1,Saturday,Weekend,metro_train,253950
2023,1,Saturday,Weekend,regional_bus,17550
2023,1,Saturday,Weekend,regional_train,21500
2023,1,Saturday,Weekend,metro_tram,358500
2023,1,Sunday,Weekend,metro_bus,129100
2023,1,Sunday,Weekend,metro_train,205450
2023,1,Sunday,Weekend,regional_bus,10400
2023,1,Sunday,Weekend,regional_train,17200
2023,1,Sunday,Weekend,metro_tram,287100
2023,1,Thursday,School Holiday Weekday,metro_bus,283850
2023,1,Thursday,School Holiday Weekday,metro_train,347900
2023,1,Thursday,School Holiday Weekday,regional_bus,28700
2023,1,Thursday,School Holiday Weekday,regional_train,36000
2023,1,Thursday,School Holiday Weekday,metro_tram,471300
2023,1,Tuesday,Normal Weekday,metro_bus,346650
2023,1,Tuesday,Normal Weekday,metro_train,485050
2023,1,Tuesday,Normal Weekday,regional_bus,38350
2023,1,Tuesday,Normal Weekday,regional_train,41100
2023,1,Tuesday,Normal Weekday,metro_tram,473800
2023,1,Tuesday,School Holiday Weekday,metro_bus,269700
2023,1,Tuesday,School Holiday Weekday,metro_train,359900
2023,1,Tuesday,School Holiday Weekday,regional_bus,26950
2023,1,Tuesday,School Holiday Weekday,regional_train,37000
2023,1,Tuesday,School Holiday Weekday,metro_tram,440750
2023,1,Wednesday,School Holiday Weekday,metro_bus,273650
2023,1,Wednesday,School Holiday Weekday,metro_train,360650
2023,1,Wednesday,School Holiday Weekday,regional_bus,28400
2023,1,Wednesday,School Holiday Weekday,regional_train,37150
2023,1,Wednesday,School Holiday Weekday,metro_tram,464400
2023,2,Friday,Normal Weekday,metro_bus,330350
2023,2,Friday,Normal Weekday,metro_train,471350
2023,2,Friday,Normal Weekday,regional_bus,38550
2023,2,Friday,Normal Weekday,regional_train,42300
2023,2,Friday,Normal Weekday,metro_tram,481750
2023,2,Monday,Normal Weekday,metro_bus,361200
2023,2,Monday,Normal Weekday,metro_train,473150
2023,2,Monday,Normal Weekday,regional_bus,40850
2023,2,Monday,Normal Weekday,regional_train,41250
2023,2,Monday,Normal Weekday,metro_tram,467850
2023,2,Saturday,Weekend,metro_bus,201000
2023,2,Saturday,Weekend,metro_train,286150
2023,2,Saturday,Weekend,regional_bus,18000
2023,2,Saturday,Weekend,regional_train,23350
2023,2,Saturday,Weekend,metro_tram,420400
2023,2,Sunday,Weekend,metro_bus,151350
2023,2,Sunday,Weekend,metro_train,207400
2023,2,Sunday,Weekend,regional_bus,10800
2023,2,Sunday,Weekend,regional_train,16200
2023,2,Sunday,Weekend,metro_tram,327350
2023,2,Thursday,Normal Weekday,metro_bus,353450
2023,2,Thursday,Normal Weekday,metro_train,516150
2023,2,Thursday,Normal Weekday,regional_bus,39950
2023,2,Thursday,Normal Weekday,regional_train,45850
2023,2,Thursday,Normal Weekday,metro_tram,493500
2023,2,Tuesday,Normal Weekday,metro_bus,383900
2023,2,Tuesday,Normal Weekday,metro_train,566500
2023,2,Tuesday,Normal Weekday,regional_bus,42150
2023,2,Tuesday,Normal Weekday,regional_train,48650
2023,2,Tuesday,Normal Weekday,metro_tram,521150
2023,2,Wednesday,Normal Weekday,metro_bus,370800
2023,2,Wednesday,Normal Weekday,metro_train,534450
2023,2,Wednesday,Normal Weekday,regional_bus,41550
2023,2,Wednesday,Normal Weekday,regional_train,46650
2023,2,Wednesday,Normal Weekday,metro_tram,511650
2023,3,Friday,Normal Weekday,metro_bus,382700
2023,3,Friday,Normal Weekday,metro_train,595050
2023,3,Friday,Normal Weekday,regional_bus,40350
2023,3,Friday,Normal Weekday,regional_train,51550
2023,3,Friday,Normal Weekday,metro_tram,537150
2023,3,Monday,Normal Weekday,metro_bus,373150
2023,3,Monday,Normal Weekday,metro_train,506250
2023,3,Monday,Normal Weekday,regional_bus,40450
2023,3,Monday,Normal Weekday,regional_train,44100
2023,3,Monday,Normal Weekday,metro_tram,483550
2023,3,Saturday,Weekend,metro_bus,201750
2023,3,Saturday,Weekend,metro_train,339400
2023,3,Saturday,Weekend,regional_bus,19800
2023,3,Saturday,Weekend,regional_train,29200
2023,3,Saturday,Weekend,metro_tram,445950
2023,3,Sunday,Weekend,metro_bus,167650
2023,3,Sunday,Weekend,metro_train,268800
2023,3,Sunday,Weekend,regional_bus,12300
2023,3,Sunday,Weekend,regional_train,21350
2023,3,Sunday,Weekend,metro_tram,334000
2023,3,Thursday,Normal Weekday,metro_bus,403250
2023,3,Thursday,Normal Weekday,metro_train,638600
2023,3,Thursday,Normal Weekday,regional_bus,42400
2023,3,Thursday,Normal Weekday,regional_train,53400
2023,3,Thursday,Normal Weekday,metro_tram,558500
2023,3,Tuesday,Normal Weekday,metro_bus,398050
2023,3,Tuesday,Normal Weekday,metro_train,583600
2023,3,Tuesday,Normal Weekday,regional_bus,43100
2023,3,Tuesday,Normal Weekday,regional_train,51450
2023,3,Tuesday,Normal Weekday,metro_tram,535200
2023,3,Wednesday,Normal Weekday,metro_bus,403050
2023,3,Wednesday,Normal Weekday,metro_train,593650
2023,3,Wednesday,Normal Weekday,regional_bus,42150
2023,3,Wednesday,Normal Weekday,regional_train,52000
2023,3,Wednesday,Normal Weekday,metro_tram,554100
2023,4,Friday,Normal Weekday,metro_bus,386000
2023,4,Friday,Normal Weekday,metro_train,533000
2023,4,Friday,Normal Weekday,regional_bus,41850
2023,4,Friday,Normal Weekday,regional_train,42400
2023,4,Friday,Normal Weekday,metro_tram,453900
2023,4,Friday,School Holiday Weekday,metro_bus,332600
2023,4,Friday,School Holiday Weekday,metro_train,486050
2023,4,Friday,School Holiday Weekday,regional_bus,32600
2023,4,Friday,School Holiday Weekday,regional_train,24800
2023,4,Friday,School Holiday Weekday,metro_tram,476300
2023,4,Monday,Normal Weekday,metro_bus,356850
2023,4,Monday,Normal Weekday,metro_train,499650
2023,4,Monday,Normal Weekday,regional_bus,37500
2023,4,Monday,Normal Weekday,regional_train,40600
2023,4,Monday,Normal Weekday,metro_tram,458100
2023,4,Monday,School Holiday Weekday,metro_bus,332850
2023,4,Monday,School Holiday Weekday,metro_train,474300
2023,4,Monday,School Holiday Weekday,regional_bus,30600
2023,4,Monday,School Holiday Weekday,regional_train,23050
2023,4,Monday,School Holiday Weekday,metro_tram,423250
2023,4,Saturday,Weekend,metro_bus,193700
2023,4,Saturday,Weekend,metro_train,330500
2023,4,Saturday,Weekend,regional_bus,21900
2023,4,Saturday,Weekend,regional_train,25500
2023,4,Saturday,Weekend,metro_tram,409100
2023,4,Sunday,Weekend,metro_bus,157700
2023,4,Sunday,Weekend,metro_train,262500
2023,4,Sunday,Weekend,regional_bus,13800
2023,4,Sunday,Weekend,regional_train,20000
2023,4,Sunday,Weekend,metro_tram,314700
2023,4,Thursday,Normal Weekday,metro_bus,391600
2023,4,Thursday,Normal Weekday,metro_train,564250
2023,4,Thursday,Normal Weekday,regional_bus,41350
2023,4,Thursday,Normal Weekday,regional_train,44950
2023,4,Thursday,Normal Weekday,metro_tram,495000
2023,4,Thursday,School Holiday Weekday,metro_bus,347600
2023,4,Thursday,School Holiday Weekday,metro_train,537400
2023,4,Thursday,School Holiday Weekday,regional_bus,32600
2023,4,Thursday,School Holiday Weekday,regional_train,24350
2023,4,Thursday,School Holiday Weekday,metro_tram,490050
2023,4,Tuesday,Normal Weekday,metro_bus,402800
2023,4,Tuesday,Normal Weekday,metro_train,587000
2023,4,Tuesday,Normal Weekday,regional_bus,43300
2023,4,Tuesday,Normal Weekday,regional_train,54350
2023,4,Tuesday,Normal Weekday,metro_tram,511850
2023,4,Tuesday,School Holiday Weekday,metro_bus,338950
2023,4,Tuesday,School Holiday Weekday,metro_train,516250
2023,4,Tuesday,School Holiday Weekday,regional_bus,31700
2023,4,Tuesday,School Holiday Weekday,regional_train,25900
2023,4,Tuesday,School Holiday Weekday,metro_tram,463700
2023,4,Wednesday,Normal Weekday,metro_bus,405300
2023,4,Wednesday,Normal Weekday,metro_train,573200
2023,4,Wednesday,Normal Weekday,regional_bus,42750
2023,4,Wednesday,Normal Weekday,regional_train,47350
2023,4,Wednesday,Normal Weekday,metro_tram,506800
2023,4,Wednesday,School Holiday Weekday,metro_bus,330000
2023,4,Wednesday,School Holiday Weekday,metro_train,513750
2023,4,Wednesday,School Holiday Weekday,regional_bus,29900
2023,4,Wednesday,School Holiday Weekday,regional_train,25500
2023,4,Wednesday,School Holiday Weekday,metro_tram,466900
2023,5,Friday,Normal Weekday,metro_bus,361050
2023,5,Friday,Normal Weekday,metro_train,522700
2023,5,Friday,Normal Weekday,regional_bus,39300
2023,5,Friday,Normal Weekday,regional_train,48350
2023,5,Friday,Normal Weekday,metro_tram,440900
2023,5,Monday,Normal Weekday,metro_bus,359450
2023,5,Monday,Normal Weekday,metro_train,477500
2023,5,Monday,Normal Weekday,regional_bus,38500
2023,5,Monday,Normal Weekday,regional_train,41950
2023,5,Monday,Normal Weekday,metro_tram,393300
2023,5,Saturday,Weekend,metro_bus,181000
2023,5,Saturday,Weekend,metro_train,325150
2023,5,Saturday,Weekend,regional_bus,21900
2023,5,Saturday,Weekend,regional_train,31350
2023,5,Saturday,Weekend,metro_tram,406150
2023,5,Sunday,Weekend,metro_bus,136950
2023,5,Sunday,Weekend,metro_train,254650
2023,5,Sunday,Weekend,regional_bus,13200
2023,5,Sunday,Weekend,regional_train,25500
2023,5,Sunday,Weekend,metro_tram,298300
2023,5,Thursday,Normal Weekday,metro_bus,387800
2023,5,Thursday,Normal Weekday,metro_train,563950
2023,5,Thursday,Normal Weekday,regional_bus,40750
2023,5,Thursday,Normal Weekday,regional_train,48800
2023,5,Thursday,Normal Weekday,metro_tram,458150
2023,5,Tuesday,Normal Weekday,metro_bus,375650
2023,5,Tuesday,Normal Weekday,metro_train,552150
2023,5,Tuesday,Normal Weekday,regional_bus,39700
2023,5,Tuesday,Normal Weekday,regional_train,47650
2023,5,Tuesday,Normal Weekday,metro_tram,432500
2023,5,Wednesday,Normal Weekday,metro_bus,381200
2023,5,Wednesday,Normal Weekday,metro_train,553850
2023,5,Wednesday,Normal Weekday,regional_bus,39500
2023,5,Wednesday,Normal Weekday,regional_train,48350
2023,5,Wednesday,Normal Weekday,metro_tram,443500
2023,6,Friday,Normal Weekday,metro_bus,340300
2023,6,Friday,Normal Weekday,metro_train,482750
2023,6,Friday,Normal Weekday,regional_bus,37300
2023,6,Friday,Normal Weekday,regional_train,46250
2023,6,Friday,Normal Weekday,metro_tram,407050
2023,6,Friday,School Holiday Weekday,metro_bus,305700
2023,6,Friday,School Holiday Weekday,metro_train,408750
2023,6,Friday,School Holiday Weekday,regional_bus,31350
2023,6,Friday,School Holiday Weekday,regional_train,56900
2023,6,Friday,School Holiday Weekday,metro_tram,414500
2023,6,Monday,Normal Weekday,metro_bus,325100
2023,6,Monday,Normal Weekday,metro_train,445000
2023,6,Monday,Normal Weekday,regional_bus,36300
2023,6,Monday,Normal Weekday,regional_train,41150
2023,6,Monday,Normal Weekday,metro_tram,352100
2023,6,Monday,School Holiday Weekday,metro_bus,302500
2023,6,Monday,School Holiday Weekday,metro_train,367500
2023,6,Monday,School Holiday Weekday,regional_bus,29250
2023,6,Monday,School Holiday Weekday,regional_train,47250
2023,6,Monday,School Holiday Weekday,metro_tram,356850
2023,6,Saturday,Weekend,metro_bus,186250
2023,6,Saturday,Weekend,metro_train,285800
2023,6,Saturday,Weekend,regional_bus,21500
2023,6,Saturday,Weekend,regional_train,27400
2023,6,Saturday,Weekend,metro_tram,412900
2023,6,Sunday,Weekend,metro_bus,146800
2023,6,Sunday,Weekend,metro_train,236850
2023,6,Sunday,Weekend,regional_bus,12600
2023,6,Sunday,Weekend,regional_train,23400
2023,6,Sunday,Weekend,metro_tram,318450
2023,6,Thursday,Normal Weekday,metro_bus,358750
2023,6,Thursday,Normal Weekday,metro_train,525350
2023,6,Thursday,Normal Weekday,regional_bus,38500
2023,6,Thursday,Normal Weekday,regional_train,49450
2023,6,Thursday,Normal Weekday,metro_tram,415900
2023,6,Thursday,School Holiday Weekday,metro_bus,328350
2023,6,Thursday,School Holiday Weekday,metro_train,432750
2023,6,Thursday,School Holiday Weekday,regional_bus,32050
2023,6,Thursday,School Holiday Weekday,regional_train,56550
2023,6,Thursday,School Holiday Weekday,metro_tram,417500
2023,6,Tuesday,Normal Weekday,metro_bus,359600
2023,6,Tuesday,Normal Weekday,metro_train,520050
2023,6,Tuesday,Normal Weekday,regional_bus,38450
2023,6,Tuesday,Normal Weekday,regional_train,48000
2023,6,Tuesday,Normal Weekday,metro_tram,402700
2023,6,Tuesday,School Holiday Weekday,metro_bus,329100
2023,6,Tuesday,School Holiday Weekday,metro_train,430250
2023,6,Tuesday,School Holiday Weekday,regional_bus,31450
2023,6,Tuesday,School Holiday Weekday,regional_train,55050
2023,6,Tuesday,School Holiday Weekday,metro_tram,400100
2023,6,Wednesday,Normal Weekday,metro_bus,359150
2023,6,Wednesday,Normal Weekday,metro_train,527200
2023,6,Wednesday,Normal Weekday,regional_bus,36900
2023,6,Wednesday,Normal Weekday,regional_train,48800
2023,6,Wednesday,Normal Weekday,metro_tram,406950
2023,6,Wednesday,School Holiday Weekday,metro_bus,307350
2023,6,Wednesday,School Holiday Weekday,metro_train,411550
2023,6,Wednesday,School Holiday Weekday,regional_bus,30700
2023,6,Wednesday,School Holiday Weekday,regional_train,55350
2023,6,Wednesday,School Holiday Weekday,metro_tram,395900
2023,7,Friday,Normal Weekday,metro_bus,360700
2023,7,Friday,Normal Weekday,metro_train,542600
2023,7,Friday,Normal Weekday,regional_bus,41600
2023,7,Friday,Normal Weekday,regional_train,55700
2023,7,Friday,Normal Weekday,metro_tram,443250
2023,7,Friday,School Holiday Weekday,metro_bus,314800
2023,7,Friday,School Holiday Weekday,metro_train,421550
2023,7,Friday,School Holiday Weekday,regional_bus,33400
2023,7,Friday,School Holiday Weekday,regional_train,63350
2023,7,Friday,School Holiday Weekday,metro_tram,384150
2023,7,Monday,Normal Weekday,metro_bus,356450
2023,7,Monday,Normal Weekday,metro_train,479900
2023,7,Monday,Normal Weekday,regional_bus,39850
2023,7,Monday,Normal Weekday,regional_train,43800
2023,7,Monday,Normal Weekday,metro_tram,389350
2023,7,Monday,School Holiday Weekday,metro_bus,304600
2023,7,Monday,School Holiday Weekday,metro_train,375000
2023,7,Monday,School Holiday Weekday,regional_bus,29950
2023,7,Monday,School Holiday Weekday,regional_train,51900
2023,7,Monday,School Holiday Weekday,metro_tram,356650
2023,7,Saturday,Weekend,metro_bus,196100
2023,7,Saturday,Weekend,metro_train,328350
2023,7,Saturday,Weekend,regional_bus,20600
2023,7,Saturday,Weekend,regional_train,35550
2023,7,Saturday,Weekend,metro_tram,421350
2023,7,Sunday,Weekend,metro_bus,148500
2023,7,Sunday,Weekend,metro_train,222750
2023,7,Sunday,Weekend,regional_bus,12950
2023,7,Sunday,Weekend,regional_train,27850
2023,7,Sunday,Weekend,metro_tram,310050
2023,7,Thursday,Normal Weekday,metro_bus,374900
2023,7,Thursday,Normal Weekday,metro_train,543300
2023,7,Thursday,Normal Weekday,regional_bus,42600
2023,7,Thursday,Normal Weekday,regional_train,53250
2023,7,Thursday,Normal Weekday,metro_tram,430450
2023,7,Thursday,School Holiday Weekday,metro_bus,335200
2023,7,Thursday,School Holiday Weekday,metro_train,480150
2023,7,Thursday,School Holiday Weekday,regional_bus,33850
2023,7,Thursday,School Holiday Weekday,regional_train,63450
2023,7,Thursday,School Holiday Weekday,metro_tram,411950
2023,7,Tuesday,Normal Weekday,metro_bus,374650
2023,7,Tuesday,Normal Weekday,metro_train,538800
2023,7,Tuesday,Normal Weekday,regional_bus,42800
2023,7,Tuesday,Normal Weekday,regional_train,52900
2023,7,Tuesday,Normal Weekday,metro_tram,410900
2023,7,Tuesday,School Holiday Weekday,metro_bus,306250
2023,7,Tuesday,School Holiday Weekday,metro_train,425950
2023,7,Tuesday,School Holiday Weekday,regional_bus,28950
2023,7,Tuesday,School Holiday Weekday,regional_train,58850
2023,7,Tuesday,School Holiday Weekday,metro_tram,383350
2023,7,Wednesday,Normal Weekday,metro_bus,384700
2023,7,Wednesday,Normal Weekday,metro_train,550850
2023,7,Wednesday,Normal Weekday,regional_bus,43500
2023,7,Wednesday,Normal Weekday,regional_train,55100
2023,7,Wednesday,Normal Weekday,metro_tram,439000
2023,7,Wednesday,School Holiday Weekday,metro_bus,325250
2023,7,Wednesday,School Holiday Weekday,metro_train,448300
2023,7,Wednesday,School Holiday Weekday,regional_bus,32150
2023,7,Wednesday,School Holiday Weekday,regional_train,64150
2023,7,Wednesday,School Holiday Weekday,metro_tram,413800
2023,8,Friday,Normal Weekday,metro_bus,365900
2023,8,Friday,Normal Weekday,metro_train,561000
2023,8,Friday,Normal Weekday,regional_bus,38750
2023,8,Friday,Normal Weekday,regional_train,44500
2023,8,Friday,Normal Weekday,metro_tram,447250
2023,8,Monday,Normal Weekday,metro_bus,369400
2023,8,Monday,Normal Weekday,metro_train,502650
2023,8,Monday,Normal Weekday,regional_bus,39750
2023,8,Monday,Normal Weekday,regional_train,42100
2023,8,Monday,Normal Weekday,metro_tram,403750
2023,8,Saturday,Weekend,metro_bus,214800
2023,8,Saturday,Weekend,metro_train,374250
2023,8,Saturday,Weekend,regional_bus,21850
2023,8,Saturday,Weekend,regional_train,26750
2023,8,Saturday,Weekend,metro_tram,425750
2023,8,Sunday,Weekend,metro_bus,154150
2023,8,Sunday,Weekend,metro_train,259150
2023,8,Sunday,Weekend,regional_bus,13850
2023,8,Sunday,Weekend,regional_train,20550
2023,8,Sunday,Weekend,metro_tram,336450
2023,8,Thursday,Normal Weekday,metro_bus,393950
2023,8,Thursday,Normal Weekday,metro_train,589250
2023,8,Thursday,Normal Weekday,regional_bus,41250
2023,8,Thursday,Normal Weekday,regional_train,45000
2023,8,Thursday,Normal Weekday,metro_tram,459800
2023,8,Tuesday,Normal Weekday,metro_bus,389100
2023,8,Tuesday,Normal Weekday,metro_train,582300
2023,8,Tuesday,Normal Weekday,regional_bus,40700
2023,8,Tuesday,Normal Weekday,regional_train,45400
2023,8,Tuesday,Normal Weekday,metro_tram,446250
2023,8,Wednesday,Normal Weekday,metro_bus,394350
2023,8,Wednesday,Normal Weekday,metro_train,601750
2023,8,Wednesday,Normal Weekday,regional_bus,41850
2023,8,Wednesday,Normal Weekday,regional_train,45850
2023,8,Wednesday,Normal Weekday,metro_tram,459500
2023,9,Friday,Normal Weekday,metro_bus,346150
2023,9,Friday,Normal Weekday,metro_train,538950
2023,9,Friday,Normal Weekday,regional_bus,38700
2023,9,Friday,Normal Weekday,regional_train,49450
2023,9,Friday,Normal Weekday,metro_tram,408900
2023,9,Friday,School Holiday Weekday,metro_bus,358650
2023,9,Friday,School Holiday Weekday,metro_train,575250
2023,9,Friday,School Holiday Weekday,regional_bus,34300
2023,9,Friday,School Holiday Weekday,regional_train,57650
2023,9,Friday,School Holiday Weekday,metro_tram,464150
2023,9,Monday,Normal Weekday,metro_bus,368000
2023,9,Monday,Normal Weekday,metro_train,495900
2023,9,Monday,Normal Weekday,regional_bus,39050
2023,9,Monday,Normal Weekday,regional_train,45750
2023,9,Monday,Normal Weekday,metro_tram,373600
2023,9,Monday,School Holiday Weekday,metro_bus,348800
2023,9,Monday,School Holiday Weekday,metro_train,458700
2023,9,Monday,School Holiday Weekday,regional_bus,34800
2023,9,Monday,School Holiday Weekday,regional_train,48500
2023,9,Monday,School Holiday Weekday,metro_tram,410000
2023,9,Saturday,Weekend,metro_bus,206100
2023,9,Saturday,Weekend,metro_train,356150
2023,9,Saturday,Weekend,regional_bus,23800
2023,9,Saturday,Weekend,regional_train,31900
2023,9,Saturday,Weekend,metro_tram,395400
2023,9,Sunday,Weekend,metro_bus,147750
2023,9,Sunday,Weekend,metro_train,212800
2023,9,Sunday,Weekend,regional_bus,14750
2023,9,Sunday,Weekend,regional_train,21600
2023,9,Sunday,Weekend,metro_tram,309450
2023,9,Thursday,Normal Weekday,metro_bus,397650
2023,9,Thursday,Normal Weekday,metro_train,633450
2023,9,Thursday,Normal Weekday,regional_bus,43550
2023,9,Thursday,Normal Weekday,regional_train,56300
2023,9,Thursday,Normal Weekday,metro_tram,439500
2023,9,Thursday,School Holiday Weekday,metro_bus,378200
2023,9,Thursday,School Holiday Weekday,metro_train,583850
2023,9,Thursday,School Holiday Weekday,regional_bus,36950
2023,9,Thursday,School Holiday Weekday,regional_train,59950
2023,9,Thursday,School Holiday Weekday,metro_tram,475550
2023,9,Tuesday,Normal Weekday,metro_bus,392550
2023,9,Tuesday,Normal Weekday,metro_train,583900
2023,9,Tuesday,Normal Weekday,regional_bus,42400
2023,9,Tuesday,Normal Weekday,regional_train,53050
2023,9,Tuesday,Normal Weekday,metro_tram,420050
2023,9,Tuesday,School Holiday Weekday,metro_bus,374000
2023,9,Tuesday,School Holiday Weekday,metro_train,564150
2023,9,Tuesday,School Holiday Weekday,regional_bus,35800
2023,9,Tuesday,School Holiday Weekday,regional_train,57750
2023,9,Tuesday,School Holiday Weekday,metro_tram,447900
2023,9,Wednesday,Normal Weekday,metro_bus,404450
2023,9,Wednesday,Normal Weekday,metro_train,583000
2023,9,Wednesday,Normal Weekday,regional_bus,42850
2023,9,Wednesday,Normal Weekday,regional_train,54300
2023,9,Wednesday,Normal Weekday,metro_tram,432250
2023,9,Wednesday,School Holiday Weekday,metro_bus,368150
2023,9,Wednesday,School Holiday Weekday,metro_train,557000
2023,9,Wednesday,School Holiday Weekday,regional_bus,34000
2023,9,Wednesday,School Holiday Weekday,regional_train,58600
2023,9,Wednesday,School Holiday Weekday,metro_tram,454650
2023,10,Friday,Normal Weekday,metro_bus,388900
2023,10,Friday,Normal Weekday,metro_train,522800
2023,10,Friday,Normal Weekday,regional_bus,41700
2023,10,Friday,Normal Weekday,regional_train,53050
2023,10,Friday,Normal Weekday,metro_tram,446350
2023,10,Monday,Normal Weekday,metro_bus,373550
2023,10,Monday,Normal Weekday,metro_train,490300
2023,10,Monday,Normal Weekday,regional_bus,40550
2023,10,Monday,Normal Weekday,regional_train,48650
2023,10,Monday,Normal Weekday,metro_tram,390800
2023,10,Saturday,Weekend,metro_bus,206950
2023,10,Saturday,Weekend,metro_train,330350
2023,10,Saturday,Weekend,regional_bus,24600
2023,10,Saturday,Weekend,regional_train,35150
2023,10,Saturday,Weekend,metro_tram,399550
2023,10,Sunday,Weekend,metro_bus,137250
2023,10,Sunday,Weekend,metro_train,220000
2023,10,Sunday,Weekend,regional_bus,13400
2023,10,Sunday,Weekend,regional_train,24950
2023,10,Sunday,Weekend,metro_tram,271900
2023,10,Thursday,Normal Weekday,metro_bus,394450
2023,10,Thursday,Normal Weekday,metro_train,580900
2023,10,Thursday,Normal Weekday,regional_bus,41100
2023,10,Thursday,Normal Weekday,regional_train,57000
2023,10,Thursday,Normal Weekday,metro_tram,452700
2023,10,Tuesday,Normal Weekday,metro_bus,392450
2023,10,Tuesday,Normal Weekday,metro_train,570450
2023,10,Tuesday,Normal Weekday,regional_bus,40950
2023,10,Tuesday,Normal Weekday,regional_train,54500
2023,10,Tuesday,Normal Weekday,metro_tram,429350
2023,10,Wednesday,Normal Weekday,metro_bus,401400
2023,10,Wednesday,Normal Weekday,metro_train,583950
2023,10,Wednesday,Normal Weekday,regional_bus,40100
2023,10,Wednesday,Normal Weekday,regional_train,58300
2023,10,Wednesday,Normal Weekday,metro_tram,449700
2023,11,Friday,Normal Weekday,metro_bus,391050
2023,11,Friday,Normal Weekday,metro_train,518550
2023,11,Friday,Normal Weekday,regional_bus,41200
2023,11,Friday,Normal Weekday,regional_train,50900
2023,11,Friday,Normal Weekday,metro_tram,468150
2023,11,Monday,Normal Weekday,metro_bus,366950
2023,11,Monday,Normal Weekday,metro_train,472500
2023,11,Monday,Normal Weekday,regional_bus,38150
2023,11,Monday,Normal Weekday,regional_train,45650
2023,11,Monday,Normal Weekday,metro_tram,415900
2023,11,Saturday,Weekend,metro_bus,213300
2023,11,Saturday,Weekend,metro_train,325050
2023,11,Saturday,Weekend,regional_bus,21650
2023,11,Saturday,Weekend,regional_train,36700
2023,11,Saturday,Weekend,metro_tram,358900
2023,11,Sunday,Weekend,metro_bus,149800
2023,11,Sunday,Weekend,metro_train,226750
2023,11,Sunday,Weekend,regional_bus,12950
2023,11,Sunday,Weekend,regional_train,25300
2023,11,Sunday,Weekend,metro_tram,260350
2023,11,Thursday,Normal Weekday,metro_bus,411700
2023,11,Thursday,Normal Weekday,metro_train,600950
2023,11,Thursday,Normal Weekday,regional_bus,42750
2023,11,Thursday,Normal Weekday,regional_train,55650
2023,11,Thursday,Normal Weekday,metro_tram,491600
2023,11,Tuesday,Normal Weekday,metro_bus,406100
2023,11,Tuesday,Normal Weekday,metro_train,583950
2023,11,Tuesday,Normal Weekday,regional_bus,41400
2023,11,Tuesday,Normal Weekday,regional_train,54450
2023,11,Tuesday,Normal Weekday,metro_tram,485650
2023,11,Wednesday,Normal Weekday,metro_bus,392900
2023,11,Wednesday,Normal Weekday,metro_train,558350
2023,11,Wednesday,Normal Weekday,regional_bus,39150
2023,11,Wednesday,Normal Weekday,regional_train,54000
2023,11,Wednesday,Normal Weekday,metro_tram,469200
2023,12,Friday,Normal Weekday,metro_bus,375700
2023,12,Friday,Normal Weekday,metro_train,552500
2023,12,Friday,Normal Weekday,regional_bus,39250
2023,12,Friday,Normal Weekday,regional_train,55600
2023,12,Friday,Normal Weekday,metro_tram,525000
2023,12,Friday,School Holiday Weekday,metro_bus,279100
2023,12,Friday,School Holiday Weekday,metro_train,406450
2023,12,Friday,School Holiday Weekday,regional_bus,26850
2023,12,Friday,School Holiday Weekday,regional_train,46300
2023,12,Friday,School Holiday Weekday,metro_tram,407200
2023,12,Monday,Normal Weekday,metro_bus,353450
2023,12,Monday,Normal Weekday,metro_train,479000
2023,12,Monday,Normal Weekday,regional_bus,36300
2023,12,Monday,Normal Weekday,regional_train,47850
2023,12,Monday,Normal Weekday,metro_tram,451400
2023,12,Saturday,Weekend,metro_bus,194900
2023,12,Saturday,Weekend,metro_train,311650
2023,12,Saturday,Weekend,regional_bus,20600
2023,12,Saturday,Weekend,regional_train,34250
2023,12,Saturday,Weekend,metro_tram,312550
2023,12,Sunday,Weekend,metro_bus,149650
2023,12,Sunday,Weekend,metro_train,247450
2023,12,Sunday,Weekend,regional_bus,12400
2023,12,Sunday,Weekend,regional_train,26950
2023,12,Sunday,Weekend,metro_tram,242350
2023,12,Thursday,Normal Weekday,metro_bus,406250
2023,12,Thursday,Normal Weekday,metro_train,600050
2023,12,Thursday,Normal Weekday,regional_bus,40850
2023,12,Thursday,Normal Weekday,regional_train,57050
2023,12,Thursday,Normal Weekday,metro_tram,555950
2023,12,Thursday,School Holiday Weekday,metro_bus,290800
2023,12,Thursday,School Holiday Weekday,metro_train,440950
2023,12,Thursday,School Holiday Weekday,regional_bus,29500
2023,12,Thursday,School Holiday Weekday,regional_train,50550
2023,12,Thursday,School Holiday Weekday,metro_tram,416250
2023,12,Tuesday,Normal Weekday,metro_bus,380200
2023,12,Tuesday,Normal Weekday,metro_train,560350
2023,12,Tuesday,Normal Weekday,regional_bus,37000
2023,12,Tuesday,Normal Weekday,regional_train,54400
2023,12,Tuesday,Normal Weekday,metro_tram,512950
2023,12,Wednesday,Normal Weekday,metro_bus,381900
2023,12,Wednesday,Normal Weekday,metro_train,575450
2023,12,Wednesday,Normal Weekday,regional_bus,36850
2023,12,Wednesday,Normal Weekday,regional_train,47900
2023,12,Wednesday,Normal Weekday,metro_tram,525200
2023,12,Wednesday,School Holiday Weekday,metro_bus,225250
2023,12,Wednesday,School Holiday Weekday,metro_train,334400
2023,12,Wednesday,School Holiday Weekday,regional_bus,21450
2023,12,Wednesday,School Holiday Weekday,regional_train,44200
2023,12,Wednesday,School Holiday Weekday,metro_tram,336200
2024,1,Friday,School Holiday Weekday,metro_bus,301800
2024,1,Friday,School Holiday Weekday,metro_train,416500
2024,1,Friday,School Holiday Weekday,regional_bus,28100
2024,1,Friday,School Holiday Weekday,regional_train,47600
2024,1,Friday,School Holiday Weekday,metro_tram,420900
2024,1,Monday,School Holiday Weekday,metro_bus,310150
2024,1,Monday,School Holiday Weekday,metro_train,447950
2024,1,Monday,School Holiday Weekday,regional_bus,26800
2024,1,Monday,School Holiday Weekday,regional_train,49000
2024,1,Monday,School Holiday Weekday,metro_tram,414600
2024,1,Saturday,Weekend,metro_bus,205750
2024,1,Saturday,Weekend,metro_train,318550
2024,1,Saturday,Weekend,regional_bus,20500
2024,1,Saturday,Weekend,regional_train,36200
2024,1,Saturday,Weekend,metro_tram,332600
2024,1,Sunday,Weekend,metro_bus,139500
2024,1,Sunday,Weekend,metro_train,249650
2024,1,Sunday,Weekend,regional_bus,11500
2024,1,Sunday,Weekend,regional_train,26350
2024,1,Sunday,Weekend,metro_tram,242700
2024,1,Thursday,School Holiday Weekday,metro_bus,328200
2024,1,Thursday,School Holiday Weekday,metro_train,492750
2024,1,Thursday,School Holiday Weekday,regional_bus,28900
2024,1,Thursday,School Holiday Weekday,regional_train,49550
2024,1,Thursday,School Holiday Weekday,metro_tram,447950
2024,1,Tuesday,Normal Weekday,metro_bus,388550
2024,1,Tuesday,Normal Weekday,metro_train,550550
2024,1,Tuesday,Normal Weekday,regional_bus,31500
2024,1,Tuesday,Normal Weekday,regional_train,55600
2024,1,Tuesday,Normal Weekday,metro_tram,480200
2024,1,Tuesday,School Holiday Weekday,metro_bus,310450
2024,1,Tuesday,School Holiday Weekday,metro_train,476800
2024,1,Tuesday,School Holiday Weekday,regional_bus,27050
2024,1,Tuesday,School Holiday Weekday,regional_train,51800
2024,1,Tuesday,School Holiday Weekday,metro_tram,421150
2024,1,Wednesday,Normal Weekday,metro_bus,401700
2024,1,Wednesday,Normal Weekday,metro_train,538650
2024,1,Wednesday,Normal Weekday,regional_bus,33650
2024,1,Wednesday,Normal Weekday,regional_train,56450
2024,1,Wednesday,Normal Weekday,metro_tram,500800
2024,1,Wednesday,School Holiday Weekday,metro_bus,302050
2024,1,Wednesday,School Holiday Weekday,metro_train,463800
2024,1,Wednesday,School Holiday Weekday,regional_bus,25900
2024,1,Wednesday,School Holiday Weekday,regional_train,52450
2024,1,Wednesday,School Holiday Weekday,metro_tram,421200
2024,2,Friday,Normal Weekday,metro_bus,404350
2024,2,Friday,Normal Weekday,metro_train,559400
2024,2,Friday,Normal Weekday,regional_bus,38450
2024,2,Friday,Normal Weekday,regional_train,49000
2024,2,Friday,Normal Weekday,metro_tram,498700
2024,2,Monday,Normal Weekday,metro_bus,413700
2024,2,Monday,Normal Weekday,metro_train,538500
2024,2,Monday,Normal Weekday,regional_bus,37400
2024,2,Monday,Normal Weekday,regional_train,42700
2024,2,Monday,Normal Weekday,metro_tram,461350
2024,2,Saturday,Weekend,metro_bus,228700
2024,2,Saturday,Weekend,metro_train,385450
2024,2,Saturday,Weekend,regional_bus,19400
2024,2,Saturday,Weekend,regional_train,37600
2024,2,Saturday,Weekend,metro_tram,428350
2024,2,Sunday,Weekend,metro_bus,157050
2024,2,Sunday,Weekend,metro_train,275700
2024,2,Sunday,Weekend,regional_bus,11550
2024,2,Sunday,Weekend,regional_train,26700
2024,2,Sunday,Weekend,metro_tram,304600
2024,2,Thursday,Normal Weekday,metro_bus,432150
2024,2,Thursday,Normal Weekday,metro_train,610500
2024,2,Thursday,Normal Weekday,regional_bus,38800
2024,2,Thursday,Normal Weekday,regional_train,57700
2024,2,Thursday,Normal Weekday,metro_tram,515150
2024,2,Tuesday,Normal Weekday,metro_bus,435650
2024,2,Tuesday,Normal Weekday,metro_train,621100
2024,2,Tuesday,Normal Weekday,regional_bus,38250
2024,2,Tuesday,Normal Weekday,regional_train,58650
2024,2,Tuesday,Normal Weekday,metro_tram,505750
2024,2,Wednesday,Normal Weekday,metro_bus,430800
2024,2,Wednesday,Normal Weekday,metro_train,625450
2024,2,Wednesday,Normal Weekday,regional_bus,38400
2024,2,Wednesday,Normal Weekday,regional_train,59050
2024,2,Wednesday,Normal Weekday,metro_tram,514100
2024,3,Friday,Normal Weekday,metro_bus,429300
2024,3,Friday,Normal Weekday,metro_train,619650
2024,3,Friday,Normal Weekday,regional_bus,41350
2024,3,Friday,Normal Weekday,regional_train,47700
2024,3,Friday,Normal Weekday,metro_tram,545000
2024,3,Monday,Normal Weekday,metro_bus,430500
2024,3,Monday,Normal Weekday,metro_train,595550
2024,3,Monday,Normal Weekday,regional_bus,41400
2024,3,Monday,Normal Weekday,regional_train,57300
2024,3,Monday,Normal Weekday,metro_tram,516850
2024,3,Saturday,Weekend,metro_bus,234350
2024,3,Saturday,Weekend,metro_train,373450
2024,3,Saturday,Weekend,regional_bus,17850
2024,3,Saturday,Weekend,regional_train,40350
2024,3,Saturday,Weekend,metro_tram,421900
2024,3,Sunday,Weekend,metro_bus,160850
2024,3,Sunday,Weekend,metro_train,278600
2024,3,Sunday,Weekend,regional_bus,11200
2024,3,Sunday,Weekend,regional_train,29500
2024,3,Sunday,Weekend,metro_tram,304000
2024,3,Thursday,Normal Weekday,metro_bus,455750
2024,3,Thursday,Normal Weekday,metro_train,719500
2024,3,Thursday,Normal Weekday,regional_bus,43850
2024,3,Thursday,Normal Weekday,regional_train,66850
2024,3,Thursday,Normal Weekday,metro_tram,572350
2024,3,Tuesday,Normal Weekday,metro_bus,446350
2024,3,Tuesday,Normal Weekday,metro_train,685350
2024,3,Tuesday,Normal Weekday,regional_bus,43050
2024,3,Tuesday,Normal Weekday,regional_train,68300
2024,3,Tuesday,Normal Weekday,metro_tram,564500
2024,3,Wednesday,Normal Weekday,metro_bus,448250
2024,3,Wednesday,Normal Weekday,metro_train,683550
2024,3,Wednesday,Normal Weekday,regional_bus,43400
2024,3,Wednesday,Normal Weekday,regional_train,68300
2024,3,Wednesday,Normal Weekday,metro_tram,582900
2024,4,Friday,Normal Weekday,metro_bus,364550
2024,4,Friday,Normal Weekday,metro_train,535250
2024,4,Friday,Normal Weekday,regional_bus,39950
2024,4,Friday,Normal Weekday,regional_train,53150
2024,4,Friday,Normal Weekday,metro_tram,512800
2024,4,Friday,School Holiday Weekday,metro_bus,347100
2024,4,Friday,School Holiday Weekday,metro_train,567450
2024,4,Friday,School Holiday Weekday,regional_bus,36300
2024,4,Friday,School Holiday Weekday,regional_train,63600
2024,4,Friday,School Holiday Weekday,metro_tram,533100
2024,4,Monday,Normal Weekday,metro_bus,382800
2024,4,Monday,Normal Weekday,metro_train,566800
2024,4,Monday,Normal Weekday,regional_bus,40950
2024,4,Monday,Normal Weekday,regional_train,56450
2024,4,Monday,Normal Weekday,metro_tram,475750
2024,4,Monday,School Holiday Weekday,metro_bus,354900
2024,4,Monday,School Holiday Weekday,metro_train,547950
2024,4,Monday,School Holiday Weekday,regional_bus,35200
2024,4,Monday,School Holiday Weekday,regional_train,60550
2024,4,Monday,School Holiday Weekday,metro_tram,497250
2024,4,Saturday,Weekend,metro_bus,225550
2024,4,Saturday,Weekend,metro_train,382700
2024,4,Saturday,Weekend,regional_bus,18000
2024,4,Saturday,Weekend,regional_train,41000
2024,4,Saturday,Weekend,metro_tram,479500
2024,4,Sunday,Weekend,metro_bus,152650
2024,4,Sunday,Weekend,metro_train,245700
2024,4,Sunday,Weekend,regional_bus,10800
2024,4,Sunday,Weekend,regional_train,28350
2024,4,Sunday,Weekend,metro_tram,333700
2024,4,Thursday,Normal Weekday,metro_bus,407950
2024,4,Thursday,Normal Weekday,metro_train,693100
2024,4,Thursday,Normal Weekday,regional_bus,43000
2024,4,Thursday,Normal Weekday,regional_train,62300
2024,4,Thursday,Normal Weekday,metro_tram,552900
2024,4,Thursday,School Holiday Weekday,metro_bus,375550
2024,4,Thursday,School Holiday Weekday,metro_train,640300
2024,4,Thursday,School Holiday Weekday,regional_bus,37650
2024,4,Thursday,School Holiday Weekday,regional_train,66300
2024,4,Thursday,School Holiday Weekday,metro_tram,558550
2024,4,Tuesday,Normal Weekday,metro_bus,410150
2024,4,Tuesday,Normal Weekday,metro_train,662850
2024,4,Tuesday,Normal Weekday,regional_bus,42200
2024,4,Tuesday,Normal Weekday,regional_train,63000
2024,4,Tuesday,Normal Weekday,metro_tram,532300
2024,4,Tuesday,School Holiday Weekday,metro_bus,333500
2024,4,Tuesday,School Holiday Weekday,metro_train,551450
2024,4,Tuesday,School Holiday Weekday,regional_bus,33350
2024,4,Tuesday,School Holiday Weekday,regional_train,60150
2024,4,Tuesday,School Holiday Weekday,metro_tram,498300
2024,4,Wednesday,Normal Weekday,metro_bus,406900
2024,4,Wednesday,Normal Weekday,metro_train,691700
2024,4,Wednesday,Normal Weekday,regional_bus,44300
2024,4,Wednesday,Normal Weekday,regional_train,65600
2024,4,Wednesday,Normal Weekday,metro_tram,554300
2024,4,Wednesday,School Holiday Weekday,metro_bus,356300
2024,4,Wednesday,School Holiday Weekday,metro_train,585350
2024,4,Wednesday,School Holiday Weekday,regional_bus,35700
2024,4,Wednesday,School Holiday Weekday,regional_train,63500
2024,4,Wednesday,School Holiday Weekday,metro_tram,542050
2024,5,Friday,Normal Weekday,metro_bus,360800
2024,5,Friday,Normal Weekday,metro_train,572100
2024,5,Friday,Normal Weekday,regional_bus,40400
2024,5,Friday,Normal Weekday,regional_train,57300
2024,5,Friday,Normal Weekday,metro_tram,481350
2024,5,Monday,Normal Weekday,metro_bus,365150
2024,5,Monday,Normal Weekday,metro_train,533700
2024,5,Monday,Normal Weekday,regional_bus,39150
2024,5,Monday,Normal Weekday,regional_train,52650
2024,5,Monday,Normal Weekday,metro_tram,439300
2024,5,Saturday,Weekend,metro_bus,222700
2024,5,Saturday,Weekend,metro_train,365900
2024,5,Saturday,Weekend,regional_bus,17350
2024,5,Saturday,Weekend,regional_train,42050
2024,5,Saturday,Weekend,metro_tram,400800
2024,5,Sunday,Weekend,metro_bus,148000
2024,5,Sunday,Weekend,metro_train,253350
2024,5,Sunday,Weekend,regional_bus,10200
2024,5,Sunday,Weekend,regional_train,32350
2024,5,Sunday,Weekend,metro_tram,278300
2024,5,Thursday,Normal Weekday,metro_bus,390200
2024,5,Thursday,Normal Weekday,metro_train,642700
2024,5,Thursday,Normal Weekday,regional_bus,42450
2024,5,Thursday,Normal Weekday,regional_train,62100
2024,5,Thursday,Normal Weekday,metro_tram,508300
2024,5,Tuesday,Normal Weekday,metro_bus,392100
2024,5,Tuesday,Normal Weekday,metro_train,622600
2024,5,Tuesday,Normal Weekday,regional_bus,41550
2024,5,Tuesday,Normal Weekday,regional_train,60750
2024,5,Tuesday,Normal Weekday,metro_tram,487500
2024,5,Wednesday,Normal Weekday,metro_bus,397950
2024,5,Wednesday,Normal Weekday,metro_train,641150
2024,5,Wednesday,Normal Weekday,regional_bus,42700
2024,5,Wednesday,Normal Weekday,regional_train,62550
2024,5,Wednesday,Normal Weekday,metro_tram,508550
2024,6,Friday,Normal Weekday,metro_bus,354100
2024,6,Friday,Normal Weekday,metro_train,527550
2024,6,Friday,Normal Weekday,regional_bus,37400
2024,6,Friday,Normal Weekday,regional_train,55650
2024,6,Friday,Normal Weekday,metro_tram,442750
2024,6,Monday,Normal Weekday,metro_bus,347300
2024,6,Monday,Normal Weekday,metro_train,500200
2024,6,Monday,Normal Weekday,regional_bus,37350
2024,6,Monday,Normal Weekday,regional_train,51500
2024,6,Monday,Normal Weekday,metro_tram,403150
2024,6,Saturday,Weekend,metro_bus,199950
2024,6,Saturday,Weekend,metro_train,338500
2024,6,Saturday,Weekend,regional_bus,16450
2024,6,Saturday,Weekend,regional_train,38500
2024,6,Saturday,Weekend,metro_tram,349950
2024,6,Sunday,Weekend,metro_bus,139300
2024,6,Sunday,Weekend,metro_train,258350
2024,6,Sunday,Weekend,regional_bus,10300
2024,6,Sunday,Weekend,regional_train,30450
2024,6,Sunday,Weekend,metro_tram,246350
2024,6,Thursday,Normal Weekday,metro_bus,374500
2024,6,Thursday,Normal Weekday,metro_train,573850
2024,6,Thursday,Normal Weekday,regional_bus,39600
2024,6,Thursday,Normal Weekday,regional_train,57650
2024,6,Thursday,Normal Weekday,metro_tram,463500
2024,6,Tuesday,Normal Weekday,metro_bus,360200
2024,6,Tuesday,Normal Weekday,metro_train,564000
2024,6,Tuesday,Normal Weekday,regional_bus,37000
2024,6,Tuesday,Normal Weekday,regional_train,56550
2024,6,Tuesday,Normal Weekday,metro_tram,443050
2024,6,Wednesday,Normal Weekday,metro_bus,369300
2024,6,Wednesday,Normal Weekday,metro_train,582150
2024,6,Wednesday,Normal Weekday,regional_bus,38750
2024,6,Wednesday,Normal Weekday,regional_train,60550
2024,6,Wednesday,Normal Weekday,metro_tram,459900
2024,7,Friday,Normal Weekday,metro_bus,384550
2024,7,Friday,Normal Weekday,metro_train,548450
2024,7,Friday,Normal Weekday,regional_bus,39250
2024,7,Friday,Normal Weekday,regional_train,58700
2024,7,Friday,Normal Weekday,metro_tram,481800
2024,7,Friday,School Holiday Weekday,metro_bus,319700
2024,7,Friday,School Holiday Weekday,metro_train,553500
2024,7,Friday,School Holiday Weekday,regional_bus,33000
2024,7,Friday,School Holiday Weekday,regional_train,62250
2024,7,Friday,School Holiday Weekday,metro_tram,446950
2024,7,Monday,Normal Weekday,metro_bus,374200
2024,7,Monday,Normal Weekday,metro_train,516200
2024,7,Monday,Normal Weekday,regional_bus,37650
2024,7,Monday,Normal Weekday,regional_train,52450
2024,7,Monday,Normal Weekday,metro_tram,432400
2024,7,Monday,School Holiday Weekday,metro_bus,320350
2024,7,Monday,School Holiday Weekday,metro_train,464650
2024,7,Monday,School Holiday Weekday,regional_bus,31600
2024,7,Monday,School Holiday Weekday,regional_train,49800
2024,7,Monday,School Holiday Weekday,metro_tram,394500
2024,7,Saturday,Weekend,metro_bus,190350
2024,7,Saturday,Weekend,metro_train,336100
2024,7,Saturday,Weekend,regional_bus,16750
2024,7,Saturday,Weekend,regional_train,41350
2024,7,Saturday,Weekend,metro_tram,350900
2024,7,Sunday,Weekend,metro_bus,142300
2024,7,Sunday,Weekend,metro_train,255050
2024,7,Sunday,Weekend,regional_bus,10300
2024,7,Sunday,Weekend,regional_train,30100
2024,7,Sunday,Weekend,metro_tram,251600
2024,7,Thursday,Normal Weekday,metro_bus,400350
2024,7,Thursday,Normal Weekday,metro_train,597250
2024,7,Thursday,Normal Weekday,regional_bus,40000
2024,7,Thursday,Normal Weekday,regional_train,61250
2024,7,Thursday,Normal Weekday,metro_tram,502600
2024,7,Thursday,School Holiday Weekday,metro_bus,339400
2024,7,Thursday,School Holiday Weekday,metro_train,550100
2024,7,Thursday,School Holiday Weekday,regional_bus,33200
2024,7,Thursday,School Holiday Weekday,regional_train,62050
2024,7,Thursday,School Holiday Weekday,metro_tram,455200
2024,7,Tuesday,Normal Weekday,metro_bus,417900
2024,7,Tuesday,Normal Weekday,metro_train,607100
2024,7,Tuesday,Normal Weekday,regional_bus,39950
2024,7,Tuesday,Normal Weekday,regional_train,58050
2024,7,Tuesday,Normal Weekday,metro_tram,490650
2024,7,Tuesday,School Holiday Weekday,metro_bus,319000
2024,7,Tuesday,School Holiday Weekday,metro_train,526150
2024,7,Tuesday,School Holiday Weekday,regional_bus,30750
2024,7,Tuesday,School Holiday Weekday,regional_train,57450
2024,7,Tuesday,School Holiday Weekday,metro_tram,421200
2024,7,Wednesday,Normal Weekday,metro_bus,418650
2024,7,Wednesday,Normal Weekday,metro_train,608000
2024,7,Wednesday,Normal Weekday,regional_bus,41550
2024,7,Wednesday,Normal Weekday,regional_train,61900
2024,7,Wednesday,Normal Weekday,metro_tram,503900
2024,7,Wednesday,School Holiday Weekday,metro_bus,350100
2024,7,Wednesday,School Holiday Weekday,metro_train,552850
2024,7,Wednesday,School Holiday Weekday,regional_bus,36000
2024,7,Wednesday,School Holiday Weekday,regional_train,62050
2024,7,Wednesday,School Holiday Weekday,metro_tram,462200
2024,8,Friday,Normal Weekday,metro_bus,393400
2024,8,Friday,Normal Weekday,metro_train,571750
2024,8,Friday,Normal Weekday,regional_bus,38300
2024,8,Friday,Normal Weekday,regional_train,57700
2024,8,Friday,Normal Weekday,metro_tram,484100
2024,8,Monday,Normal Weekday,metro_bus,400700
2024,8,Monday,Normal Weekday,metro_train,557450
2024,8,Monday,Normal Weekday,regional_bus,38300
2024,8,Monday,Normal Weekday,regional_train,54750
2024,8,Monday,Normal Weekday,metro_tram,450200
2024,8,Saturday,Weekend,metro_bus,206050
2024,8,Saturday,Weekend,metro_train,362500
2024,8,Saturday,Weekend,regional_bus,18150
2024,8,Saturday,Weekend,regional_train,41200
2024,8,Saturday,Weekend,metro_tram,373200
2024,8,Sunday,Weekend,metro_bus,147250
2024,8,Sunday,Weekend,metro_train,305700
2024,8,Sunday,Weekend,regional_bus,11200
2024,8,Sunday,Weekend,regional_train,33300
2024,8,Sunday,Weekend,metro_tram,276250
2024,8,Thursday,Normal Weekday,metro_bus,431250
2024,8,Thursday,Normal Weekday,metro_train,638550
2024,8,Thursday,Normal Weekday,regional_bus,41100
2024,8,Thursday,Normal Weekday,regional_train,62300
2024,8,Thursday,Normal Weekday,metro_tram,507150
2024,8,Tuesday,Normal Weekday,metro_bus,423950
2024,8,Tuesday,Normal Weekday,metro_train,645200
2024,8,Tuesday,Normal Weekday,regional_bus,39200
2024,8,Tuesday,Normal Weekday,regional_train,63100
2024,8,Tuesday,Normal Weekday,metro_tram,494950
2024,8,Wednesday,Normal Weekday,metro_bus,424100
2024,8,Wednesday,Normal Weekday,metro_train,638350
2024,8,Wednesday,Normal Weekday,regional_bus,39800
2024,8,Wednesday,Normal Weekday,regional_train,62900
2024,8,Wednesday,Normal Weekday,metro_tram,501750
2024,9,Friday,Normal Weekday,metro_bus,371750
2024,9,Friday,Normal Weekday,metro_train,573200
2024,9,Friday,Normal Weekday,regional_bus,33700
2024,9,Friday,Normal Weekday,regional_train,58600
2024,9,Friday,Normal Weekday,metro_tram,438800
2024,9,Monday,Normal Weekday,metro_bus,362850
2024,9,Monday,Normal Weekday,metro_train,511150
2024,9,Monday,Normal Weekday,regional_bus,31500
2024,9,Monday,Normal Weekday,regional_train,52650
2024,9,Monday,Normal Weekday,metro_tram,394900
2024,9,Monday,School Holiday Weekday,metro_bus,350050
2024,9,Monday,School Holiday Weekday,metro_train,522100
2024,9,Monday,School Holiday Weekday,regional_bus,30500
2024,9,Monday,School Holiday Weekday,regional_train,58550
2024,9,Monday,School Holiday Weekday,metro_tram,440850
2024,9,Saturday,Weekend,metro_bus,190300
2024,9,Saturday,Weekend,metro_train,364600
2024,9,Saturday,Weekend,regional_bus,17750
2024,9,Saturday,Weekend,regional_train,40550
2024,9,Saturday,Weekend,metro_tram,323300
2024,9,Sunday,Weekend,metro_bus,130400
2024,9,Sunday,Weekend,metro_train,211450
2024,9,Sunday,Weekend,regional_bus,10650
2024,9,Sunday,Weekend,regional_train,25950
2024,9,Sunday,Weekend,metro_tram,220750
2024,9,Thursday,Normal Weekday,metro_bus,398150
2024,9,Thursday,Normal Weekday,metro_train,622550
2024,9,Thursday,Normal Weekday,regional_bus,37000
2024,9,Thursday,Normal Weekday,regional_train,63800
2024,9,Thursday,Normal Weekday,metro_tram,453750
2024,9,Thursday,School Holiday Weekday,metro_bus,365050
2024,9,Thursday,School Holiday Weekday,metro_train,606350
2024,9,Thursday,School Holiday Weekday,regional_bus,33300
2024,9,Thursday,School Holiday Weekday,regional_train,68900
2024,9,Thursday,School Holiday Weekday,metro_tram,507000
2024,9,Tuesday,Normal Weekday,metro_bus,413500
2024,9,Tuesday,Normal Weekday,metro_train,632950
2024,9,Tuesday,Normal Weekday,regional_bus,37050
2024,9,Tuesday,Normal Weekday,regional_train,63700
2024,9,Tuesday,Normal Weekday,metro_tram,469750
2024,9,Tuesday,School Holiday Weekday,metro_bus,373000
2024,9,Tuesday,School Holiday Weekday,metro_train,600700
2024,9,Tuesday,School Holiday Weekday,regional_bus,31200
2024,9,Tuesday,School Holiday Weekday,regional_train,68300
2024,9,Tuesday,School Holiday Weekday,metro_tram,503000
2024,9,Wednesday,Normal Weekday,metro_bus,404300
2024,9,Wednesday,Normal Weekday,metro_train,621600
2024,9,Wednesday,Normal Weekday,regional_bus,38300
2024,9,Wednesday,Normal Weekday,regional_train,63400
2024,9,Wednesday,Normal Weekday,metro_tram,451150
2024,9,Wednesday,School Holiday Weekday,metro_bus,311700
2024,9,Wednesday,School Holiday Weekday,metro_train,550200
2024,9,Wednesday,School Holiday Weekday,regional_bus,27750
2024,9,Wednesday,School Holiday Weekday,regional_train,62700
2024,9,Wednesday,School Holiday Weekday,metro_tram,463650
2024,10,Friday,Normal Weekday,metro_bus,370700
2024,10,Friday,Normal Weekday,metro_train,524000
2024,10,Friday,Normal Weekday,regional_bus,35100
2024,10,Friday,Normal Weekday,regional_train,59600
2024,10,Friday,Normal Weekday,metro_tram,499750
2024,10,Friday,School Holiday Weekday,metro_bus,347400
2024,10,Friday,School Holiday Weekday,metro_train,534750
2024,10,Friday,School Holiday Weekday,regional_bus,30200
2024,10,Friday,School Holiday Weekday,regional_train,60500
2024,10,Friday,School Holiday Weekday,metro_tram,470900
2024,10,Monday,Normal Weekday,metro_bus,383400
2024,10,Monday,Normal Weekday,metro_train,526050
2024,10,Monday,Normal Weekday,regional_bus,35300
2024,10,Monday,Normal Weekday,regional_train,56850
2024,10,Monday,Normal Weekday,metro_tram,472350
2024,10,Saturday,Weekend,metro_bus,205500
2024,10,Saturday,Weekend,metro_train,350200
2024,10,Saturday,Weekend,regional_bus,20000
2024,10,Saturday,Weekend,regional_train,42250
2024,10,Saturday,Weekend,metro_tram,401650
2024,10,Sunday,Weekend,metro_bus,142000
2024,10,Sunday,Weekend,metro_train,248650
2024,10,Sunday,Weekend,regional_bus,12400
2024,10,Sunday,Weekend,regional_train,32050
2024,10,Sunday,Weekend,metro_tram,274150
2024,10,Thursday,Normal Weekday,metro_bus,415000
2024,10,Thursday,Normal Weekday,metro_train,630200
2024,10,Thursday,Normal Weekday,regional_bus,38400
2024,10,Thursday,Normal Weekday,regional_train,67000
2024,10,Thursday,Normal Weekday,metro_tram,542150
2024,10,Thursday,School Holiday Weekday,metro_bus,396900
2024,10,Thursday,School Holiday Weekday,metro_train,659050
2024,10,Thursday,School Holiday Weekday,regional_bus,33350
2024,10,Thursday,School Holiday Weekday,regional_train,73700
2024,10,Thursday,School Holiday Weekday,metro_tram,523500
2024,10,Tuesday,Normal Weekday,metro_bus,417100
2024,10,Tuesday,Normal Weekday,metro_train,627500
2024,10,Tuesday,Normal Weekday,regional_bus,37850
2024,10,Tuesday,Normal Weekday,regional_train,66750
2024,10,Tuesday,Normal Weekday,metro_tram,530200
2024,10,Tuesday,School Holiday Weekday,metro_bus,382450
2024,10,Tuesday,School Holiday Weekday,metro_train,631350
2024,10,Tuesday,School Holiday Weekday,regional_bus,30250
2024,10,Tuesday,School Holiday Weekday,regional_train,65850
2024,10,Tuesday,School Holiday Weekday,metro_tram,489550
2024,10,Wednesday,Normal Weekday,metro_bus,419200
2024,10,Wednesday,Normal Weekday,metro_train,640100
2024,10,Wednesday,Normal Weekday,regional_bus,36550
2024,10,Wednesday,Normal Weekday,regional_train,70050
2024,10,Wednesday,Normal Weekday,metro_tram,550400
2024,10,Wednesday,School Holiday Weekday,metro_bus,387650
2024,10,Wednesday,School Holiday Weekday,metro_train,639750
2024,10,Wednesday,School Holiday Weekday,regional_bus,32800
2024,10,Wednesday,School Holiday Weekday,regional_train,69950
2024,10,Wednesday,School Holiday Weekday,metro_tram,508650
2024,11,Friday,Normal Weekday,metro_bus,376300
2024,11,Friday,Normal Weekday,metro_train,535300
2024,11,Friday,Normal Weekday,regional_bus,30800
2024,11,Friday,Normal Weekday,regional_train,60350
2024,11,Friday,Normal Weekday,metro_tram,522850
2024,11,Monday,Normal Weekday,metro_bus,352150
2024,11,Monday,Normal Weekday,metro_train,504150
2024,11,Monday,Normal Weekday,regional_bus,27950
2024,11,Monday,Normal Weekday,regional_train,56850
2024,11,Monday,Normal Weekday,metro_tram,460500
2024,11,Saturday,Weekend,metro_bus,201050
2024,11,Saturday,Weekend,metro_train,337650
2024,11,Saturday,Weekend,regional_bus,17050
2024,11,Saturday,Weekend,regional_train,41950
2024,11,Saturday,Weekend,metro_tram,377900
2024,11,Sunday,Weekend,metro_bus,139550
2024,11,Sunday,Weekend,metro_train,229700
2024,11,Sunday,Weekend,regional_bus,11600
2024,11,Sunday,Weekend,regional_train,28250
2024,11,Sunday,Weekend,metro_tram,259700
2024,11,Thursday,Normal Weekday,metro_bus,402600
2024,11,Thursday,Normal Weekday,metro_train,631250
2024,11,Thursday,Normal Weekday,regional_bus,31500
2024,11,Thursday,Normal Weekday,regional_train,63200
2024,11,Thursday,Normal Weekday,metro_tram,546500
2024,11,Tuesday,Normal Weekday,metro_bus,408050
2024,11,Tuesday,Normal Weekday,metro_train,609450
2024,11,Tuesday,Normal Weekday,regional_bus,36150
2024,11,Tuesday,Normal Weekday,regional_train,64450
2024,11,Tuesday,Normal Weekday,metro_tram,544050
2024,11,Wednesday,Normal Weekday,metro_bus,376800
2024,11,Wednesday,Normal Weekday,metro_train,586750
2024,11,Wednesday,Normal Weekday,regional_bus,30000
2024,11,Wednesday,Normal Weekday,regional_train,65000
2024,11,Wednesday,Normal Weekday,metro_tram,527700
2024,12,Friday,Normal Weekday,metro_bus,365350
2024,12,Friday,Normal Weekday,metro_train,539600
2024,12,Friday,Normal Weekday,regional_bus,34250
2024,12,Friday,Normal Weekday,regional_train,62650
2024,12,Friday,Normal Weekday,metro_tram,543950
2024,12,Friday,School Holiday Weekday,metro_bus,233600
2024,12,Friday,School Holiday Weekday,metro_train,380950
2024,12,Friday,School Holiday Weekday,regional_bus,22800
2024,12,Friday,School Holiday Weekday,regional_train,54450
2024,12,Friday,School Holiday Weekday,metro_tram,353000
2024,12,Monday,Normal Weekday,metro_bus,353700
2024,12,Monday,Normal Weekday,metro_train,462800
2024,12,Monday,Normal Weekday,regional_bus,30600
2024,12,Monday,Normal Weekday,regional_train,52300
2024,12,Monday,Normal Weekday,metro_tram,449800
2024,12,Monday,School Holiday Weekday,metro_bus,249900
2024,12,Monday,School Holiday Weekday,metro_train,354400
2024,12,Monday,School Holiday Weekday,regional_bus,26350
2024,12,Monday,School Holiday Weekday,regional_train,47250
2024,12,Monday,School Holiday Weekday,metro_tram,351350
2024,12,Saturday,Weekend,metro_bus,204850
2024,12,Saturday,Weekend,metro_train,334350
2024,12,Saturday,Weekend,regional_bus,20100
2024,12,Saturday,Weekend,regional_train,41700
2024,12,Saturday,Weekend,metro_tram,402850
2024,12,Sunday,Weekend,metro_bus,153350
2024,12,Sunday,Weekend,metro_train,249750
2024,12,Sunday,Weekend,regional_bus,12550
2024,12,Sunday,Weekend,regional_train,30200
2024,12,Sunday,Weekend,metro_tram,310400
2024,12,Thursday,Normal Weekday,metro_bus,398150
2024,12,Thursday,Normal Weekday,metro_train,587650
2024,12,Thursday,Normal Weekday,regional_bus,35900
2024,12,Thursday,Normal Weekday,regional_train,63750
2024,12,Thursday,Normal Weekday,metro_tram,569350
2024,12,Tuesday,Normal Weekday,metro_bus,395000
2024,12,Tuesday,Normal Weekday,metro_train,573900
2024,12,Tuesday,Normal Weekday,regional_bus,34500
2024,12,Tuesday,Normal Weekday,regional_train,61950
2024,12,Tuesday,Normal Weekday,metro_tram,543500
2024,12,Tuesday,School Holiday Weekday,metro_bus,222200
2024,12,Tuesday,School Holiday Weekday,metro_train,300250
2024,12,Tuesday,School Holiday Weekday,regional_bus,22850
2024,12,Tuesday,School Holiday Weekday,regional_train,43100
2024,12,Tuesday,School Holiday Weekday,metro_tram,282600
2024,12,Wednesday,Normal Weekday,metro_bus,402650
2024,12,Wednesday,Normal Weekday,metro_train,604300
2024,12,Wednesday,Normal Weekday,regional_bus,35500
2024,12,Wednesday,Normal Weekday,regional_train,66600
2024,12,Wednesday,Normal Weekday,metro_tram,566950
2025,1,Friday,Normal Weekday,metro_bus,368400
2025,1,Friday,Normal Weekday,metro_train,503000
2025,1,Friday,Normal Weekday,regional_bus,33650
2025,1,Friday,Normal Weekday,regional_train,45650
2025,1,Friday,Normal Weekday,metro_tram,471700
2025,1,Friday,School Holiday Weekday,metro_bus,294200
2025,1,Friday,School Holiday Weekday,metro_train,427800
2025,1,Friday,School Holiday Weekday,regional_bus,25500
2025,1,Friday,School Holiday Weekday,regional_train,53300
2025,1,Friday,School Holiday Weekday,metro_tram,427000
2025,1,Monday,School Holiday Weekday,metro_bus,289300
2025,1,Monday,School Holiday Weekday,metro_train,443600
2025,1,Monday,School Holiday Weekday,regional_bus,22800
2025,1,Monday,School Holiday Weekday,regional_train,53100
2025,1,Monday,School Holiday Weekday,metro_tram,400600
2025,1,Saturday,Weekend,metro_bus,187200
2025,1,Saturday,Weekend,metro_train,297150
2025,1,Saturday,Weekend,regional_bus,15250
2025,1,Saturday,Weekend,regional_train,37400
2025,1,Saturday,Weekend,metro_tram,404850
2025,1,Sunday,Weekend,metro_bus,128750
2025,1,Sunday,Weekend,metro_train,246550
2025,1,Sunday,Weekend,regional_bus,8800
2025,1,Sunday,Weekend,regional_train,29300
2025,1,Sunday,Weekend,metro_tram,288200
2025,1,Thursday,Normal Weekday,metro_bus,379750
2025,1,Thursday,Normal Weekday,metro_train,575900
2025,1,Thursday,Normal Weekday,regional_bus,32700
2025,1,Thursday,Normal Weekday,regional_train,48700
2025,1,Thursday,Normal Weekday,metro_tram,485000
2025,1,Thursday,School Holiday Weekday,metro_bus,312050
2025,1,Thursday,School Holiday Weekday,metro_train,482300
2025,1,Thursday,School Holiday Weekday,regional_bus,25850
2025,1,Thursday,School Holiday Weekday,regional_train,59000
2025,1,Thursday,School Holiday Weekday,metro_tram,449050
2025,1,Tuesday,School Holiday Weekday,metro_bus,336550
2025,1,Tuesday,School Holiday Weekday,metro_train,527550
2025,1,Tuesday,School Holiday Weekday,regional_bus,26700
2025,1,Tuesday,School Holiday Weekday,regional_train,61000
2025,1,Tuesday,School Holiday Weekday,metro_tram,463600
2025,1,Wednesday,Normal Weekday,metro_bus,359250
2025,1,Wednesday,Normal Weekday,metro_train,539900
2025,1,Wednesday,Normal Weekday,regional_bus,30550
2025,1,Wednesday,Normal Weekday,regional_train,60600
2025,1,Wednesday,Normal Weekday,metro_tram,470650
2025,1,Wednesday,School Holiday Weekday,metro_bus,324000
2025,1,Wednesday,School Holiday Weekday,metro_train,519850
2025,1,Wednesday,School Holiday Weekday,regional_bus,27000
2025,1,Wednesday,School Holiday Weekday,regional_train,62800
2025,1,Wednesday,School Holiday Weekday,metro_tram,469200
2025,2,Friday,Normal Weekday,metro_bus,380750
2025,2,Friday,Normal Weekday,metro_train,554150
2025,2,Friday,Normal Weekday,regional_bus,35750
2025,2,Friday,Normal Weekday,regional_train,61900
2025,2,Friday,Normal Weekday,metro_tram,492550
2025,2,Monday,Normal Weekday,metro_bus,375550
2025,2,Monday,Normal Weekday,metro_train,523050
2025,2,Monday,Normal Weekday,regional_bus,33800
2025,2,Monday,Normal Weekday,regional_train,53400
2025,2,Monday,Normal Weekday,metro_tram,442850
2025,2,Saturday,Weekend,metro_bus,200100
2025,2,Saturday,Weekend,metro_train,309650
2025,2,Saturday,Weekend,regional_bus,16150
2025,2,Saturday,Weekend,regional_train,38150
2025,2,Saturday,Weekend,metro_tram,475350
2025,2,Sunday,Weekend,metro_bus,140500
2025,2,Sunday,Weekend,metro_train,217550
2025,2,Sunday,Weekend,regional_bus,9750
2025,2,Sunday,Weekend,regional_train,26500
2025,2,Sunday,Weekend,metro_tram,342250
2025,2,Thursday,Normal Weekday,metro_bus,400300
2025,2,Thursday,Normal Weekday,metro_train,623000
2025,2,Thursday,Normal Weekday,regional_bus,37050
2025,2,Thursday,Normal Weekday,regional_train,65500
2025,2,Thursday,Normal Weekday,metro_tram,508850
2025,2,Tuesday,Normal Weekday,metro_bus,399050
2025,2,Tuesday,Normal Weekday,metro_train,614800
2025,2,Tuesday,Normal Weekday,regional_bus,34850
2025,2,Tuesday,Normal Weekday,regional_train,64100
2025,2,Tuesday,Normal Weekday,metro_tram,496600
2025,2,Wednesday,Normal Weekday,metro_bus,398500
2025,2,Wednesday,Normal Weekday,metro_train,613650
2025,2,Wednesday,Normal Weekday,regional_bus,35500
2025,2,Wednesday,Normal Weekday,regional_train,65000
2025,2,Wednesday,Normal Weekday,metro_tram,506300
2025,3,Friday,Normal Weekday,metro_bus,412850
2025,3,Friday,Normal Weekday,metro_train,660000
2025,3,Friday,Normal Weekday,regional_bus,37200
2025,3,Friday,Normal Weekday,regional_train,71500
2025,3,Friday,Normal Weekday,metro_tram,519800
2025,3,Monday,Normal Weekday,metro_bus,417000
2025,3,Monday,Normal Weekday,metro_train,601350
2025,3,Monday,Normal Weekday,regional_bus,37150
2025,3,Monday,Normal Weekday,regional_train,59500
2025,3,Monday,Normal Weekday,metro_tram,490350
2025,3,Saturday,Weekend,metro_bus,221400
2025,3,Saturday,Weekend,metro_train,388550
2025,3,Saturday,Weekend,regional_bus,18700
2025,3,Saturday,Weekend,regional_train,47550
2025,3,Saturday,Weekend,metro_tram,527700
2025,3,Sunday,Weekend,metro_bus,147100
2025,3,Sunday,Weekend,metro_train,256850
2025,3,Sunday,Weekend,regional_bus,11000
2025,3,Sunday,Weekend,regional_train,31050
2025,3,Sunday,Weekend,metro_tram,361850
2025,3,Thursday,Normal Weekday,metro_bus,441750
2025,3,Thursday,Normal Weekday,metro_train,747100
2025,3,Thursday,Normal Weekday,regional_bus,39150
2025,3,Thursday,Normal Weekday,regional_train,75650
2025,3,Thursday,Normal Weekday,metro_tram,552550
2025,3,Tuesday,Normal Weekday,metro_bus,446750
2025,3,Tuesday,Normal Weekday,metro_train,699400
2025,3,Tuesday,Normal Weekday,regional_bus,39750
2025,3,Tuesday,Normal Weekday,regional_train,70000
2025,3,Tuesday,Normal Weekday,metro_tram,543100
2025,3,Wednesday,Normal Weekday,metro_bus,442250
2025,3,Wednesday,Normal Weekday,metro_train,702550
2025,3,Wednesday,Normal Weekday,regional_bus,39300
2025,3,Wednesday,Normal Weekday,regional_train,71200
2025,3,Wednesday,Normal Weekday,metro_tram,547700
2025,4,Friday,Normal Weekday,metro_bus,393200
2025,4,Friday,Normal Weekday,metro_train,580950
2025,4,Friday,Normal Weekday,regional_bus,32150
2025,4,Friday,Normal Weekday,regional_train,55550
2025,4,Friday,Normal Weekday,metro_tram,500400
2025,4,Friday,School Holiday Weekday,metro_bus,369700
2025,4,Friday,School Holiday Weekday,metro_train,568750
2025,4,Friday,School Holiday Weekday,regional_bus,30550
2025,4,Friday,School Holiday Weekday,regional_train,58900
2025,4,Friday,School Holiday Weekday,metro_tram,511950
2025,4,Monday,Normal Weekday,metro_bus,404100
2025,4,Monday,Normal Weekday,metro_train,568450
2025,4,Monday,Normal Weekday,regional_bus,36050
2025,4,Monday,Normal Weekday,regional_train,61400
2025,4,Monday,Normal Weekday,metro_tram,458050
2025,4,Monday,School Holiday Weekday,metro_bus,370300
2025,4,Monday,School Holiday Weekday,metro_train,532400
2025,4,Monday,School Holiday Weekday,regional_bus,29700
2025,4,Monday,School Holiday Weekday,regional_train,59650
2025,4,Monday,School Holiday Weekday,metro_tram,465150
2025,4,Saturday,Weekend,metro_bus,216500
2025,4,Saturday,Weekend,metro_train,329750
2025,4,Saturday,Weekend,regional_bus,18200
2025,4,Saturday,Weekend,regional_train,40200
2025,4,Saturday,Weekend,metro_tram,454000
2025,4,Sunday,Weekend,metro_bus,151150
2025,4,Sunday,Weekend,metro_train,271950
2025,4,Sunday,Weekend,regional_bus,10850
2025,4,Sunday,Weekend,regional_train,33000
2025,4,Sunday,Weekend,metro_tram,321350
2025,4,Thursday,Normal Weekday,metro_bus,401150
2025,4,Thursday,Normal Weekday,metro_train,672100
2025,4,Thursday,Normal Weekday,regional_bus,36550
2025,4,Thursday,Normal Weekday,regional_train,63800
2025,4,Thursday,Normal Weekday,metro_tram,511900
2025,4,Thursday,School Holiday Weekday,metro_bus,400000
2025,4,Thursday,School Holiday Weekday,metro_train,598450
2025,4,Thursday,School Holiday Weekday,regional_bus,32400
2025,4,Thursday,School Holiday Weekday,regional_train,68100
2025,4,Thursday,School Holiday Weekday,metro_tram,534000
2025,4,Tuesday,Normal Weekday,metro_bus,399850
2025,4,Tuesday,Normal Weekday,metro_train,608100
2025,4,Tuesday,Normal Weekday,regional_bus,36150
2025,4,Tuesday,Normal Weekday,regional_train,62550
2025,4,Tuesday,Normal Weekday,metro_tram,488100
2025,4,Tuesday,School Holiday Weekday,metro_bus,400850
2025,4,Tuesday,School Holiday Weekday,metro_train,623500
2025,4,Tuesday,School Holiday Weekday,regional_bus,31850
2025,4,Tuesday,School Holiday Weekday,regional_train,68050
2025,4,Tuesday,School Holiday Weekday,metro_tram,540650
2025,4,Wednesday,Normal Weekday,metro_bus,412400
2025,4,Wednesday,Normal Weekday,metro_train,620050
2025,4,Wednesday,Normal Weekday,regional_bus,36950
2025,4,Wednesday,Normal Weekday,regional_train,64100
2025,4,Wednesday,Normal Weekday,metro_tram,512100
2025,4,Wednesday,School Holiday Weekday,metro_bus,396800
2025,4,Wednesday,School Holiday Weekday,metro_train,639700
2025,4,Wednesday,School Holiday Weekday,regional_bus,32500
2025,4,Wednesday,School Holiday Weekday,regional_train,66950
2025,4,Wednesday,School Holiday Weekday,metro_tram,544850
2025,5,Friday,Normal Weekday,metro_bus,381900
2025,5,Friday,Normal Weekday,metro_train,606250
2025,5,Friday,Normal Weekday,regional_bus,32500
2025,5,Friday,Normal Weekday,regional_train,65500
2025,5,Friday,Normal Weekday,metro_tram,484400
2025,5,Monday,Normal Weekday,metro_bus,388750
2025,5,Monday,Normal Weekday,metro_train,559650
2025,5,Monday,Normal Weekday,regional_bus,32300
2025,5,Monday,Normal Weekday,regional_train,59500
2025,5,Monday,Normal Weekday,metro_tram,445300
2025,5,Saturday,Weekend,metro_bus,209450
2025,5,Saturday,Weekend,metro_train,372250
2025,5,Saturday,Weekend,regional_bus,16100
2025,5,Saturday,Weekend,regional_train,46600
2025,5,Saturday,Weekend,metro_tram,456550
2025,5,Sunday,Weekend,metro_bus,150650
2025,5,Sunday,Weekend,metro_train,283450
2025,5,Sunday,Weekend,regional_bus,9700
2025,5,Sunday,Weekend,regional_train,34950
2025,5,Sunday,Weekend,metro_tram,338750
2025,5,Thursday,Normal Weekday,metro_bus,414850
2025,5,Thursday,Normal Weekday,metro_train,658600
2025,5,Thursday,Normal Weekday,regional_bus,35600
2025,5,Thursday,Normal Weekday,regional_train,69900
2025,5,Thursday,Normal Weekday,metro_tram,517950
2025,5,Tuesday,Normal Weekday,metro_bus,411300
2025,5,Tuesday,Normal Weekday,metro_train,656300
2025,5,Tuesday,Normal Weekday,regional_bus,34050
2025,5,Tuesday,Normal Weekday,regional_train,68700
2025,5,Tuesday,Normal Weekday,metro_tram,499650
2025,5,Wednesday,Normal Weekday,metro_bus,387700
2025,5,Wednesday,Normal Weekday,metro_train,642000
2025,5,Wednesday,Normal Weekday,regional_bus,31450
2025,5,Wednesday,Normal Weekday,regional_train,69000
2025,5,Wednesday,Normal Weekday,metro_tram,503650
2025,6,Friday,Normal Weekday,metro_bus,352450
2025,6,Friday,Normal Weekday,metro_train,504500
2025,6,Friday,Normal Weekday,regional_bus,31300
2025,6,Friday,Normal Weekday,regional_train,57200
2025,6,Friday,Normal Weekday,metro_tram,420650
2025,6,Monday,Normal Weekday,metro_bus,345600
2025,6,Monday,Normal Weekday,metro_train,499650
2025,6,Monday,Normal Weekday,regional_bus,29000
2025,6,Monday,Normal Weekday,regional_train,54400
2025,6,Monday,Normal Weekday,metro_tram,387000
2025,6,Saturday,Weekend,metro_bus,192500
2025,6,Saturday,Weekend,metro_train,333750
2025,6,Saturday,Weekend,regional_bus,15300
2025,6,Saturday,Weekend,regional_train,43100
2025,6,Saturday,Weekend,metro_tram,391500
2025,6,Sunday,Weekend,metro_bus,134750
2025,6,Sunday,Weekend,metro_train,235200
2025,6,Sunday,Weekend,regional_bus,8550
2025,6,Sunday,Weekend,regional_train,29700
2025,6,Sunday,Weekend,metro_tram,284900
2025,6,Thursday,Normal Weekday,metro_bus,382600
2025,6,Thursday,Normal Weekday,metro_train,598950
2025,6,Thursday,Normal Weekday,regional_bus,34200
2025,6,Thursday,Normal Weekday,regional_train,63900
2025,6,Thursday,Normal Weekday,metro_tram,466150
2025,6,Tuesday,Normal Weekday,metro_bus,364500
2025,6,Tuesday,Normal Weekday,metro_train,572950
2025,6,Tuesday,Normal Weekday,regional_bus,30550
2025,6,Tuesday,Normal Weekday,regional_train,60900
2025,6,Tuesday,Normal Weekday,metro_tram,433000
2025,6,Wednesday,Normal Weekday,metro_bus,367550
2025,6,Wednesday,Normal Weekday,metro_train,574400
2025,6,Wednesday,Normal Weekday,regional_bus,30700
2025,6,Wednesday,Normal Weekday,regional_train,61750
2025,6,Wednesday,Normal Weekday,metro_tram,448550
2025,7,Friday,Normal Weekday,metro_bus,352750
2025,7,Friday,Normal Weekday,metro_train,545700
2025,7,Friday,Normal Weekday,regional_bus,32050
2025,7,Friday,Normal Weekday,regional_train,57550
2025,7,Friday,Normal Weekday,metro_tram,426800
2025,7,Friday,School Holiday Weekday,metro_bus,336450
2025,7,Friday,School Holiday Weekday,metro_train,454500
2025,7,Friday,School Holiday Weekday,regional_bus,29150
2025,7,Friday,School Holiday Weekday,regional_train,61250
2025,7,Friday,School Holiday Weekday,metro_tram,424800
2025,7,Monday,Normal Weekday,metro_bus,381650
2025,7,Monday,Normal Weekday,metro_train,519500
2025,7,Monday,Normal Weekday,regional_bus,32600
2025,7,Monday,Normal Weekday,regional_train,54050
2025,7,Monday,Normal Weekday,metro_tram,400600
2025,7,Monday,School Holiday Weekday,metro_bus,336650
2025,7,Monday,School Holiday Weekday,metro_train,453250
2025,7,Monday,School Holiday Weekday,regional_bus,28800
2025,7,Monday,School Holiday Weekday,regional_train,56750
2025,7,Monday,School Holiday Weekday,metro_tram,398800
2025,7,Saturday,Weekend,metro_bus,200050
2025,7,Saturday,Weekend,metro_train,335300
2025,7,Saturday,Weekend,regional_bus,16000
2025,7,Saturday,Weekend,regional_train,40500
2025,7,Saturday,Weekend,metro_tram,399450
2025,7,Sunday,Weekend,metro_bus,141300
2025,7,Sunday,Weekend,metro_train,249350
2025,7,Sunday,Weekend,regional_bus,9900
2025,7,Sunday,Weekend,regional_train,29700
2025,7,Sunday,Weekend,metro_tram,281000
2025,7,Thursday,Normal Weekday,metro_bus,398550
2025,7,Thursday,Normal Weekday,metro_train,622150
2025,7,Thursday,Normal Weekday,regional_bus,35950
2025,7,Thursday,Normal Weekday,regional_train,64650
2025,7,Thursday,Normal Weekday,metro_tram,458050
2025,7,Thursday,School Holiday Weekday,metro_bus,302900
2025,7,Thursday,School Holiday Weekday,metro_train,511600
2025,7,Thursday,School Holiday Weekday,regional_bus,25450
2025,7,Thursday,School Holiday Weekday,regional_train,65500
2025,7,Thursday,School Holiday Weekday,metro_tram,444700
2025,7,Tuesday,Normal Weekday,metro_bus,359200
2025,7,Tuesday,Normal Weekday,metro_train,592300
2025,7,Tuesday,Normal Weekday,regional_bus,28950
2025,7,Tuesday,Normal Weekday,regional_train,62400
2025,7,Tuesday,Normal Weekday,metro_tram,431200
2025,7,Tuesday,School Holiday Weekday,metro_bus,340600
2025,7,Tuesday,School Holiday Weekday,metro_train,500200
2025,7,Tuesday,School Holiday Weekday,regional_bus,29650
2025,7,Tuesday,School Holiday Weekday,regional_train,62800
2025,7,Tuesday,School Holiday Weekday,metro_tram,430600
2025,7,Wednesday,Normal Weekday,metro_bus,374550
2025,7,Wednesday,Normal Weekday,metro_train,581800
2025,7,Wednesday,Normal Weekday,regional_bus,34450
2025,7,Wednesday,Normal Weekday,regional_train,63000
2025,7,Wednesday,Normal Weekday,metro_tram,432500
2025,7,Wednesday,School Holiday Weekday,metro_bus,354450
2025,7,Wednesday,School Holiday Weekday,metro_train,509500
2025,7,Wednesday,School Holiday Weekday,regional_bus,30400
2025,7,Wednesday,School Holiday Weekday,regional_train,67700
2025,7,Wednesday,School Holiday Weekday,metro_tram,455900
2025,8,Friday,Normal Weekday,metro_bus,371550
2025,8,Friday,Normal Weekday,metro_train,550900
2025,8,Friday,Normal Weekday,regional_bus,32750
2025,8,Friday,Normal Weekday,regional_train,60850
2025,8,Friday,Normal Weekday,metro_tram,418000
2025,8,Monday,Normal Weekday,metro_bus,387250
2025,8,Monday,Normal Weekday,metro_train,544700
2025,8,Monday,Normal Weekday,regional_bus,33200
2025,8,Monday,Normal Weekday,regional_train,59950
2025,8,Monday,Normal Weekday,metro_tram,392600
2025,8,Saturday,Weekend,metro_bus,192850
2025,8,Saturday,Weekend,metro_train,339400
2025,8,Saturday,Weekend,regional_bus,15300
2025,8,Saturday,Weekend,regional_train,37900
2025,8,Saturday,Weekend,metro_tram,384600
2025,8,Sunday,Weekend,metro_bus,141450
2025,8,Sunday,Weekend,metro_train,244100
2025,8,Sunday,Weekend,regional_bus,9350
2025,8,Sunday,Weekend,regional_train,29500
2025,8,Sunday,Weekend,metro_tram,267550
2025,8,Thursday,Normal Weekday,metro_bus,414600
2025,8,Thursday,Normal Weekday,metro_train,663200
2025,8,Thursday,Normal Weekday,regional_bus,35500
2025,8,Thursday,Normal Weekday,regional_train,70750
2025,8,Thursday,Normal Weekday,metro_tram,453700
2025,8,Tuesday,Normal Weekday,metro_bus,399350
2025,8,Tuesday,Normal Weekday,metro_train,615950
2025,8,Tuesday,Normal Weekday,regional_bus,33050
2025,8,Tuesday,Normal Weekday,regional_train,68000
2025,8,Tuesday,Normal Weekday,metro_tram,425750
2025,8,Wednesday,Normal Weekday,metro_bus,405750
2025,8,Wednesday,Normal Weekday,metro_train,612650
2025,8,Wednesday,Normal Weekday,regional_bus,34350
2025,8,Wednesday,Normal Weekday,regional_train,66850
2025,8,Wednesday,Normal Weekday,metro_tram,443300
2025,9,Friday,Normal Weekday,metro_bus,346150
2025,9,Friday,Normal Weekday,metro_train,582750
2025,9,Friday,Normal Weekday,regional_bus,29600
2025,9,Friday,Normal Weekday,regional_train,65200
2025,9,Friday,Normal Weekday,metro_tram,427250
2025,9,Monday,Normal Weekday,metro_bus,365000
2025,9,Monday,Normal Weekday,metro_train,512350
2025,9,Monday,Normal Weekday,regional_bus,34100
2025,9,Monday,Normal Weekday,regional_train,56450
2025,9,Monday,Normal Weekday,metro_tram,388600
2025,9,Monday,School Holiday Weekday,metro_bus,338650
2025,9,Monday,School Holiday Weekday,metro_train,486000
2025,9,Monday,School Holiday Weekday,regional_bus,30150
2025,9,Monday,School Holiday Weekday,regional_train,63450
2025,9,Monday,School Holiday Weekday,metro_tram,385350
2025,9,Saturday,Weekend,metro_bus,176100
2025,9,Saturday,Weekend,metro_train,337900
2025,9,Saturday,Weekend,regional_bus,15050
2025,9,Saturday,Weekend,regional_train,39700
2025,9,Saturday,Weekend,metro_tram,345850
2025,9,Sunday,Weekend,metro_bus,118950
2025,9,Sunday,Weekend,metro_train,199200
2025,9,Sunday,Weekend,regional_bus,8750
2025,9,Sunday,Weekend,regional_train,28500
2025,9,Sunday,Weekend,metro_tram,239150
2025,9,Thursday,Normal Weekday,metro_bus,394800
2025,9,Thursday,Normal Weekday,metro_train,591750
2025,9,Thursday,Normal Weekday,regional_bus,35400
2025,9,Thursday,Normal Weekday,regional_train,66150
2025,9,Thursday,Normal Weekday,metro_tram,445100
2025,9,Thursday,School Holiday Weekday,metro_bus,372200
2025,9,Thursday,School Holiday Weekday,metro_train,600450
2025,9,Thursday,School Holiday Weekday,regional_bus,32050
2025,9,Thursday,School Holiday Weekday,regional_train,72150
2025,9,Thursday,School Holiday Weekday,metro_tram,458950
2025,9,Tuesday,Normal Weekday,metro_bus,384800
2025,9,Tuesday,Normal Weekday,metro_train,593500
2025,9,Tuesday,Normal Weekday,regional_bus,34500
2025,9,Tuesday,Normal Weekday,regional_train,65000
2025,9,Tuesday,Normal Weekday,metro_tram,430050
2025,9,Tuesday,School Holiday Weekday,metro_bus,361500
2025,9,Tuesday,School Holiday Weekday,metro_train,556450
2025,9,Tuesday,School Holiday Weekday,regional_bus,29750
2025,9,Tuesday,School Holiday Weekday,regional_train,71400
2025,9,Tuesday,School Holiday Weekday,metro_tram,430500
2025,9,Wednesday,Normal Weekday,metro_bus,395300
2025,9,Wednesday,Normal Weekday,metro_train,580400
2025,9,Wednesday,Normal Weekday,regional_bus,34850
2025,9,Wednesday,Normal Weekday,regional_train,66150
2025,9,Wednesday,Normal Weekday,metro_tram,439500
2025,9,Wednesday,School Holiday Weekday,metro_bus,366700
2025,9,Wednesday,School Holiday Weekday,metro_train,531250
2025,9,Wednesday,School Holiday Weekday,regional_bus,30650
2025,9,Wednesday,School Holiday Weekday,regional_train,76850
2025,9,Wednesday,School Holiday Weekday,metro_tram,438150
2025,10,Friday,Normal Weekday,metro_bus,374250
2025,10,Friday,Normal Weekday,metro_train,546650
2025,10,Friday,Normal Weekday,regional_bus,34600
2025,10,Friday,Normal Weekday,regional_train,64500
2025,10,Friday,Normal Weekday,metro_tram,431550
2025,10,Friday,School Holiday Weekday,metro_bus,345600
2025,10,Friday,School Holiday Weekday,metro_train,506300
2025,10,Friday,School Holiday Weekday,regional_bus,31100
2025,10,Friday,School Holiday Weekday,regional_train,64600
2025,10,Friday,School Holiday Weekday,metro_tram,432050
2025,10,Monday,Normal Weekday,metro_bus,366350
2025,10,Monday,Normal Weekday,metro_train,503800
2025,10,Monday,Normal Weekday,regional_bus,33350
2025,10,Monday,Normal Weekday,regional_train,57400
2025,10,Monday,Normal Weekday,metro_tram,389850
2025,10,Saturday,Weekend,metro_bus,185150
2025,10,Saturday,Weekend,metro_train,331050
2025,10,Saturday,Weekend,regional_bus,15550
2025,10,Saturday,Weekend,regional_train,43900
2025,10,Saturday,Weekend,metro_tram,385050
2025,10,Sunday,Weekend,metro_bus,115700
2025,10,Sunday,Weekend,metro_train,213050
2025,10,Sunday,Weekend,regional_bus,8650
2025,10,Sunday,Weekend,regional_train,29600
2025,10,Sunday,Weekend,metro_tram,233450
2025,10,Thursday,Normal Weekday,metro_bus,410350
2025,10,Thursday,Normal Weekday,metro_train,606950
2025,10,Thursday,Normal Weekday,regional_bus,37500
2025,10,Thursday,Normal Weekday,regional_train,69550
2025,10,Thursday,Normal Weekday,metro_tram,456750
2025,10,Thursday,School Holiday Weekday,metro_bus,340700
2025,10,Thursday,School Holiday Weekday,metro_train,564700
2025,10,Thursday,School Holiday Weekday,regional_bus,28000
2025,10,Thursday,School Holiday Weekday,regional_train,69000
2025,10,Thursday,School Holiday Weekday,metro_tram,435200
2025,10,Tuesday,Normal Weekday,metro_bus,410300
2025,10,Tuesday,Normal Weekday,metro_train,602350
2025,10,Tuesday,Normal Weekday,regional_bus,37450
2025,10,Tuesday,Normal Weekday,regional_train,67550
2025,10,Tuesday,Normal Weekday,metro_tram,435450
2025,10,Wednesday,Normal Weekday,metro_bus,395300
2025,10,Wednesday,Normal Weekday,metro_train,587950
2025,10,Wednesday,Normal Weekday,regional_bus,33900
2025,10,Wednesday,Normal Weekday,regional_train,68700
2025,10,Wednesday,Normal Weekday,metro_tram,439550
2025,10,Wednesday,School Holiday Weekday,metro_bus,362000
2025,10,Wednesday,School Holiday Weekday,metro_train,578450
2025,10,Wednesday,School Holiday Weekday,regional_bus,31050
2025,10,Wednesday,School Holiday Weekday,regional_train,71200
2025,10,Wednesday,School Holiday Weekday,metro_tram,448550
2025,11,Friday,Normal Weekday,metro_bus,373350
2025,11,Friday,Normal Weekday,metro_train,513350
2025,11,Friday,Normal Weekday,regional_bus,34650
2025,11,Friday,Normal Weekday,regional_train,59800
2025,11,Friday,Normal Weekday,metro_tram,473700
2025,11,Monday,Normal Weekday,metro_bus,333500
2025,11,Monday,Normal Weekday,metro_train,461800
2025,11,Monday,Normal Weekday,regional_bus,30550
2025,11,Monday,Normal Weekday,regional_train,53400
2025,11,Monday,Normal Weekday,metro_tram,393300
2025,11,Saturday,Weekend,metro_bus,180600
2025,11,Saturday,Weekend,metro_train,337550
2025,11,Saturday,Weekend,regional_bus,15450
2025,11,Saturday,Weekend,regional_train,43600
2025,11,Saturday,Weekend,metro_tram,361950
2025,11,Sunday,Weekend,metro_bus,128700
2025,11,Sunday,Weekend,metro_train,225400
2025,11,Sunday,Weekend,regional_bus,9150
2025,11,Sunday,Weekend,regional_train,30050
2025,11,Sunday,Weekend,metro_tram,270750
2025,11,Thursday,Normal Weekday,metro_bus,400600
2025,11,Thursday,Normal Weekday,metro_train,604050
2025,11,Thursday,Normal Weekday,regional_bus,36100
2025,11,Thursday,Normal Weekday,regional_train,65200
2025,11,Thursday,Normal Weekday,metro_tram,498850
2025,11,Tuesday,Normal Weekday,metro_bus,374750
2025,11,Tuesday,Normal Weekday,metro_train,573300
2025,11,Tuesday,Normal Weekday,regional_bus,33950
2025,11,Tuesday,Normal Weekday,regional_train,61100
2025,11,Tuesday,Normal Weekday,metro_tram,472400
2025,11,Wednesday,Normal Weekday,metro_bus,392900
2025,11,Wednesday,Normal Weekday,metro_train,588200
2025,11,Wednesday,Normal Weekday,regional_bus,34550
2025,11,Wednesday,Normal Weekday,regional_train,64850
2025,11,Wednesday,Normal Weekday,metro_tram,485550
2025,12,Friday,Normal Weekday,metro_bus,343700
2025,12,Friday,Normal Weekday,metro_train,568400
2025,12,Friday,Normal Weekday,regional_bus,32150
2025,12,Friday,Normal Weekday,regional_train,65700
2025,12,Friday,Normal Weekday,metro_tram,462700
2025,12,Monday,Normal Weekday,metro_bus,333150
2025,12,Monday,Normal Weekday,metro_train,494500
2025,12,Monday,Normal Weekday,regional_bus,30600
2025,12,Monday,Normal Weekday,regional_train,55200
2025,12,Monday,Normal Weekday,metro_tram,400100
2025,12,Monday,School Holiday Weekday,metro_bus,235650
2025,12,Monday,School Holiday Weekday,metro_train,331250
2025,12,Monday,School Holiday Weekday,regional_bus,25200
2025,12,Monday,School Holiday Weekday,regional_train,44100
2025,12,Monday,School Holiday Weekday,metro_tram,320600
2025,12,Thursday,Normal Weekday,metro_bus,355900
2025,12,Thursday,Normal Weekday,metro_train,597250
2025,12,Thursday,Normal Weekday,regional_bus,32150
2025,12,Thursday,Normal Weekday,regional_train,66900
2025,12,Thursday,Normal Weekday,metro_tram,470750
2025,12,Tuesday,Normal Weekday,metro_bus,367400
2025,12,Tuesday,Normal Weekday,metro_train,582300
2025,12,Tuesday,Normal Weekday,regional_bus,33350
2025,12,Tuesday,Normal Weekday,regional_train,63150
2025,12,Tuesday,Normal Weekday,metro_tram,461800
2025,12,Tuesday,School Holiday Weekday,metro_bus,238900
2025,12,Tuesday,School Holiday Weekday,metro_train,346900
2025,12,Tuesday,School Holiday Weekday,regional_bus,25700
2025,12,Tuesday,School Holiday Weekday,regional_train,46300
2025,12,Tuesday,School Holiday Weekday,metro_tram,328350
2025,12,Wednesday,Normal Weekday,metro_bus,366350
2025,12,Wednesday,Normal Weekday,metro_train,595050
2025,12,Wednesday,Normal Weekday,regional_bus,33450
2025,12,Wednesday,Normal Weekday,regional_train,68450
2025,12,Wednesday,Normal Weekday,metro_tram,477950
2025,12,Wednesday,School Holiday Weekday,metro_bus,198600
2025,12,Wednesday,School Holiday Weekday,metro_train,286150
2025,12,Wednesday,School Holiday Weekday,regional_bus,21700
2025,12,Wednesday,School Holiday Weekday,regional_train,44200
2025,12,Wednesday,School Holiday Weekday,metro_tram,243150
2026,1,Friday,Normal Weekday,metro_bus,334300
2026,1,Friday,Normal Weekday,metro_train,515350
2026,1,Friday,Normal Weekday,regional_bus,31550
2026,1,Friday,Normal Weekday,regional_train,54350
2026,1,Friday,School Holiday Weekday,metro_bus,246150
2026,1,Friday,School Holiday Weekday,metro_train,382300
2026,1,Friday,School Holiday Weekday,regional_bus,24350
2026,1,Friday,School Holiday Weekday,regional_train,33300
2026,1,Monday,School Holiday Weekday,metro_bus,284700
2026,1,Monday,School Holiday Weekday,metro_train,459250
2026,1,Monday,School Holiday Weekday,regional_bus,27000
2026,1,Monday,School Holiday Weekday,regional_train,34550
2026,1,Thursday,Normal Weekday,metro_bus,355600
2026,1,Thursday,Normal Weekday,metro_train,598050
2026,1,Thursday,Normal Weekday,regional_bus,34300
2026,1,Thursday,Normal Weekday,regional_train,62550
2026,1,Thursday,School Holiday Weekday,metro_bus,303700
2026,1,Thursday,School Holiday Weekday,metro_train,521600
2026,1,Thursday,School Holiday Weekday,regional_bus,27000
2026,1,Thursday,School Holiday Weekday,regional_train,38350
2026,1,Tuesday,School Holiday Weekday,metro_bus,283150
2026,1,Tuesday,School Holiday Weekday,metro_train,486200
2026,1,Tuesday,School Holiday Weekday,regional_bus,26000
2026,1,Tuesday,School Holiday Weekday,regional_train,36950
2026,1,Wednesday,Normal Weekday,metro_bus,347850
2026,1,Wednesday,Normal Weekday,metro_train,582750
2026,1,Wednesday,Normal Weekday,regional_bus,31200
2026,1,Wednesday,Normal Weekday,regional_train,60350
2026,1,Wednesday,School Holiday Weekday,metro_bus,278950
2026,1,Wednesday,School Holiday Weekday,metro_train,480350
2026,1,Wednesday,School Holiday Weekday,regional_bus,25000
2026,1,Wednesday,School Holiday Weekday,regional_train,34900
